POBLACION_20DIAS_AJT,ContMalQui_Emer_Flor,TotP_Siem_Emer,TotP_Emer_Flor,FerQui_Emer_Flor,PENDIENTE_RASTA,PH_RASTA,PROFUND_RAICES_VIVAS_RASTA,Porc_Ar,Porc_AF,Porc_MUY_PLASTICO,Temp_Min_Avg_Veg,Diurnal_Range_Avg_Veg,Sol_Ener_Accu_Veg,Rain_Accu_Veg,Rhum_Avg_Veg,Temp_Max_Avg_For,Temp_Avg_For,Rhum_Avg_For,Temp_Max_Avg_Mad,Temp_Avg_Mad,MATERIAL_GENETICO_PAC 105,MATERIAL_GENETICO_PIONEER 30F35 HRR,METODO_COSECHA_Manual,METODO_COSECHA_Mecanizada,TERRENO_CIRCUN_RASTA_PLANO O LLANO,POSICION_PERFIL_RASTA_PLANO,OBSERVA_PLANTAS_PEQUENAS_RASTA_MUY AFECTADAS,OBSERVA_PLANTAS_PEQUENAS_RASTA_PLANTAS NORMALES,OBSERVA_PLANTAS_PEQUENAS_RASTA_POCO AFECTADAS,RDT_AJUSTADO
73000,0,0,0,1,4,6,34,0,0,0,24.73,9.1,15505.82,118.3,79.27,33.99,29.2,80.25,33.41,28.94,0,0,1,0,1,1,0,1,0,4576.74
60000,0,0,0,3,1,5,35,0,0,0,24.71,9.28,15239.28,189.1,79.5,34.26,29.47,78.98,33.72,29.12,0,0,1,0,1,1,0,1,0,4465.12
72000,1,0,0,4,4,5.5,24,0,0,0,24.32,8.9,14930.25,181.3,80.62,34.39,29.49,79.3,33.34,28.91,0,0,1,0,1,1,0,1,0,4991.86
71000,0,0,0,3,5,6,31,0,0,0,24.32,8.9,14930.25,181.3,80.62,34.39,29.49,79.3,33.31,28.86,0,0,1,0,1,1,0,1,0,4672.09
70000,1,0,0,3,4,5.5,33,0,0,0,24.43,8.93,15294.89,145.1,80.39,34.24,29.37,79.59,33.28,28.91,0,0,1,0,1,1,0,1,0,4576.74
60000,0,0,0,2,1,4.5,34,0,0,0,24.68,9.16,15328.78,191.8,80.22,34.28,29.49,79.12,33.64,28.99,0,0,1,0,1,1,0,1,0,4767.44
60000,0,0,0,4,1,6,27,0,0,0,24.89,9.48,15771.34,98.2,77.97,33.68,29,81.01,33.35,28.96,1,0,1,0,1,1,0,1,0,3906.98
66000,0,0,0,4,1,5,25,0,0,0,24.45,8.88,14920.64,165.5,80.83,34.64,29.75,78.57,33.38,28.76,0,0,1,0,1,1,0,0,1,2604.65
71000,2,0,15,6,4,5.5,20,0,0,0,24.82,9.4,15785.73,98.2,78.29,33.78,29.05,80.77,33.5,29.07,0,0,1,0,1,1,0,1,0,5804.65
71000,1,0,0,4,4,5.5,23,0,0,0,24.36,8.96,14658.39,198.3,80.7,34.56,29.69,78.69,33.55,28.94,0,0,1,0,1,1,0,1,0,5511.63
70000,1,0,0,3,5,6,30,0,0,0,24.98,9.53,15623.6,98.2,77.74,33.62,28.95,81.13,33.33,28.98,0,0,1,0,1,1,0,1,0,3337.21
70000,1,0,0,3,5,6,32,0,0,0,25.02,9.81,15882,62,77.14,33.5,28.9,81.9,33.39,29.03,0,0,1,0,1,1,0,1,0,3337.21
70000,1,0,0,4,4,5.5,24,0,0,0,24.31,9.01,14614.81,198.3,80.5,34.41,29.54,79.23,33.34,28.89,0,0,1,0,1,1,0,1,0,4238.37
70000,0,0,2.5,5,4,6,18,0,0,0,24.73,9.1,15505.82,118.3,79.27,33.99,29.2,80.25,33.42,28.93,1,0,1,0,1,1,0,1,0,4625.58
70000,1,0,0,4,4,5.5,24,0,0,0,24.36,8.95,15132.61,181.1,80.44,34.32,29.43,79.46,33.32,28.94,0,0,1,0,1,1,0,1,0,5441.86
67000,1,0,0,4,4,5.5,24,0,0,0,24.82,9.4,15785.73,98.2,78.29,33.78,29.05,80.77,33.39,29.02,0,0,1,0,1,1,0,1,0,4767.44
65000,1,0,0,3,4,5.5,20,0,0,0,24.89,9.48,15771.34,98.2,77.97,33.68,29,81.01,33.45,29.01,0,0,1,0,1,1,0,1,0,4576.74
71000,1,0,8.75,2,5,6,25,0,0,0,24.32,8.9,14930.25,181.3,80.62,34.39,29.49,79.3,33.26,28.87,0,0,1,0,1,0,0,1,0,4684.88
60000,0,0,0,3,1.3,6,25,0,0,0,24.36,8.95,15132.61,181.1,80.44,34.32,29.43,79.46,33.28,28.89,0,0,1,0,0,0,0,1,0,4081.4
70000,1,24,0,4,5,5,18,0,0,0,23.47,11.46,16006.31,95.8,80.84,35.06,29.14,81.09,35.2,29.19,0,0,1,0,1,1,0,1,0,4744.19
70000,1,24,0,4,5,5,20,0,0,0,23.46,11.48,15962.76,91.8,80.86,35.06,29.14,81.09,35.22,29.21,0,1,1,0,1,1,0,1,0,4651.16
62000,1,0,0,2,3,5.5,46,0,0,0,24.35,8.94,14619.55,198.3,80.67,34.52,29.63,78.92,33.47,28.9,0,0,1,0,1,1,0,1,0,5308.14
65000,1,0,15,2,1,6,25,0,0,0,23.63,9.12,16404.95,316.1,84.11,32.56,27.87,83.14,31.68,27.55,0,0,1,0,1,1,0,1,0,5244.19
64000,1,0,0,4,4,4.5,23,100,0,0,24.86,8.12,15658.82,195,80.82,33.89,29.44,80.16,32.32,28.18,0,0,1,0,0,0,0,1,0,4576.74
75500,1,23,0,3,4,5.5,20,0,0,0,25.07,9.62,15731.78,61.7,77.57,33.48,28.83,81.42,33.47,29.09,0,0,0,1,1,1,0,1,0,5547.56
73000,0,23,0,2,4,5.5,17,0,0,0,24.48,8.9,15307.87,188,80.9,34.64,29.72,78.65,33.27,28.72,0,0,0,1,1,1,0,1,0,5695.35
72000,1,0,0,4,4,6,28,0,0,0,24.79,9.1,15447.88,118.3,79.07,33.92,29.13,80.34,33.45,29.03,0,0,1,0,1,1,0,1,0,5339.53
73000,1,0,0,3,3,5,18,0,0,0,24.89,9.48,15771.34,98.2,77.97,33.68,29,81.01,33.36,28.94,0,0,1,0,1,1,0,1,0,4897.67
71000,1,0,0,3,4,6,19,0,0,0,24.36,8.95,15132.61,181.1,80.44,34.32,29.43,79.46,33.29,28.91,0,0,0,1,1,1,0,1,0,5953.49
71000,1,0,12,4,4,5,20,0,0,0,23.46,11.41,15899.72,116.3,80.95,35.25,29.31,81.02,35.17,29.18,0,0,0,1,1,1,0,1,0,4850.58
71000,1,20,10,4,5,5,21,0,0,0,23.42,11.44,16017.46,116.3,80.87,35.24,29.32,81.06,35.25,29.24,0,0,0,1,1,1,0,1,0,4651.16
70000,2,0,13.25,6,5,5,17,0,0,0,23.44,11.75,16301.31,76.7,80.85,35.03,29.14,81.2,35.5,29.42,0,0,1,0,0,1,0,1,0,4615.12
68000,1,0,0,2,4,5,25,0,0,0,24.73,9.1,15505.82,118.3,79.27,33.99,29.2,80.25,33.31,28.91,0,0,1,0,1,1,0,1,0,4632.56
72000,1,0,0,4,5,6,19,0,0,0,24.89,9.48,15771.34,98.2,77.97,33.68,29,81.01,33.4,28.96,0,0,0,1,1,1,0,1,0,5368.6
74000,1,23,0,3,4,5,23,0,0,0,24.65,9.02,15545.39,118.3,79.49,34.09,29.27,80.06,33.27,28.9,0,0,0,1,1,1,0,1,0,6511.63
71000,2,0,0,3,5,5.5,28,0,0,0,25.07,9.62,15731.78,61.7,77.57,33.48,28.83,81.42,33.91,29.33,0,0,1,0,1,1,0,1,0,2947.67
71000,1,24,20,4,5,5.5,18,0,0,0,23.44,11.41,15890.95,96.4,80.86,35.06,29.15,81.04,35.29,29.25,0,0,0,1,0,1,0,1,0,4803.49
76000,2,0,23,3,4,5,23,0,0,0,24.56,9,15314.59,145.1,79.89,34.19,29.33,79.87,33.31,28.91,0,0,0,1,1,1,0,1,0,6511.63
73000,1,0,0,3,5,6,35,0,0,0,24.73,9.1,15505.82,118.3,79.27,33.99,29.2,80.25,33.42,28.93,0,0,1,0,1,1,0,1,0,5372.09
75000,1,11.25,0,3,4,6,18,0,0,0,24.32,8.87,14849.71,198.3,80.67,34.42,29.5,79.21,33.33,28.9,0,0,0,1,1,1,0,1,0,4988.37
71000,1,0,0,2,4,6.5,32,0,0,0,24.82,9.4,15785.73,98.2,78.29,33.78,29.05,80.77,33.41,29.02,0,0,1,0,1,1,0,1,0,5244.19
73000,1,0,0,4,4,5.5,35,0,0,0,24.77,9.23,15588.59,104.6,78.77,33.86,29.08,80.52,33.37,29.01,1,0,1,0,1,1,0,1,0,5116.28
72000,1,0,0,4,5,6,26,0,0,0,24.79,9.1,15447.88,118.3,79.07,33.92,29.13,80.34,33.34,28.97,0,0,1,0,1,1,0,1,0,3527.91
70000,1,0,0,3,5,5.5,21,0,0,0,24.79,9.1,15447.88,118.3,79.07,33.92,29.13,80.34,33.56,29.05,0,0,1,0,1,1,0,1,0,3579.07
71000,2,0,0,7,4,6,25,0,0,0,25.07,9.62,15731.78,61.7,77.57,33.48,28.83,81.42,33.28,28.93,0,0,0,1,1,1,0,1,0,5308.14
70000,1,0,0,3,5,6,23,0,0,0,24.89,9.48,15771.34,98.2,77.97,33.68,29,81.01,33.43,29.03,0,0,1,0,1,1,0,1,0,3579.07
62500,0,0,0,2,4,6,21,0,0,0,24.98,9.53,15623.6,98.2,77.74,33.62,28.95,81.13,33.33,28.98,0,0,1,0,1,1,0,1,0,4615.12
71000,2,0,0,3,5,5.5,30,0,0,0,24.73,9.1,15505.82,118.3,79.27,33.99,29.2,80.25,33.5,28.96,1,0,1,0,1,1,0,1,0,2947.67
66000,1,0,0,3,5,6,31,0,0,0,25.07,9.73,15671.54,61.1,77.39,33.48,28.86,81.65,33.64,29.19,0,0,1,0,1,1,0,1,0,4238.37
73000,0,0,0,4,4,5.5,22,0,0,0,24.79,9.1,15447.88,118.3,79.07,33.92,29.13,80.34,33.34,28.97,0,0,0,1,1,1,0,1,0,4930.23
75000,2,0,0,3,3,5.5,7,0,0,0,24.98,9.53,15623.6,98.2,77.74,33.62,28.95,81.13,33.42,29.05,0,0,0,1,1,1,0,1,0,5180.23
75500,2,0,0,3,3,5.5,10,0,0,0,24.98,9.53,15623.6,98.2,77.74,33.62,28.95,81.13,33.3,28.96,0,0,0,1,1,1,0,1,0,5651.16
75000,2,23,0,1,5,6,33,0,0,0,24.89,9.48,15771.34,98.2,77.97,33.68,29,81.01,33.35,28.96,0,0,0,1,1,1,0,1,0,6626.74
73000,0,0,0,4,4,6,41,0,0,0,24.73,9.1,15505.82,118.3,79.27,33.99,29.2,80.25,33.42,28.98,0,0,1,0,1,1,0,1,0,4709.3
70000,1,0,0,3,5,6,24,0,0,0,24.89,9.48,15771.34,98.2,77.97,33.68,29,81.01,33.33,28.93,0,0,1,0,1,1,0,1,0,3623.26
65000,2,0,37.5,3,4,6,19,0,0,0,25.07,9.73,15671.54,61.1,77.39,33.48,28.86,81.65,33.67,29.23,1,0,1,0,1,1,0,1,0,4651.16
71000,1,0,0,3,4,6,25,0,31.67,0,24.77,9.23,15588.59,104.6,78.77,33.86,29.08,80.52,33.36,29.02,0,0,1,0,1,1,0,1,0,5180.23
71000,1,0,20,5,5,5,21,0,0,0,23.46,11.48,15962.76,91.8,80.86,35.06,29.14,81.09,35.3,29.27,0,0,1,0,0,1,0,1,0,4651.16
74000,2,40,0,3,5,5,21,0,0,0,23.56,10.15,16742.54,206.4,81.11,34.72,28.98,80.9,34.48,28.94,0,0,1,0,1,1,0,1,0,6593.02
74000,2,40,0,3,5,5,20,0,0,0,23.54,10.46,16959.89,158.9,80.82,34.56,28.9,80.85,34.93,29.18,0,0,1,0,1,1,0,1,0,6511.63
70000,1,0,0,3,4,6,19,0,0,0,24.53,8.78,15221.06,380.8,80.2,33.13,28.52,79.1,32.82,27.86,0,0,1,0,1,1,0,1,0,6027.91
72500,1,40,0,3,5,5.5,21,0,0,0,23.49,10.32,16693.87,233.6,81.03,34.75,29,80.89,34.34,28.82,0,0,1,0,1,1,0,1,0,5787.21
73000,1,0,0,1,4,6,36,0,0,0,24.32,8.96,14610.72,198.3,80.58,34.59,29.69,78.67,33.42,28.91,0,0,1,0,1,1,0,1,0,4744.19
73000,1,0,0,2,4,6,38,0,0,0,24.32,9.01,14608.84,198.3,80.55,34.44,29.58,79.09,33.44,28.88,0,0,1,0,1,1,0,1,0,4709.3
70000,1,0,0,1,4,6,34,0,0,0,25.07,9.73,15675.07,61.1,77.37,33.44,28.83,81.63,33.37,28.97,0,0,1,0,1,1,0,1,0,3813.95
58000,0,0,0,3,1,4.5,24,0,0,0,24.56,9,15314.59,145.1,79.89,34.19,29.33,79.87,33.32,28.95,0,0,1,0,1,1,0,0,1,4000
72000,1,15,0,3,4,6,21,0,0,0,24.19,8.94,15355.27,426.4,79.97,33.36,28.54,78.52,32.11,27.25,0,0,0,1,1,1,0,1,0,6102.33
60000,2,0,0,2,1,5.5,18,36.67,0,0,25.05,7.04,14733.47,252.1,82.55,32.88,28.97,81.41,32.72,28.8,0,0,1,0,1,1,0,1,0,5597.67
73000,1,23,0,3,3,5,12,0,0,0,25.07,9.73,15671.54,61.1,77.39,33.48,28.86,81.65,33.64,29.15,0,0,0,1,1,1,0,1,0,5368.6
70000,0,0,0,4,1.2,5.5,36,0,0,0,24.56,9,15314.59,145.1,79.89,34.19,29.33,79.87,33.3,28.88,0,0,1,0,1,1,0,0,1,1032.56
75000,2,0,0,2,1.8,6,40,0,0,0,24.73,9.1,15505.82,118.3,79.27,33.99,29.2,80.25,33.33,28.93,0,0,1,0,1,1,0,0,1,4534.88
60000,1,23,0,1,2,5,32,100,0,0,23.59,8.61,15874.54,183,80.67,32.13,27.96,82.52,32.61,28.22,0,0,0,1,1,1,0,1,0,6273.26
70000,0,0,14,2,1.8,5.5,30,0,0,0,24.98,9.53,15623.6,98.2,77.74,33.62,28.95,81.13,33.33,28.91,0,0,1,0,1,1,0,0,1,3720.93
65000,1,0,0,3,1,6,30,0,0,0,24.55,8.92,15325.4,188.5,80.9,34.5,29.63,78.79,33.58,28.97,0,0,1,0,1,1,0,1,0,4386.05
62500,1,0,0,2,1.6,6.5,36,0,0,0,24.82,9.4,15785.73,98.2,78.29,33.78,29.05,80.77,33.55,29.08,1,0,1,0,1,1,1,0,0,3627.91
13500,1,0,0,2,1,5.5,30,0,0,0,24.79,9.1,15447.88,118.3,79.07,33.92,29.13,80.34,33.38,28.96,0,0,1,0,1,1,0,1,0,4186.05
55000,1,0,0,1,2,6,17,0,0,0,23.86,10.52,15896.17,135.3,80.15,32.87,28.33,86.57,32.51,28.47,0,0,1,0,1,1,1,0,0,2543.02
71000,1,0,0,2,4,5.5,38,0,0,0,23.99,8.75,14713.04,270.2,82.28,33.63,29.07,80.28,34.73,29.26,0,0,1,0,1,1,0,1,0,3579.07
70000,2,0,0,3,4,5,35,0,0,0,24.53,8.78,15221.06,380.8,80.2,33.13,28.52,79.1,32.79,27.83,0,0,1,0,1,1,0,1,0,5368.6
65000,1,0,0,3,2,5.5,31,100,0,0,24.14,8.91,15174.77,422.8,80.05,33.27,28.43,78.63,32.14,27.45,0,0,1,0,1,1,0,0,1,5764.19
60000,0,0,0,2,2,6,22,31.67,0,0,24.73,7.07,13512.05,161,89,33.25,29.22,83.97,32.63,28.7,0,0,1,0,1,1,0,1,0,4290.7
60000,1,0,0,2,1,5.5,32,0,0,0,23.81,10.09,15001.74,182.9,80.72,33.25,28.5,86.02,32.46,28.35,0,0,1,0,1,1,0,0,1,3162.79
60000,1,0,0,2,1,5.5,13,30,0,0,24.98,9.53,15623.6,98.2,77.74,33.62,28.95,81.13,33.42,29.05,0,0,1,0,1,1,0,0,1,4290.7
70000,1,0,0,4,3,6,22,100,0,0,24.47,8.8,15353.37,414.8,80.03,33.24,28.54,78.96,32.46,27.51,0,0,0,1,1,1,0,1,0,6216.28
84000,2,15,0,3,4,6.5,34,0,0,0,24.52,8.55,15082.03,412.1,80.78,33.24,28.56,78.8,32.69,27.74,0,0,0,1,1,1,0,1,0,6325.58
55000,1,0,0,3,1,7,36,0,0,0,24.89,9.48,15771.34,98.2,77.97,33.68,29,81.01,33.45,29.01,0,1,1,0,1,1,0,1,0,4744.19
60000,1,0,0,2,2,5.5,16,36.67,0,0,24.87,7.24,15185,197.7,88.98,33.11,29.13,85.15,32.59,28.79,0,1,1,0,1,1,0,1,0,5079.07
61500,2,0,0,3,3,5.5,24,61.67,0,0,23.61,9.16,16499.64,316.1,83.94,32.51,27.84,83.06,31.67,27.54,0,0,0,1,1,1,0,1,0,6157.44
70000,0,0,0,2,3,6,33,38.33,0,0,24.29,9.01,15429.55,395.4,79.88,33.26,28.48,78.74,32.08,27.27,0,0,0,1,1,1,0,1,0,6674.42
74000,2,2.5,0,3,3,6,21,0,0,0,24.75,8.55,14874.73,347,80.33,33.18,28.57,79.06,32.89,27.9,0,0,0,1,1,1,0,1,0,6593.02
62500,1,0,0,2,1,6,23,38.33,0,0,23.86,8.97,16250.96,264.9,84.36,32.7,28.04,83.39,31.84,27.53,0,0,1,0,1,1,0,1,0,5339.53
55000,1,0,0,1,1,5.5,33,20,0,0,23.88,10.19,15308.28,182.3,80.7,33.09,28.41,86.25,32.53,28.38,0,0,1,0,1,1,0,0,1,2002.33
60000,1,0,0,1,1,6,23,51.67,0,0,24.83,7.13,14508.87,161,88.83,33.23,29.21,84.49,32.44,28.69,0,0,1,0,1,1,0,1,0,3051.16
60000,1,0,0,2,2,5.5,40,0,0,0,23.8,9.03,16382.42,332.4,84.04,32.57,27.89,83.34,31.73,27.55,0,0,1,0,1,1,0,1,0,5625.58
72000,1,0,0,4,3,6,22,100,0,0,24.19,8.88,15123.25,426.4,79.97,33.32,28.47,78.6,32.12,27.39,0,0,0,1,1,1,0,1,0,6147.79
60000,1,0,0,2,2,6.5,25,36.67,0,0,24.89,9.39,15925.34,98.2,78.17,33.74,29.03,80.89,33.41,29.02,0,0,1,0,1,1,0,0,1,2825.58
55000,1,0,0,2,1,7,16,0,0,0,24.36,8.95,15132.61,181.1,80.44,34.32,29.43,79.46,33.26,28.89,0,0,1,0,1,1,1,0,0,3432.56
72000,0,0,0,2,1,5.5,30,0,0,0,24.75,9.17,15178.36,189.1,79.7,34.27,29.48,79.01,33.88,29.13,0,0,1,0,1,1,0,1,0,3813.95
59000,1,0,0,2,2,5,58,0,40,0,23.75,8.91,15136.27,224.6,81.25,32.5,28.29,82.36,33.8,28.68,0,0,1,0,1,1,0,1,0,3623.26
6000,1,0,0,2,1,6,18,0,0,0,24.73,7.07,13512.05,161,89,33.25,29.22,83.97,32.63,28.7,0,1,1,0,1,1,0,1,0,4439.53
70000,1,0,0,4,2,5.5,27,60,0,0,24.47,8.64,15224.75,414.8,80.5,33.26,28.56,78.88,32.28,27.37,0,0,0,1,1,1,0,1,0,6674.42
73000,2,0,0,3,3,6,21,0,0,0,24.91,8.37,14700.2,262.6,80.03,33.26,28.64,78.92,32.58,27.6,0,0,0,1,1,1,0,1,0,6027.91
75000,1,6,0,2,3.1,6,44,0,0,0,24.79,9.1,15447.88,118.3,79.07,33.92,29.13,80.34,33.45,29.01,0,0,0,1,1,1,0,1,0,6865.12
60000,0,0,0,2,1,6,18,0,0,0,24.46,8.89,15070.36,186.4,81.05,34.68,29.76,78.58,33.43,28.87,0,0,1,0,1,1,0,0,1,3720.93
55000,1,0,0,1,1,6.5,38,0,0,0,23.82,10.17,15018.07,182.9,80.72,33.16,28.45,86.12,32.48,28.38,0,0,1,0,1,1,0,0,1,2193.02
70000,1,0,0,1,2,6,28,100,0,0,24.62,7.28,14456.12,198.6,81.05,33.6,28.99,78.43,32.28,27.93,1,0,1,0,1,1,0,1,0,4238.37
62000,1,0,0,1,1,6,19,0,0,0,23.48,9.21,16468.35,337.8,83.79,32.3,27.66,83.2,31.72,27.78,0,0,1,0,1,1,0,1,0,6006.98
65000,1,0,15,2,1,6,22,28.33,0,0,24.85,7.05,14390.09,249,88.83,33.24,29.2,84.59,32.55,28.75,0,0,1,0,1,1,0,1,0,5597.67
62000,1,0,0,2,1,6,13,0,0,0,23.43,9.3,16597.03,334.7,83.66,32.27,27.65,83.17,31.78,27.79,0,0,1,0,1,1,0,1,0,5816.28
62500,2,0,0,3,2.7,5.5,35,0,0,0,24.98,9.53,15623.6,98.2,77.74,33.62,28.95,81.13,33.3,28.96,0,0,0,1,1,1,0,0,1,2250
68000,1,0,15,3,4,5.5,15,0,38.33,0,24.19,8.88,15123.25,426.4,79.97,33.32,28.47,78.6,32.2,27.49,0,0,0,1,1,0,0,0,1,7063.95
60000,1,0,0,1,1,6,34,30,0,0,23.81,10.09,15001.74,182.9,80.72,33.25,28.5,86.02,32.46,28.35,0,0,1,0,1,1,1,0,0,3202.33
72000,1,0,0,2,3,6,32,0,0,0,23.96,8.65,14397.48,268.6,82.58,33.82,29.2,79.71,35.03,29.52,0,0,0,1,1,1,0,1,0,4930.23
74000,2,7.5,0,4,4,6,33,0,0,0,24.47,8.61,15128.73,411.7,80.58,33.27,28.58,78.76,32.46,27.48,0,0,0,1,1,1,0,1,0,6232.56
65000,1,0,0,4,1,4.5,25,0,0,0,24.73,9.1,15505.82,118.3,79.27,33.99,29.2,80.25,33.38,28.96,0,0,1,0,1,1,0,1,0,4186.05
62000,1,0,0,2,2,6.5,13,0,0,0,24.53,8.78,15221.06,380.8,80.2,33.13,28.52,79.1,32.72,27.79,0,0,1,0,1,1,0,1,0,5651.16
71000,1,0,0,4,4,5.5,19,0,0,0,24.77,9.23,15588.59,104.6,78.77,33.86,29.08,80.52,33.37,29.01,0,0,0,1,1,1,0,1,0,5577.91
69000,1,0,15,4,2,6,28,100,0,0,24.45,8.86,15301.82,412.8,80.03,33.29,28.53,78.82,32.21,27.32,0,0,0,1,1,1,0,1,0,6466.28
75000,2,0,0,4,2.2,6.5,20,0,0,0,24.56,9,15314.59,145.1,79.89,34.19,29.33,79.87,33.24,28.89,0,0,0,1,1,1,0,0,1,5895.35
60000,1,0,0,2,2,6,-1,0,0,0,24.36,8.08,14753.41,183.6,81.58,32.57,28.17,80.36,32.17,27.92,0,0,1,0,1,1,0,1,0,5790.7
55000,1,0,0,2,2,6,11,0,0,0,24.8,7.16,14550.35,174,88.88,33.21,29.19,84.63,32.53,28.76,0,0,1,0,1,1,0,0,1,1158.14
62000,0,0,0,2,2,6,16,28.33,0,0,24.8,7.16,14550.35,174,88.88,33.21,29.19,84.63,32.29,28.64,0,0,1,0,1,1,0,1,0,4343.02
58000,1,0,0,2,3,5,36,0,0,0,24.39,8.91,15029.3,176.9,82.05,32.82,28.61,82.47,34.85,29.41,0,0,1,0,1,1,1,0,0,2412.79
60000,3,0,0,3,3,6,28,100,0,0,24.47,8.64,15224.75,414.8,80.5,33.26,28.56,78.88,32.32,27.38,0,0,0,1,1,1,0,1,0,7151.16
66000,1,0,0,2,2,6,24,0,0,0,24.18,8.93,15207.06,426.4,80,33.34,28.5,78.51,32.1,27.34,0,0,0,1,1,1,0,1,0,6769.77
75000,0,0,23,4,2,5,28,100,0,0,24.62,7.49,14710.63,166,80.53,33.32,28.93,78.48,32.49,28.04,0,0,1,0,1,1,0,1,0,3720.93
71000,2,15,0,2,4,5.5,18,0,0,0,24.18,8.93,15207.06,426.4,80,33.34,28.5,78.51,32.03,27.25,0,0,1,0,1,1,0,1,0,6046.51
58000,2,0,0,2,2,6,35,48.57,0,0,23.98,8.23,13824.92,269.6,83.35,33.41,28.63,79.3,34.41,29.02,0,0,1,0,1,1,0,1,0,3348.84
50000,1,0,15,1,2,6,12,43.33,0,0,25.06,7.46,13753.34,100.7,87.23,32.98,28.96,82.81,32.64,28.68,0,1,1,0,1,1,0,1,0,4576.74
55000,0,0,0,2,1,5.5,26,66.67,0,0,24.59,9.02,15396.86,187.7,80.6,34.43,29.58,78.94,33.6,29.01,0,0,1,0,1,1,0,0,1,4279.07
60000,1,0,0,2,1,6,-1,0,0,0,23.9,10.39,15633.48,160.3,80.48,32.99,28.36,86.37,32.53,28.37,1,0,1,0,1,1,1,0,0,2883.72
63000,1,0,0,2,2,6.5,17,0,0,0,24.7,7.59,15428.23,244.9,88.06,32.56,28.75,87.14,33.19,29.12,0,0,0,1,1,1,0,1,0,5308.14
59800,1,0,15,3,2,5.5,16,100,0,0,23.62,9.08,16427.75,316.1,83.96,32.55,27.87,83.16,31.71,27.59,0,0,0,1,1,1,0,0,1,6722.09
33000,0,0,0,1,2,5.5,17,35,0,0,25.17,7.17,15569.62,245.3,88.57,32.56,28.77,86.98,33.07,28.97,0,0,1,0,0,0,0,1,0,1716.28
60000,1,0,4,2,1,6.5,25,0,0,0,24.56,9,15314.59,145.1,79.89,34.19,29.33,79.87,33.29,28.93,0,0,1,0,1,1,1,0,0,2790.7
60000,1,0,0,2,2,5,18,30,0,0,24.56,9,15314.59,145.1,79.89,34.19,29.33,79.87,33.34,28.94,0,0,1,0,1,1,0,1,0,4004.65
72000,1,0,0,2,1,6,30,0,0,0,24.44,8.91,14696.52,198.3,80.8,34.57,29.68,78.65,33.55,28.93,0,0,1,0,1,1,0,1,0,4004.65
60000,0,0,0,2,3,6,31,100,0,0,24.19,8.94,15355.27,426.4,79.97,33.36,28.54,78.52,32.25,27.34,0,0,0,1,1,1,0,1,0,5987.91
70000,1,0,0,3,3,5.5,29,100,0,0,24.18,8.93,15207.06,426.4,80,33.34,28.5,78.51,32.03,27.27,0,0,0,1,1,1,0,1,0,6436.05
60000,1,0,0,3,2,6,-1,100,0,0,24.23,8.91,15322.65,395.4,79.92,33.33,28.53,78.59,32.13,27.32,0,0,0,1,1,1,0,1,0,5925.81
72500,1,0,0,3,3,5.5,38,0,0,0,24.47,8.61,15128.73,411.7,80.58,33.27,28.58,78.76,32.32,27.46,0,0,0,1,1,1,0,1,0,5767.44
71000,1,0,0,2,4,5,20,0,0,0,23.97,8.7,14575.71,249,82.25,33.66,29.08,80.19,34.63,29.14,0,0,1,0,1,1,0,1,0,5488.37
56000,1,0,0,2,1,6,50,0,0,0,23.93,8.91,16235.3,263.9,84.36,32.71,28.03,83.5,31.79,27.46,0,0,1,0,1,1,0,1,0,5720.93
72000,3,0,0,5,4,6,19,0,0,0,24.47,8.8,15320.63,413.8,80,33.24,28.52,78.98,32.45,27.51,0,0,1,0,1,1,0,1,0,5933.72
62000,0,0,0,2,2,5.5,40,0,0,0,24.89,9.48,15771.34,98.2,77.97,33.68,29,81.01,33.37,28.95,0,0,1,0,1,1,0,1,0,3255.81
54000,1,0,0,4,1,5,20,40,0,0,24.34,8.97,14594.58,198.3,80.53,34.56,29.67,78.7,33.35,28.86,0,0,1,0,1,1,0,1,0,3813.95
60000,1,0,0,2,2,5,25,0,0,0,24.48,8.9,15307.87,188,80.9,34.64,29.72,78.65,33.46,28.88,0,0,1,0,0,1,0,0,1,3255.81
60000,1,0,0,2,1,7,-1,0,0,0,24.25,7.8,14546.31,248.6,81.3,32.67,28.29,80.52,32.37,27.93,0,0,1,0,1,1,0,1,0,4651.16
60000,1,0,0,1,1,6,-1,19.23,0,0,24.12,8.37,14959.23,213.5,81.78,32.33,28.02,80.17,32.25,27.95,0,0,0,1,1,1,0,1,0,5790.7
60000,1,0,0,1,1,6,20,0,0,0,24.05,9.13,14490.53,236.5,81.42,33.83,28.78,84.76,32.52,28.18,0,0,0,1,1,1,0,0,1,3069.77
62000,1,0,0,2,1,5.5,22,0,0,0,23.82,10.17,15018.07,182.9,80.72,33.16,28.45,86.12,32.48,28.38,0,0,0,1,1,1,0,1,0,3013.95
55000,1,0,0,1,1,5,22,78.33,0,0,24.32,8.96,14610.72,198.3,80.58,34.59,29.69,78.67,33.44,28.91,0,0,1,0,1,1,0,1,0,2097.67
60000,0,0,0,2,1,6.5,15,26.67,0,0,24.67,7.63,15256.64,251,82.38,32.54,28.74,82.21,33.35,29.24,1,0,1,0,1,1,0,1,0,2860.47
60000,1,0,15,2,1,6,22,35,0,0,24.95,7.22,15210.99,256.8,88.33,32.54,28.79,87.1,33.34,29.15,0,0,0,1,1,1,0,1,0,4767.44
62000,1,0,0,2,2,6,21,45,0,0,24.95,7.69,13972.72,100.7,87,32.96,28.98,82.84,32.64,28.69,0,1,1,0,1,1,0,1,0,3909.3
60000,2,0,0,2,1,5.5,-1,46.67,0,0,24.95,7.69,13972.72,100.7,87,32.96,28.98,82.84,32.59,28.66,0,1,1,0,1,1,0,1,0,4958.14
62000,1,0,15,2,1,6,16,40,0,0,25.01,7.52,13866.45,106,87.18,33.01,28.97,82.91,32.62,28.67,0,1,1,0,1,1,0,1,0,3860.47
60000,2,0,15,2,1,5.5,24,38.33,0,0,24.8,7.16,14550.35,174,88.88,33.21,29.19,84.63,32.53,28.76,0,1,1,0,1,1,0,1,0,4862.79
60000,1,0,0,2,2,6,12,43.33,0,0,24.88,7.46,13704.18,121,87.51,33.07,29.03,83.26,32.58,28.68,0,1,1,0,1,1,0,1,0,4536.05
55000,1,0,0,2,1,6,21,50,0,0,24.86,7.13,14785.2,207,88.93,33.19,29.17,84.8,32.36,28.67,0,0,1,0,1,1,0,1,0,5339.53
55000,1,0,15,2,1,5.5,25,0,0,0,24.83,7.13,14508.87,161,88.83,33.23,29.21,84.49,32.45,28.7,0,0,1,0,1,1,0,1,0,4922.09
55000,2,0,22.5,1,2,6,-1,0,0,0,24.95,7.11,14606.62,250.8,89.01,32.97,29.03,85.41,32.53,28.76,0,0,1,0,1,1,0,1,0,4922.09
55000,1,0,0,2,1,6,21,51.67,0,0,24.77,7.12,14057.88,161,89.03,33.23,29.23,84.16,32.58,28.74,0,1,1,0,1,1,0,1,0,5308.14
60000,1,0,15,2,1,6,23,28.33,0,0,24.86,7.13,14785.2,207,88.93,33.19,29.17,84.8,32.36,28.67,0,1,1,0,1,1,0,1,0,5339.53
62000,1,0,0,2,1,6.5,13,25,0,0,24.4,8.83,15261.3,410.8,80.17,33.3,28.53,78.74,32.51,27.62,0,0,1,0,1,1,0,1,0,4767.44
62000,1,0,0,2,1,6,12,48.33,0,0,24.47,8.8,15320.63,413.8,80,33.24,28.52,78.98,32.52,27.61,0,0,1,0,1,1,0,1,0,5244.19
62000,1,0,0,2,1,6,12,0,0,0,24.91,8.37,14700.2,262.6,80.03,33.26,28.64,78.92,33.15,28.05,0,0,1,0,1,1,0,1,0,6197.67
55000,1,0,0,2,1,5.5,23,38.33,0,0,24.84,8.44,14845.46,262.7,80.3,33.19,28.61,78.96,33.05,27.95,0,0,1,0,1,1,0,1,0,4290.7
65000,0,0,0,2,1,5.5,10,46.67,0,0,24.23,8.91,15322.65,395.4,79.92,33.33,28.53,78.59,32.11,27.26,0,1,1,0,1,1,0,1,0,6122.09
65000,1,0,0,2,1,6.5,38,0,0,0,23.86,9.01,16263.26,264.9,84.36,32.66,28.01,83.34,31.82,27.47,0,0,1,0,1,1,0,1,0,5816.28
65000,1,0,0,2,2,6,21,53.33,0,0,23.95,8.89,16226.42,263.9,84.48,32.74,28.05,83.35,31.82,27.48,0,0,1,0,1,1,0,1,0,5911.63
65000,1,0,0,3,1,6,20,0,0,0,24.01,8.79,16158.21,294.9,84.6,32.74,28.04,83.47,31.8,27.41,0,0,0,1,1,1,0,1,0,5933.72
63000,1,0,0,2,1,6.5,35,0,0,0,23.86,8.97,16250.96,264.9,84.36,32.7,28.04,83.39,31.85,27.51,0,0,1,0,1,1,0,1,0,5434.88
62000,1,0,0,2,1,6,28,0,0,0,23.86,8.84,16049.11,266.6,84.56,32.73,28.01,83.21,31.81,27.5,0,0,1,0,1,1,0,1,0,5434.88
62000,1,0,0,3,1,5.5,32,0,0,0,24.01,8.79,16158.21,294.9,84.6,32.74,28.04,83.47,31.85,27.53,0,0,0,1,1,1,0,1,0,6176.74
65000,1,0,0,2,2,6,27,45,0,0,24.47,8.8,16491.43,337.9,80,33.24,28.52,78.98,32.52,27.61,0,0,1,0,1,1,0,1,0,5911.63
62000,1,0,0,2,1,6,16,0,0,0,24.45,8.86,16501.17,332.4,80.03,33.29,28.53,78.82,32.28,27.36,0,1,1,0,1,1,0,1,0,4767.44
62000,1,0,0,2,1,6,16,0,0,0,23.81,8.94,16227.13,242.8,84.41,32.72,28.02,83.2,31.78,27.5,0,0,0,1,1,1,0,1,0,5434.88
60000,1,0,0,2,1,5.5,16,0,0,0,23.83,9.08,16491.43,337.9,83.93,32.56,27.9,83.34,31.84,27.56,0,0,1,0,1,1,0,1,0,6388.37
65000,1,0,0,2,1,6,18,0,0,0,23.88,8.96,16278.39,266.6,84.38,32.65,27.99,83.33,31.85,27.55,0,0,1,0,1,1,0,1,0,5911.63
65000,1,0,0,2,1,5.5,22,65,0,0,23.83,9.08,16491.43,337.9,83.93,32.56,27.9,83.34,31.74,27.52,0,0,1,0,1,1,0,1,0,6006.98
62000,1,0,0,1,1,6,12,0,0,0,23.73,9.13,16504.56,329.9,84.06,32.52,27.83,83.21,31.75,27.67,0,0,0,1,1,1,0,1,0,5983.72
62000,1,0,0,2,1,7,36,0,0,0,24.52,8.55,15082.03,412.1,80.78,33.24,28.56,78.8,32.81,27.82,0,1,1,0,1,1,0,1,0,5911.63
65000,1,0,0,2,2,6,35,53.33,0,0,23.86,8.84,16049.11,266.6,84.56,32.73,28.01,83.21,31.8,27.52,0,0,0,1,1,1,0,1,0,5625.58
65000,1,0,0,2,1,6.5,-1,0,0,0,24.45,8.86,15301.82,412.8,80.03,33.29,28.53,78.82,32.5,27.61,0,0,1,0,1,1,0,1,0,4767.44
60000,1,0,0,1,2,7,-1,0,0,0,24.36,8.12,14804.76,164.7,81.2,32.53,28.15,80.24,32.05,27.83,0,0,1,0,1,1,0,1,0,4767.44
60000,1,0,0,1,1,7,30,0,48.72,0,24.36,8.16,14905.92,164.7,81.08,32.54,28.16,80.33,32.17,27.85,0,0,1,0,1,1,0,1,0,5180.23
60000,1,0,0,2,2,6,-1,0,0,0,24.27,7.91,14614.72,239.6,81.15,32.61,28.25,80.47,32.32,27.92,0,0,1,0,1,1,0,1,0,5116.28
60000,0,0,0,3,2,6,-1,0,0,0,24.28,7.75,14523.07,248.6,81.42,32.73,28.31,80.4,32.24,27.89,0,0,1,0,1,1,0,1,0,5911.63
60000,0,0,0,2,2,6,-1,0,0,0,24.28,7.75,14523.07,248.6,81.42,32.73,28.31,80.4,32.32,27.93,0,0,1,0,1,1,0,1,0,5053.49
63000,1,0,0,4,2,5,33,100,0,0,24.28,7.75,14523.07,248.6,81.42,32.73,28.31,80.4,32.25,27.91,0,0,1,0,1,1,0,1,0,6273.26
60000,1,0,0,2,1,5.5,14,0,0,0,23.9,10.39,15633.48,160.3,80.48,32.99,28.36,86.37,32.46,28.37,0,0,1,0,1,1,1,0,0,2883.72
60000,1,0,0,2,2,6,26,30,0,0,24.77,9.23,15588.59,104.6,78.77,33.86,29.08,80.52,33.47,29.04,0,0,1,0,1,1,0,0,1,4520.93
55000,1,0,0,2,2,6,12,38.33,0,0,23.81,9.42,14180.5,234.7,81.47,33.73,28.76,85.26,32.43,28.29,0,0,1,0,1,1,1,0,0,2383.72
55000,1,0,0,2,2,6,27,48.33,0,0,24.98,9.54,16208.79,99.3,80.08,32.8,28.54,86.62,32.5,28.54,0,0,1,0,1,1,0,1,0,2383.72
55000,1,0,0,1,1,6,21,45,0,0,24.56,9,15314.59,145.1,79.89,34.19,29.33,79.87,33.29,28.93,0,0,1,0,1,1,0,0,1,3955.81
55000,0,0,0,2,1,6,19,23.33,0,0,24.89,7.46,13662.97,121,87.48,33.07,29.02,83.16,32.59,28.69,0,0,1,0,1,1,0,1,0,4150
58000,1,0,15,2,1,6,17,40,0,0,24.29,8.7,14752.47,223.1,82.4,33.09,28.76,81.86,34.7,29.26,0,0,1,0,1,1,0,1,0,5434.88
65000,1,0,0,2,1,5.5,21,28.33,0,0,23.88,8.96,16278.39,266.6,84.38,32.65,27.99,83.33,31.85,27.55,0,0,1,0,1,1,0,1,0,5148.84
62000,1,0,0,2,1,6.5,29,0,0,0,23.86,9.01,16263.26,264.9,84.36,32.66,28.01,83.34,31.82,27.47,0,0,1,0,1,1,0,1,0,5339.53
62000,0,0,0,2,2,6,15,30,0,0,23.81,8.97,16264,315.5,84.26,32.7,28.01,83.27,31.78,27.5,0,0,1,0,1,1,0,1,0,4576.74
70000,1,0,0,2,1,6,23,33.33,0,0,23.86,8.84,16049.11,266.6,84.56,32.73,28.01,83.21,31.8,27.52,0,0,1,0,1,1,0,1,0,5148.84
62000,2,0,0,2,1,6,15,41.67,0,0,23.83,9.08,16491.43,337.9,83.93,32.56,27.9,83.34,31.83,27.55,0,0,1,0,1,1,0,1,0,4862.79
68000,2,0,0,2,1,5.5,42,0,0,0,23.86,8.84,16049.11,266.6,84.56,32.73,28.01,83.21,31.75,27.4,0,0,1,0,1,1,0,1,0,4958.14
63000,1,0,15,2,1,6,18,70,0,0,24.55,8.72,15147.76,363,80.22,33.17,28.54,79.04,32.94,27.92,0,0,1,0,1,1,0,1,0,5816.28
65000,1,0,0,2,2,6,12,46,0,0,23.88,8.96,16278.39,266.6,84.38,32.65,27.99,83.33,31.8,27.46,0,0,1,0,1,1,0,1,0,5244.19
65000,1,0,0,2,1,5.5,17,36.67,0,0,23.84,9.06,16501.17,332.4,83.89,32.57,27.89,83.35,31.72,27.55,0,0,1,0,1,1,0,1,0,5339.53
65000,1,0,0,2,2,6,27,48.33,0,0,23.73,9.13,16504.56,329.9,84.06,32.52,27.83,83.21,31.77,27.64,0,0,1,0,1,1,0,1,0,5434.88
65000,1,0,15,2,1,6,27,15,0,0,23.84,9.06,16501.17,332.4,83.89,32.57,27.89,83.35,31.72,27.55,0,0,1,0,1,1,0,1,0,4958.14
65000,1,0,0,2,1,5.5,17,0,0,0,23.64,9.12,16424.63,330.8,84.16,32.56,27.86,83.15,31.79,27.58,0,0,1,0,1,1,0,1,0,6122.09
65000,1,0,0,2,1,5.5,14,0,0,0,23.64,9.12,16424.63,330.8,84.16,32.56,27.86,83.15,31.7,27.55,0,0,1,0,1,1,0,1,0,6310.47
65000,1,0,15,2,1,6,19,68.33,0,0,24.29,9.01,15429.55,395.4,79.88,33.26,28.48,78.74,32.23,27.43,0,0,1,0,1,1,0,1,0,6102.33
65000,1,0,0,2,1,6,17,71.67,0,0,23.66,9.15,16512.35,348.3,83.79,32.34,27.68,83.14,31.73,27.68,0,0,1,0,1,1,0,1,0,6197.67
65000,1,0,0,2,1,6,18,46.67,0,0,23.64,9.12,16424.63,330.8,84.16,32.56,27.86,83.15,31.7,27.55,0,0,1,0,1,1,0,1,0,5180.23
65000,1,0,0,2,1,6,-1,0,0,0,23.8,9.05,16403.48,315.5,84.08,32.66,27.98,83.28,31.73,27.47,0,0,1,0,1,1,0,1,0,5720.93
60000,1,0,0,3,2,5,45,41.43,0,0,24.52,7.36,14549.47,196.7,80.7,33.52,28.98,78.29,32.86,28.27,0,0,1,0,1,1,0,1,0,3296.51
60000,2,0,0,2,2,5.5,35,0,0,0,23.81,9.88,14672.54,227.5,80.82,33.42,28.59,85.83,32.45,28.26,0,0,1,0,1,1,1,0,0,2418.6
60000,1,0,0,2,1,5.5,40,0,0,0,23.81,10.09,15001.74,182.9,80.72,33.25,28.5,86.02,32.37,28.22,0,0,1,0,1,1,0,0,1,2604.65
60000,1,0,0,1,1,6.5,35,0,0,0,23.86,10.52,15896.17,135.3,80.15,32.87,28.33,86.57,32.44,28.35,0,0,1,0,1,1,0,0,1,1811.63
62000,1,0,0,1,1,6,31,0,0,0,23.82,10.17,15018.07,182.9,80.72,33.16,28.45,86.12,32.48,28.38,0,0,1,0,1,1,0,0,1,2232.56
60000,1,0,4,2,1,7,40,0,0,0,24.89,9.39,15925.34,98.2,78.17,33.74,29.03,80.89,33.35,28.96,0,0,1,0,1,1,0,1,0,2976.74
55000,1,0,0,2,1,5.5,38,0,0,0,23.81,10.09,15001.74,182.9,80.72,33.25,28.5,86.02,32.41,28.35,1,0,1,0,1,1,1,0,0,1674.42
60000,1,0,0,1,2,5,10,30,0,0,23.9,10.39,15633.48,160.3,80.48,32.99,28.36,86.37,32.46,28.38,0,0,1,0,1,1,1,0,0,2511.63
60000,1,0,0,3,2,6,27,0,0,0,24.65,9.02,15545.39,118.3,79.49,34.09,29.27,80.06,33.33,28.94,0,0,1,0,1,1,0,1,0,3861.63
45000,0,0,23,3,1.5,4.5,10,0,0,33.33,25.07,9.73,15671.54,61.1,77.39,33.48,28.86,81.65,33.87,29.28,0,0,1,0,1,1,1,0,0,1931.86
55000,1,0,0,3,1,6,23,38.33,0,0,24.73,9.17,15001.74,182.9,80.72,33.25,28.84,86.02,32.46,28.52,0,0,1,0,1,1,0,0,1,2919.77
55000,1,0,0,1,1,5.5,39,0,0,0,23.84,10.67,16208.79,99.3,80.08,32.8,28.29,86.62,32.47,28.45,0,0,1,0,1,1,1,0,0,2790.7
60000,1,0,0,2,1,6,20,38.33,0,0,24.89,9.39,15925.34,98.2,78.17,33.74,29.03,80.89,33.41,29.02,0,0,1,0,1,1,0,1,0,4651.16
55000,2,0,0,1,1,5.5,42,0,0,0,23.88,10.71,16391.73,99.3,79.98,32.77,28.26,86.72,32.25,28.45,0,0,1,0,1,1,1,0,0,2883.72
60000,1,0,0,2,2,5.5,40,0,0,0,23.8,9.7,14490.63,227.5,81.1,33.52,28.67,85.65,32.45,28.38,0,0,1,0,1,1,0,1,0,3579.07
55000,2,0,0,2,1,6,26,41.67,0,0,23.81,9.88,14672.54,227.5,80.82,33.42,28.59,85.83,32.43,28.31,0,0,1,0,1,1,1,0,0,2383.72
55000,2,0,0,1,1,5.5,31,0,0,0,23.84,10.67,16208.79,99.3,80.08,32.8,28.29,86.62,32.5,28.49,0,0,1,0,1,1,0,0,1,1883.72
55000,1,0,0,1,2,6,27,33.33,0,0,25.02,9.81,15882,62,77.14,33.5,28.9,81.9,33.4,28.96,0,0,1,0,1,1,0,0,1,2955.81
60000,1,0,0,2,1,5.5,36,35,0,0,23.79,9.57,14347.75,234.7,81.3,33.62,28.71,85.48,32.43,28.27,0,0,1,0,1,1,1,0,0,3051.16
55000,1,0,0,2,2,6,23,36.67,0,0,24.89,9.39,15925.34,98.2,78.17,33.74,29.03,80.89,33.45,29.02,0,0,1,0,1,1,1,0,0,3813.95
55000,1,0,0,2,1,5.5,20,46.67,0,0,24.79,9.1,15447.88,118.3,79.07,33.92,29.13,80.34,33.44,29.05,0,0,1,0,1,1,0,1,0,4238.37
60000,1,0,0,1,1,6,23,31.67,0,0,24.73,9.1,15505.82,118.3,79.27,33.99,29.2,80.25,33.42,28.97,0,0,1,0,1,1,0,0,1,3377.91
60000,1,0,0,1,3,5.5,26,28.33,0,0,24.89,9.48,15771.34,98.2,77.97,33.68,29,81.01,33.44,28.99,0,0,1,0,1,1,0,1,0,4576.74
55000,1,0,0,2,2,6,32,36.67,0,0,24.73,9.1,15505.82,118.3,79.27,33.99,29.2,80.25,33.42,28.98,0,0,1,0,1,1,0,0,1,4238.37
55000,1,0,0,3,1,6,24,31.67,0,0,24.89,9.48,15771.34,98.2,77.97,33.68,29,81.01,33.44,28.99,0,0,1,0,1,1,0,1,0,5488.37
55000,0,0,0,2,1,6.5,26,0,0,0,24.73,9.1,15505.82,118.3,79.27,33.99,29.2,80.25,33.38,28.96,0,0,1,0,1,1,0,0,1,4767.44
55000,0,0,0,1,2,6,27,21.67,0,0,24.56,9,15314.59,145.1,79.89,34.19,29.33,79.87,33.29,28.93,1,0,1,0,1,1,0,0,1,2002.33
55000,2,0,0,1,1,6,26,50,0,0,23.87,10.45,15670.01,160.3,80.43,32.96,28.36,86.41,32.51,28.38,0,0,1,0,1,1,0,0,1,2260.47
55000,0,0,0,1,1,6,19,31.67,0,0,24.56,9,15314.59,145.1,79.89,34.19,29.33,79.87,33.29,28.93,0,0,1,0,1,1,0,0,1,3337.21
60000,1,0,0,1,1,5.5,27,36.67,0,0,25.05,9.55,16391.73,99.3,79.98,32.77,28.49,86.72,32.37,28.46,0,0,1,0,1,1,0,0,1,3767.44
71000,0,0,10,2,2.3,5.5,15,35,0,0,24.65,9.02,15545.39,118.3,79.49,34.09,29.27,80.06,33.16,28.87,0,0,1,0,1,0,0,0,0,3970.33
62000,1,0,0,2,2,6,15,51.67,0,0,25,7.07,14708.62,205.6,89.14,32.82,28.96,86.13,32.92,28.86,0,1,1,0,1,1,0,1,0,4343.02
60000,1,0,0,2,1,6,13,38.33,0,0,24.23,8.69,14606.62,250.8,82.42,33.29,28.83,81.05,34.7,29.26,0,0,1,0,1,1,0,1,0,3088.37
60000,1,0,0,2,2,6,16,30,0,0,24.73,7.07,13512.05,161,89,33.25,29.22,83.97,32.55,28.73,0,0,1,0,1,1,0,1,0,2991.86
62000,1,0,0,2,1,6,16,40,0,0,24.83,7.13,14508.87,161,88.83,33.23,29.21,84.49,32.3,28.62,0,1,1,0,1,1,0,1,0,4862.79
60000,1,0,0,2,1,6,20,38.33,0,0,24.79,7.17,13316.27,106.8,88.6,33.28,29.19,83.61,32.55,28.73,0,0,1,0,1,1,0,1,0,4825.58
60000,1,0,0,2,1,6,16,38.33,0,0,24.77,7.12,14057.88,161,89.03,33.23,29.23,84.16,32.59,28.72,0,0,1,0,1,1,0,1,0,4825.58
62000,1,0,15,2,2,6,24,36.67,0,0,23.96,8.58,14738.4,234,82.58,34.23,29.31,77.6,35.18,29.63,0,1,1,0,1,1,0,1,0,5244.19
62000,1,0,0,2,1,6,13,26.67,0,0,25.04,7.03,14769.98,205.6,89.11,32.86,28.96,85.91,32.67,28.78,0,0,1,0,1,1,0,1,0,4343.02
62000,1,0,0,2,2,5.5,23,36.67,0,0,24.93,7.12,14802.14,212.2,89.01,32.94,29.02,85.57,32.63,28.78,0,1,1,0,1,1,0,1,0,4150
62000,1,0,0,2,2,5.5,19,35,0,0,24.99,7.7,14116.31,91.8,86.5,32.87,28.93,82.84,32.92,28.73,0,0,1,0,1,1,0,1,0,3377.91
60000,0,0,0,2,2,5.5,22,26.67,0,0,24.93,7.42,13602.45,112.2,87.33,33.05,28.99,83.03,32.57,28.67,0,0,1,0,1,1,0,1,0,3281.4
60000,1,0,0,2,1,6,-1,38.33,0,0,25.18,7.69,14206.91,76.7,86.35,32.82,28.88,82.46,33,28.74,0,1,1,0,1,1,0,1,0,4150
60000,1,0,15,2,2,5.5,20,75,0,0,24.84,7.23,15071.32,189.5,88.98,33.14,29.14,84.88,32.42,28.68,0,0,1,0,1,1,0,1,0,4729.07
60000,0,0,0,1,2,6,16,35,0,0,24.79,7,13132.5,147.8,88.88,33.33,29.23,83.68,32.56,28.76,0,1,1,0,1,1,0,1,0,4386.05
60000,1,0,0,2,1,6,22,38.33,0,0,24.84,7.23,15071.32,189.5,88.98,33.14,29.14,84.88,32.36,28.69,0,0,1,0,1,1,0,1,0,2991.86
60000,1,0,0,2,2,6,20,28.33,0,0,24.83,7.13,14508.87,161,88.83,33.23,29.21,84.49,32.53,28.74,0,0,1,0,1,1,0,1,0,3667.44
55000,0,0,0,2,2,5.5,22,56.67,0,0,24.74,7.04,13398.77,147.8,88.98,33.32,29.25,83.8,32.54,28.71,0,1,1,0,1,1,0,1,0,4481.4
60000,1,0,0,2,1,6,19,55,0,0,24.86,7.14,14905.89,197.7,89.01,33.07,29.1,85.24,32.54,28.73,0,0,1,0,1,1,0,1,0,3051.16
55000,0,0,0,2,1,6,16,30,0,0,25.01,7.52,14767.97,224.5,87.18,33.01,28.97,82.91,32.02,28.53,0,0,1,0,1,1,0,1,0,4825.58
55000,0,0,15,2,1,6,19,0,0,0,24.83,7.4,13995.13,105.2,87.74,33.2,29.12,83.42,32.61,28.74,0,1,1,0,1,1,0,1,0,5816.28
55000,1,0,15,2,1,6,23,41.67,0,0,24.77,7.12,14057.88,161,89.03,33.23,29.23,84.16,32.59,28.72,0,1,1,0,1,1,0,1,0,5148.84
55000,1,0,0,2,2,5.5,21,26.67,0,0,24.89,7.21,15200.04,197.7,89.05,33.1,29.12,84.99,32.45,28.71,0,0,1,0,1,1,0,1,0,4767.44
55000,1,0,0,3,1,6,16,28.33,0,0,25.16,7,15045.66,260.3,88.84,32.68,28.86,86.65,32.87,28.85,0,1,1,0,1,1,0,1,0,5720.93
55000,1,0,15,2,1,5.5,18,0,0,0,24.77,7.12,14404.68,268.6,82.7,33.23,29.23,79.59,32.61,28.76,0,0,1,0,1,1,0,1,0,5053.49
55000,1,0,22.5,1,1,5.5,16,38.33,0,0,24.8,7.16,14550.35,174,88.88,33.21,29.19,84.63,32.43,28.71,0,1,1,0,1,1,0,1,0,5115.12
63000,1,0,0,2,1,5.5,33,20,0,0,23.95,8.89,16226.42,263.9,84.48,32.74,28.05,83.35,31.77,27.42,0,0,1,0,1,1,0,1,0,5530.23
65000,1,0,0,2,2,6,17,36.67,0,0,23.86,8.84,16049.11,266.6,84.56,32.73,28.01,83.21,31.81,27.5,0,0,1,0,1,1,0,1,0,5816.28
65000,3,0,0,2,1,5.5,34,0,0,0,23.81,8.94,16227.13,242.8,84.41,32.72,28.02,83.2,31.75,27.45,0,0,1,0,1,1,0,1,0,6102.33
70000,2,0,15,2,1,6,22,0,0,0,24.47,8.61,15128.73,411.7,80.58,33.27,28.58,78.76,32.24,27.36,0,0,1,0,1,1,0,1,0,6466.28
65000,1,0,0,2,1,6,-1,41.67,0,0,23.88,8.96,16278.39,266.6,84.38,32.65,27.99,83.33,31.85,27.52,0,0,1,0,1,1,0,1,0,5053.49
70000,1,0,0,2,1,6,27,0,0,0,24.53,8.78,15221.06,380.8,80.2,33.13,28.52,79.1,32.96,27.92,0,1,1,0,1,1,0,1,0,5530.23
60000,1,0,0,2,1,6,26,0,0,0,24.47,8.61,15128.73,411.7,80.58,33.27,28.58,78.76,32.77,27.78,0,0,1,0,1,1,0,1,0,4862.79
65000,1,0,0,2,1,6,26,50,0,0,23.88,8.96,16278.39,266.6,84.38,32.65,27.99,83.33,31.81,27.49,0,0,1,0,1,1,0,1,0,5053.49
63000,2,0,0,2,1,6,38,38.33,0,0,23.84,9.06,16501.17,332.4,83.89,32.57,27.89,83.35,31.82,27.56,0,0,1,0,1,1,0,1,0,5767.44
62500,0,0,46,3,1.1,5,30,0,0,0,25.07,9.73,15671.54,61.1,77.39,33.48,28.86,81.65,34.06,29.43,0,0,1,0,1,1,0,1,0,3627.91
60000,2,0,0,1,2,6,35,53.33,0,0,24.73,9.17,15001.74,182.9,80.72,33.25,28.84,86.02,32.37,28.44,0,0,0,1,1,1,0,0,1,2072.09
60000,1,0,0,2,1,6,27,15,0,0,23.81,9.88,14672.54,227.5,80.82,33.42,28.59,85.83,32.36,28.43,0,0,1,0,1,1,0,0,1,2895.35
65000,1,0,0,2,1,5.5,22,0,0,0,24.13,8.63,15989.99,294.9,84.67,32.78,28.06,83.3,31.83,27.47,0,0,1,0,1,1,0,1,0,5983.72
65000,1,0,0,2,1,6,31,0,0,0,23.81,8.97,16264,315.5,84.26,32.7,28.01,83.27,31.78,27.5,0,0,1,0,1,1,0,1,0,5816.28
60000,1,0,0,2,1,6.5,38,0,0,0,23.86,8.84,16049.11,266.6,84.56,32.73,28.01,83.21,31.73,27.52,0,0,1,0,1,1,0,1,0,6674.42
60000,1,0,0,2,2,6,21,53.33,0,0,24.82,9.4,15633.48,160.3,78.29,33.78,29.05,80.77,33.39,28.95,1,0,0,1,1,1,0,0,1,2002.33
75000,1,0,0,2,1.2,5.5,42,0,0,0,24.79,9.1,15447.88,118.3,79.07,33.92,29.13,80.34,33.48,29,1,0,1,0,1,1,1,0,0,3720.93
62500,0,0,0,2,2.5,5.5,38,0,0,0,24.65,9.02,15545.39,118.3,79.49,34.09,29.27,80.06,33.35,28.9,0,0,1,0,1,1,0,0,1,3344.02
60000,0,0,0,1,2,5.5,25,0,0,0,24.52,7.36,14549.47,196.7,80.7,33.52,28.98,78.29,32.63,28.18,1,0,1,0,1,0,0,1,0,4238.37
60000,1,0,0,2,1,6,31,0,0,0,24.73,9.1,15505.82,118.3,79.27,33.99,29.2,80.25,33.38,28.96,0,0,1,0,1,1,0,1,0,3767.44
72000,1,0,0,4,5,6,23,0,0,0,24.79,9.1,15447.88,118.3,79.07,33.92,29.13,80.34,33.34,28.98,0,0,1,0,1,1,0,1,0,3527.91
60000,1,0,0,5,2,5.5,31,41.67,0,0,24.73,9.1,15505.82,118.3,79.27,33.99,29.2,80.25,33.38,28.96,0,0,1,0,1,1,0,1,0,3813.95
60000,1,0,0,1,2,6.5,18,40,0,0,24.79,9.2,15018.07,182.9,80.72,33.16,28.75,86.12,32.48,28.55,0,0,0,1,1,1,0,0,1,2919.77
65000,1,0,0,3,1,6,35,0,0,0,23.95,8.89,16226.42,263.9,84.48,32.74,28.05,83.35,31.77,27.42,0,1,1,0,1,1,0,1,0,5339.53
60000,1,0,15,4,3,6,16,100,0,0,24.47,8.8,15353.37,414.8,80.03,33.24,28.54,78.96,32.46,27.51,0,0,0,1,1,1,0,0,1,5816.28
62500,1,0,0,2,2.9,7,50,73.33,0,0,24.77,9.23,15588.59,104.6,78.77,33.86,29.08,80.52,33.36,28.95,0,0,0,1,1,1,1,0,0,3527.91
72000,1,0,0,4,3,6,18,41.67,0,0,24.47,8.61,15128.73,411.7,80.58,33.27,28.58,78.76,32.65,27.7,0,0,0,1,1,1,0,1,0,7913.95
63000,0,0,0,2,1,6.5,40,0,0,0,24.53,8.78,16263.26,264.9,80.2,33.13,28.52,79.1,32.87,27.9,0,0,1,0,1,1,0,1,0,5625.58
73000,1,0,0,2,4,6,17,0,0,0,24.01,8.67,14512.39,268.6,82.35,33.73,29.12,79.93,34.98,29.49,0,0,0,1,1,1,0,1,0,4709.3
70000,1,0,0,2,4,5,43,0,0,0,23.97,8.7,14575.71,249,82.25,33.66,29.08,80.19,34.85,29.37,0,0,1,0,1,1,0,1,0,5462.79
60000,1,0,0,3,1,5,22,0,0,0,24.59,9.02,15396.86,187.7,80.6,34.43,29.58,78.94,33.61,29.01,0,0,0,1,1,1,0,1,0,3906.98
71000,1,0,0,2,4,6,35,0,0,0,24.73,9.1,15505.82,118.3,79.27,33.99,29.2,80.25,33.37,28.91,0,0,1,0,1,1,0,1,0,4672.09
68000,0,0,0,4,2,5,25,100,0,0,24.52,7.36,14549.47,196.7,80.7,33.52,28.98,78.29,32.39,28.07,0,0,0,1,1,1,0,1,0,3490.7
61000,1,0,0,4,3,6,26,100,0,0,24.47,8.8,15353.37,414.8,80.03,33.24,28.54,78.96,32.46,27.51,0,0,0,1,1,1,0,1,0,6440.81
70000,1,0,0,2,1,5.5,32,0,0,0,24.7,9.11,15193.95,190.6,80.1,34.26,29.48,79.17,33.78,29.06,0,0,1,0,1,1,0,1,0,4343.02
55000,1,0,0,4,1.1,7,25,0,0,0,25.07,9.62,15731.78,61.7,77.57,33.48,28.83,81.42,33.41,29.02,0,0,1,0,1,1,0,0,1,3530.23
50000,0,0,0,3,1,5.5,25,0,0,0,24.31,9.01,14614.81,198.3,80.5,34.41,29.54,79.23,33.38,28.92,0,0,1,0,1,1,0,1,0,3441.86
60000,0,0,0,2,1,5,20,0,0,0,24.32,8.87,14849.71,198.3,80.67,34.42,29.5,79.21,33.39,28.97,1,0,1,0,1,1,0,0,1,3813.95
70000,1,0,0,2,4,6.5,31,0,0,0,24.56,9,15314.59,145.1,79.89,34.19,29.33,79.87,33.24,28.88,0,0,1,0,1,1,0,1,0,4632.56
84000,0,0,0.3,5,1.7,6.5,21,0,0,0,24.73,9.1,15505.82,118.3,79.27,33.99,29.2,80.25,33.42,28.93,0,0,1,0,1,1,0,1,0,5933.72
70000,1,0,0,4,6,5.5,18,0,0,0,23.36,11.38,15855.63,114.4,80.67,35.14,29.21,81.07,35.21,29.19,0,0,1,0,0,1,0,1,0,4409.3
70000,1,0,15,3,3,6,21,100,0,0,24.53,8.78,15221.06,380.8,80.2,33.13,28.52,79.1,32.69,27.75,0,0,0,1,1,1,0,0,0,6404.65
62500,2,0,0,4,1.2,5.5,35,70,0,0,24.73,9.1,15505.82,118.3,79.27,33.99,29.2,80.25,33.37,28.91,0,0,1,0,1,1,0,0,1,5790.7
76000,2,15,0,3,3,5,-1,0,0,0,24.82,8.55,14841.06,268,80.28,33.15,28.56,79.04,32.91,27.91,0,0,0,1,1,1,0,1,0,6310.47
72000,2,0,0,3,4,6,27,0,0,0,24.47,8.8,15320.63,413.8,80,33.24,28.52,78.98,32.45,27.5,0,0,1,0,1,1,0,1,0,6076.74
74000,2,2.5,0,3,4,6,24,0,0,0,24.53,8.78,15221.06,380.8,80.2,33.13,28.52,79.1,32.69,27.75,0,0,0,1,1,1,0,1,0,5556.98
55000,1,0,0,1,1,6,17,0,0,0,24.73,9.1,15505.82,118.3,79.27,33.99,29.2,80.25,33.42,28.98,0,0,1,0,1,1,0,1,0,2193.02
73000,2,0,0,3,3,5.5,37,0,0,0,24.47,8.8,15320.63,413.8,80,33.24,28.52,78.98,32.16,27.3,0,0,0,1,1,1,0,1,0,5462.79
60000,1,0,15,4,3,6,15,100,0,0,24.36,8.84,15270.45,394,80.17,33.26,28.49,78.79,32.14,27.31,0,0,0,1,1,1,0,0,1,5983.72
60000,2,0,0,1,2,6,-1,0,0,0,24.28,8.04,14809.63,182.9,81.22,32.6,28.2,80.52,32.19,27.86,0,0,1,0,1,1,0,1,0,4897.67
73000,2,0,0,4,3,5.5,40,0,0,0,24.47,8.64,15224.75,414.8,80.5,33.26,28.56,78.88,32.63,27.68,0,0,1,0,1,1,0,1,0,5581.4
62500,1,0,0,5,1.8,5,38,0,0,0,25.04,9.77,15826.93,82.9,77.22,33.5,28.9,81.82,33.67,29.12,0,0,1,0,1,1,0,0,1,3296.51
60000,1,0,0,2,2,6,21,40,0,0,24.82,7.29,13956.84,98,88.2,33.27,29.17,83.37,32.56,28.67,0,1,1,0,1,1,0,1,0,5018.6
60000,2,0,0,3,2,5.5,18,60,0,0,24.47,8.61,15128.73,411.7,80.58,33.27,28.58,78.76,32.88,27.82,0,0,0,1,1,1,0,1,0,5860.47
72000,0,0,0,4,4,5.5,31,0,0,0,24.73,9.1,15505.82,118.3,79.27,33.99,29.2,80.25,33.41,28.97,0,0,1,0,1,1,0,1,0,5116.28
73000,1,0,0,2,3,5,38,0,0,0,24.54,8.63,15197.96,412.1,80.33,33.19,28.53,79.04,32.92,27.88,0,0,1,0,1,1,0,1,0,5745.35
60000,0,0,0,3,1,5,22,60,0,0,24.7,9.11,15193.95,190.6,80.1,34.26,29.48,79.17,33.63,29.06,0,0,1,0,1,1,0,0,1,3906.98
60000,1,0,0,2,2,6,24,100,0,0,24.29,9.01,15429.55,395.4,79.88,33.26,28.48,78.74,32.08,27.27,0,0,0,1,1,1,0,1,0,5441.86
60000,1,0,0,2,1,5.5,20,36.67,0,0,25.24,7.77,14353.37,51.4,86.17,32.91,28.95,81.99,32.94,28.64,0,0,1,0,1,1,0,1,0,4958.14
60000,0,0,0,3,1,4.5,24,100,0,0,24.36,8.95,15132.61,181.1,80.44,34.32,29.43,79.46,33.28,28.89,0,0,1,0,1,1,0,0,1,3720.93
70000,1,0,0,3,3,6,23,0,0,0,24.73,9.1,15505.82,118.3,79.27,33.99,29.2,80.25,33.4,28.95,0,0,1,0,1,1,0,1,0,3813.95
70000,1,0,0,3,5,5.5,22,0,0,0,23.51,11.37,16150.64,112.2,80.88,35.18,29.26,81.03,35.34,29.27,0,0,1,0,1,1,0,1,0,5023.26
60000,1,0,0,2,2,6,24,0,0,0,24.96,9.9,16009.56,87.6,76.92,33.59,28.95,81.73,33.62,29.17,0,0,1,0,1,1,0,1,0,3441.86
58000,1,0,0,3,3,5.5,20,60,0,0,24.02,8.9,15055.5,408,80.31,33.21,28.35,78.56,32.17,27.5,0,0,1,0,1,1,0,1,0,7723.26
72000,3,0,0,3,4,6,26,0,0,0,24.47,8.8,15320.63,413.8,80,33.24,28.52,78.98,32.45,27.5,0,0,1,0,1,1,0,1,0,5970.93
54000,0,0,0,2,2,6,35,48.57,0,0,24.89,9.48,15771.34,98.2,77.97,33.68,29,81.01,33.35,28.96,1,0,1,0,1,1,0,1,0,4651.16
55000,1,0,0,2,1,6.5,29,0,0,0,24.73,9.1,15505.82,118.3,79.27,33.99,29.2,80.25,33.31,28.91,0,0,1,0,1,1,0,1,0,3337.21
71000,1,0,0,3,3,6,33,0,0,0,24.23,8.91,15322.65,395.4,79.92,33.33,28.53,78.59,32.05,27.24,0,0,1,0,1,0,0,1,0,5116.28
62000,1,0,0,2,2,6,25,0,0,0,24.32,8.9,14930.25,181.3,80.62,34.39,29.49,79.3,33.31,28.86,0,0,1,0,1,1,0,1,0,1506.98
63000,1,0,0,3,3,5.5,28,55.38,0,0,24.53,8.78,15221.06,380.8,80.2,33.13,28.52,79.1,32.89,27.92,0,0,0,1,1,1,0,1,0,7008.14
55000,1,0,0,2,1,6,23,43.33,0,0,24.93,7.12,14802.14,212.2,89.01,32.94,29.02,85.57,32.59,28.76,0,0,1,0,1,1,0,1,0,5148.84
62000,2,0,0,5,3,6,28,0,0,0,24.53,8.78,15221.06,380.8,80.2,33.13,28.52,79.1,32.51,27.56,0,0,1,0,1,1,0,1,0,6216.28
65000,1,0,15,2,1,6,21,41.67,0,0,24.54,8.63,15197.96,412.1,80.33,33.19,28.53,79.04,32.69,27.75,0,0,1,0,1,1,0,1,0,5720.93
60000,1,0,0,3,1,6.5,40,0,0,0,24.89,9.43,15670.01,160.3,80.43,32.96,28.64,86.41,32.57,28.57,1,0,1,0,1,1,1,0,0,2139.53
62000,1,0,0,2,3,5.5,46,0,0,0,23.81,8.86,15064.78,224.6,81.35,32.52,28.31,82.34,33.82,28.67,0,0,1,0,1,1,0,1,0,3767.44
57000,0,0,0,2,2,5.5,48,44.29,0,0,24.52,7.36,14549.47,196.7,80.7,33.52,28.98,78.29,32.4,28.01,0,0,1,0,1,1,0,1,0,3813.95
60000,1,0,0,2,1,5,19,52.17,0,0,24.32,8.9,14930.25,181.3,80.62,34.39,29.49,79.3,33.1,28.7,0,0,1,0,1,1,0,0,1,3446.51
64000,0,23,0,1,3,6.5,20,100,0,0,23.68,8.47,13635.91,262.4,82.2,32.44,28.13,81.71,32.94,28.15,0,0,0,1,1,0,0,0,0,5000
50000,1,0,15,2,2,6,22,25,0,0,24.85,7.05,14329.67,174,88.83,33.24,29.2,84.59,32.55,28.72,0,1,1,0,1,1,0,1,0,5244.19
70000,1,20,10,4,5,5.5,19,0,0,0,23.42,11.44,16017.46,116.3,80.87,35.24,29.32,81.06,35.2,29.24,0,0,0,1,1,1,0,1,0,4651.16
68000,1,0,0,1,3,5,26,100,0,0,23.66,8.61,13642.27,271.2,82.1,32.35,28.09,81.83,32.8,28.11,0,0,1,0,0,0,0,1,0,2383.72
62000,0,0,0,2,2,6,25,25.71,0,0,24.51,7.51,14772.68,185.4,80.35,33.36,28.96,78.48,32.67,28.14,0,0,1,0,1,1,0,1,0,3398.84
67000,0,23,0,0,2,5.5,20,100,0,0,23.98,8.09,13364.52,164.2,82.38,32.67,28.2,80.38,32.73,27.97,0,0,0,1,1,1,0,1,0,6948.84
62000,1,34.5,0,1,2,5.5,32,100,0,0,23.84,8.42,13916.75,125,81.67,32.74,28.2,80.1,32.77,27.99,0,0,0,1,1,1,0,1,0,6483.72
65000,2,0,0,1,2,5.5,40,100,0,0,23.96,8.03,13294.62,170.4,82.5,32.61,28.22,81.1,32.89,27.96,0,0,0,1,1,1,0,1,0,6404.65
60000,0,0,0,2,2,5,34,100,0,0,24.85,8.12,14356.97,182.4,81.58,33.67,29.14,79.83,32.25,28.22,1,0,0,1,1,1,0,1,0,3667.44
66000,0,0,0,3,5,4.5,20,100,0,0,24.27,9.55,14512.48,163.3,80.57,34.47,29.22,80.17,32.18,27.68,0,0,0,1,0,0,0,0,1,4050
63000,0,0,0,3,2,5.5,29,100,0,0,24.52,7.36,14549.47,196.7,80.7,33.52,28.98,78.29,32.43,28.07,0,0,0,1,1,1,0,0,1,4709.3
64000,1,23,0,2,2,5,32,100,0,0,24.72,7.41,14665.92,225.7,80.7,33.42,28.78,78.48,32.67,28.24,0,0,0,1,1,1,0,1,0,4709.3
58000,2,0,0,2,3,5.5,20,100,0,0,23.73,8.96,15212.1,229.3,81.12,32.46,28.25,82.4,33.52,28.62,0,0,0,1,1,0,0,0,1,3813.95
62500,0,0,0,6,1.6,6.5,35,0,0,0,24.89,9.48,15771.34,98.2,77.97,33.68,29,81.01,33.43,29.03,0,0,0,1,1,1,0,1,0,5212.21
62500,1,0,0,2,3,6,32,100,0,0,24.47,8.61,15128.73,411.7,80.58,33.27,28.58,78.76,32.55,27.62,0,0,0,1,1,1,0,1,0,5839.53
60500,2,0,0,2,3,6,29,100,0,0,24.47,8.61,15128.73,411.7,80.58,33.27,28.58,78.76,32.52,27.56,0,0,0,1,1,1,0,1,0,5528.72
61000,2,0,0,3,2,6,24,0,0,0,24.47,8.8,15353.37,414.8,80.03,33.24,28.54,78.96,32.29,27.35,0,0,0,1,1,1,0,1,0,6197.67
67000,1,0,0,4,3,6,21,100,0,0,24.47,8.64,15224.75,414.8,80.5,33.26,28.56,78.88,32.35,27.41,0,0,1,0,1,1,0,0,1,6674.42
61000,2,0,0,3,2,6.5,28,100,0,0,24.47,8.8,15353.37,414.8,80.03,33.24,28.54,78.96,32.29,27.35,0,0,0,1,1,1,0,1,0,5911.63
70000,1,0,0,3,2,6,19,100,0,0,24.47,8.8,15353.37,414.8,80.03,33.24,28.54,78.96,32.29,27.35,0,0,0,1,1,1,0,0,1,7440.7
60000,1,0,0,2,2,6,18,50.77,0,0,23.98,8.96,15084.92,351.1,80.32,33.21,28.34,78.55,31.84,27.1,0,0,0,1,1,1,0,1,0,6593.02
65000,1,0,36,3,4,6,27,100,0,0,23.98,8.96,15084.92,351.1,80.32,33.21,28.34,78.55,31.96,27.22,0,0,0,1,1,1,0,1,0,6404.65
65000,1,0,0,2,2,6,23,100,0,0,24.47,8.8,15320.63,413.8,80,33.24,28.52,78.98,32.19,27.31,0,0,1,0,1,1,0,1,0,5501.16
61000,1,0,0,3,2,6,29,100,0,0,24.47,8.64,15224.75,414.8,80.5,33.26,28.56,78.88,32.44,27.46,0,0,0,1,1,1,0,1,0,7151.16
60000,2,0,0,3,2,5.5,26,100,0,0,23.98,8.96,15084.92,351.1,80.32,33.21,28.34,78.55,32.15,27.43,0,0,0,1,1,1,0,1,0,7627.91
58000,2,0,15,4,2,5.5,25,100,0,0,24.06,9.04,15045.21,182.4,79.45,32.99,28.07,78.76,31.99,27.37,0,0,0,1,1,1,0,1,0,7440.7
60000,2,0,0,3,2,6,25,100,0,0,24.19,8.88,15123.25,426.4,79.97,33.32,28.47,78.6,32.15,27.47,0,0,0,1,1,1,0,1,0,7063.95
60000,1,0,0,3,3,6,29,100,0,0,24.19,8.88,15123.25,426.4,79.97,33.32,28.47,78.6,32.15,27.47,0,0,0,1,1,1,0,1,0,7627.91
70000,1,0,0,2,3,6,26,100,0,0,24.45,8.86,15301.82,412.8,80.03,33.29,28.53,78.82,32.28,27.36,0,0,0,1,1,1,0,1,0,7198.84
63000,1,0,0,4,3,5.5,22,100,0,0,24.75,8.55,14874.73,347,80.33,33.18,28.57,79.06,33,27.93,0,0,1,0,1,1,0,1,0,6498.84
62000,1,0,0,4,2,5,20,100,0,0,24.47,8.8,15320.63,413.8,80,33.24,28.52,78.98,32.52,27.61,0,0,0,1,1,1,0,1,0,5813.95
60000,2,0,0,3,3,6,20,68.33,0,0,24.19,8.94,15355.27,426.4,79.97,33.36,28.54,78.52,32.1,27.3,0,0,0,1,1,1,0,1,0,7532.56
69800,1,0,0,3,2,6,22,100,0,0,24.47,8.8,15353.37,414.8,80.03,33.24,28.54,78.96,32.25,27.34,0,1,0,1,1,1,0,1,0,6027.91
60000,1,0,0,4,2,6,25,56.67,0,0,24.13,8.9,15154.32,416.1,80.17,33.21,28.38,78.67,32.09,27.36,0,0,0,1,1,1,0,1,0,5838.95
66700,1,0,0,4,2,6,20,100,0,0,24.47,8.88,15416.88,411.4,79.83,33.28,28.54,78.92,32.43,27.48,0,0,0,1,1,1,0,1,0,6436.05
65750,1,0,15,4,2,6,18,100,0,0,24.29,9.01,15429.55,395.4,79.88,33.26,28.48,78.74,32.13,27.32,0,0,0,1,1,1,0,0,1,6310.47
69500,1,0,0,4,3,5.5,15,100,0,0,24.45,8.86,15301.82,412.8,80.03,33.29,28.53,78.82,32.21,27.32,0,0,0,1,1,1,0,0,1,5720.93
70000,1,0,0,4,2,6,28,100,0,0,24.47,8.88,15416.88,411.4,79.83,33.28,28.54,78.92,32.43,27.48,0,1,0,1,1,1,0,1,0,5887.21
62500,1,0,0,2,2,5.5,34,100,0,0,24.29,9.01,15429.55,395.4,79.88,33.26,28.48,78.74,32.33,27.41,0,0,0,1,1,1,0,1,0,5911.63
61000,1,0,15,3,3,6,29,100,0,0,24.19,8.88,15123.25,426.4,79.97,33.32,28.47,78.6,32.07,27.32,0,0,0,1,1,1,0,1,0,6948.84
60000,2,0,0,4,3,6,23,100,0,0,24.47,8.8,15353.37,414.8,80.03,33.24,28.54,78.96,32.46,27.51,0,0,0,1,1,1,0,1,0,6755.81
59800,1,0,0,4,2,5.5,24,100,0,0,24.47,8.61,15128.73,411.7,80.58,33.27,28.58,78.76,32.46,27.48,0,0,0,1,1,1,0,1,0,6105.33
64200,1,0,0,3,2,6,27,100,0,0,24.14,8.91,15174.77,422.8,80.05,33.27,28.43,78.63,32.01,27.27,0,0,1,0,1,1,0,1,0,6900.58
75000,2,0,0,3,2,5.5,27,100,0,0,24.52,8.55,15082.03,412.1,80.78,33.24,28.56,78.8,32.41,27.47,0,0,0,1,1,1,0,1,0,7723.26
70000,1,0,0,3,7,5.5,18,100,0,0,23.64,9.18,16632.03,350.1,83.86,32.47,27.8,83.08,31.68,27.61,0,0,0,1,0,1,0,0,1,7063.95
60000,2,0,0,3,3,5.5,22,55,0,0,24.47,8.8,15353.37,414.8,80.03,33.24,28.54,78.96,32.46,27.5,0,0,1,0,1,1,0,0,1,7341.86
63000,1,0,0,2,2,6,28,46.67,0,0,24.45,8.86,15301.82,412.8,80.03,33.29,28.53,78.82,32.13,27.29,0,0,0,1,1,1,0,1,0,7256.98
60000,1,0,0,3,2,5.5,28,0,0,0,24.23,8.91,15322.65,395.4,79.92,33.33,28.53,78.59,32.18,27.3,0,0,0,1,1,1,0,1,0,5411.05
60000,1,0,0,2,3,6,26,63.33,0,0,24.47,8.8,15320.63,413.8,80,33.24,28.52,78.98,32.16,27.3,0,1,1,0,1,1,0,1,0,7246.51
60800,1,0,0,4,2,5.5,27,100,0,0,24.19,8.88,15123.25,426.4,79.97,33.32,28.47,78.6,32.07,27.32,0,0,0,1,1,1,0,1,0,6562.79
65000,1,34.5,0,1,3,5,30,64.29,0,0,24.64,7.49,14749.75,223.8,80.53,33.46,28.86,78.62,32.35,28,1,0,0,1,0,0,0,1,0,5244.19
55000,1,0,0,2,1.8,6,30,70,0,0,24.79,9.1,15447.88,118.3,79.07,33.92,29.13,80.34,33.34,28.93,0,0,0,1,1,1,1,0,0,3261.63
60000,1,0,0,1,1,6,31,38.33,0,0,23.86,10.52,15896.17,135.3,80.15,32.87,28.33,86.57,32.34,28.47,1,0,0,1,1,1,1,0,0,1544.19
75000,1,0,0,2,1,5.5,28,0,0,0,25.01,9.78,15810.98,82.2,77.24,33.55,28.92,81.68,33.43,28.98,0,0,0,1,1,1,1,0,0,4418.6
62500,1,0,0,2,1.5,6.5,30,75,0,0,24.82,9.46,15785.73,160.3,80.48,32.99,28.65,86.37,32.44,28.54,0,0,0,1,1,1,1,0,0,3422.97
65500,1,0,0,3,4,5.5,20,0,0,0,24.73,9.1,15505.82,118.3,79.27,33.99,29.2,80.25,33.42,28.93,0,0,0,1,1,1,0,1,0,4651.16
50000,1,0,0,3,3,5.5,20,100,0,0,24.73,9.1,15505.82,118.3,79.27,33.99,29.2,80.25,33.39,28.93,0,0,0,1,1,1,0,0,1,5018.6
70000,1,0,0,2,2,6,21,100,0,0,24.29,9.01,15429.55,395.4,79.88,33.26,28.48,78.74,32.1,27.29,0,0,0,1,1,1,0,1,0,7440.7
69000,1,0,0,3,2,6,26,100,0,0,24.55,8.72,15147.76,363,80.22,33.17,28.54,79.04,32.78,27.83,0,0,0,1,1,1,0,1,0,7532.56
59000,1,0,0,4,3,6.5,22,100,0,0,24.47,8.8,15353.37,414.8,80.03,33.24,28.54,78.96,32.32,27.38,0,0,0,1,1,1,0,1,0,6498.84
60000,2,0,0,4,3,6,32,100,0,0,24.47,8.8,15353.37,414.8,80.03,33.24,28.54,78.96,32.29,27.35,0,0,0,1,1,1,0,1,0,5768.6
59000,1,0,0,3,3,6,20,100,0,0,23.57,9.19,16473.01,348.3,83.81,32.31,27.67,83.17,31.74,27.74,0,0,0,1,1,1,0,1,0,5873.49
65000,1,0,0,3,3,5.5,26,53.85,0,0,24.55,8.72,15147.76,363,80.22,33.17,28.54,79.04,32.99,27.94,0,1,0,1,1,1,0,1,0,6697.67
63000,1,0,0,3,3,6,25,48.33,0,0,24.36,8.84,15270.45,394,80.17,33.26,28.49,78.79,32.14,27.31,0,0,0,1,1,1,0,1,0,7532.56
70000,0,0,0,2,3,6,29,58.33,0,0,24.47,8.8,15320.63,413.8,80,33.24,28.52,78.98,32.49,27.57,0,0,0,1,1,1,0,0,1,7303.72
61000,2,0,0,2,2,5.5,26,0,0,0,24.47,8.64,15224.75,414.8,80.5,33.26,28.56,78.88,32.44,27.46,0,0,0,1,1,1,0,1,0,7103.49
60000,1,0,0,3,3,6,22,100,0,0,24.18,8.87,15241.33,426.4,80.05,33.38,28.55,78.48,32.94,27.93,0,0,0,1,1,1,0,1,0,5860.47
60000,2,0,15,3,3,6,22,100,0,0,24.23,8.91,15322.65,395.4,79.92,33.33,28.53,78.59,32.03,27.22,0,0,0,1,1,1,0,1,0,5838.95
68000,1,0,0,4,3,6,18,100,0,0,24.53,8.78,15221.06,380.8,80.2,33.13,28.52,79.1,32.69,27.75,0,0,0,1,1,1,0,1,0,6225
65000,1,0,0,1,3,6,26,50.77,0,0,24.45,8.86,15301.82,412.8,80.03,33.29,28.53,78.82,32.21,27.32,0,0,0,1,1,1,0,1,0,6674.42
66800,1,0,15,3,3,6,25,100,0,0,24.47,8.88,15416.88,411.4,79.83,33.28,28.54,78.92,32.28,27.35,0,0,0,1,1,1,0,1,0,5745.35
60000,2,0,0,4,3,6,23,0,0,0,23.61,9.16,16499.64,316.1,83.94,32.51,27.84,83.06,31.67,27.54,0,0,0,1,1,1,0,1,0,6664.88
70000,1,0,0,4,2,6,31,0,0,0,24.47,8.61,15128.73,411.7,80.58,33.27,28.58,78.76,32.65,27.7,0,0,0,1,1,1,0,1,0,7487.79
60000,0,0,0,3,2,6,37,43.33,0,0,24.13,8.9,15154.32,416.1,80.17,33.21,28.38,78.67,32.02,27.27,0,0,0,1,1,1,0,1,0,6781.4
60000,1,0,5,2,2,5.5,32,66.15,0,0,24.18,8.87,15241.33,426.4,80.05,33.38,28.55,78.48,32.17,27.42,0,0,0,1,1,1,0,1,0,5826.35
65000,1,0,0,4,2.1,5.5,44,0,0,0,25.05,9.79,15854.65,62.4,77.19,33.47,28.86,81.82,33.67,29.21,0,0,0,1,1,1,0,0,1,1995.35
55000,1,0,0,1,1,6,35,0,0,0,24.73,9.1,15505.82,118.3,79.27,33.99,29.2,80.25,33.42,28.97,0,0,0,1,1,1,0,1,0,2919.77
65000,0,0,0,5,2.3,6.5,28,0,0,31.15,24.73,9.1,15505.82,118.3,79.27,33.99,29.2,80.25,33.58,29.02,0,0,0,1,1,1,1,0,0,4186.05
55000,1,0,0,3,2,4.5,42,0,0,0,24.36,8.95,15132.61,181.1,80.44,34.32,29.43,79.46,33.39,28.93,0,0,1,0,1,1,1,0,0,2679.07
70000,1,0,0,4,2.4,6,22,0,0,0,24.32,8.9,14930.25,181.3,80.62,34.39,29.49,79.3,33.19,28.83,0,0,0,1,1,1,0,0,1,5581.4
68000,1,0,0,3,3,6,21,0,0,0,24.29,9.01,15429.55,395.4,79.88,33.26,28.48,78.74,32.33,27.55,0,0,0,1,1,1,0,1,0,7720.93
58000,1,30,0,0,2,5.5,30,100,0,0,24.5,7.44,14647.32,196.5,80.5,33.4,28.95,78.38,32.74,28.34,0,0,1,0,1,1,0,1,0,5720.93
65000,0,11.5,0,1,2,5.5,29,100,0,0,24.85,8.11,15960.43,65.6,75.03,32.15,28.43,80.38,34.28,29.52,0,0,0,1,1,1,0,1,0,6197.67
62000,0,0,0,2,2,6,25,100,0,0,24.51,7.51,14772.68,185.4,80.35,33.36,28.96,78.48,32.67,28.14,0,0,1,0,1,1,0,1,0,2860.47
60000,0,0,0,4,2.5,6,20,0,0,42.31,24.73,9.1,15505.82,118.3,79.27,33.99,29.2,80.25,33.5,28.96,0,0,1,0,1,1,0,1,0,2186.05
87500,1,0,0,4,2,5.5,38,0,0,0,24.45,8.88,14920.64,165.5,80.83,34.64,29.75,78.57,33.56,28.76,0,0,1,0,1,1,1,0,0,2418.6
75000,1,0,0,3,2.1,5.5,40,0,0,0,24.36,8.95,15132.61,181.1,80.44,34.32,29.43,79.46,33.39,28.93,0,0,1,0,1,1,0,0,1,2790.7
62500,2,0,0,4,2.2,6,36,0,0,0,24.56,9,15314.59,145.1,79.89,34.19,29.33,79.87,33.25,28.87,0,0,1,0,1,1,1,0,0,5581.4
62000,0,0,0,2,1,4.5,34,0,0,0,24.59,9.02,15396.86,187.7,80.6,34.43,29.58,78.94,33.59,29.02,0,0,0,1,1,1,0,1,0,3146.51
62000,1,0,0,3,2,6.5,28,35.71,0,0,24.73,9.1,15505.82,118.3,79.27,33.99,29.2,80.25,33.32,28.91,0,0,1,0,1,1,0,0,1,2930.23
58000,0,0,2,2,1.2,6,26,0,0,0,25.07,9.73,15671.54,61.1,77.39,33.48,28.86,81.65,33.64,29.15,0,0,1,0,1,1,0,1,0,5236.05
62500,1,0,47.5,2,1.5,6,40,0,0,0,24.89,9.48,15771.34,98.2,77.97,33.68,29,81.01,33.44,29.01,0,0,1,0,1,1,0,0,1,4539.53
71420,0,0,0,3,2,6,36,0,0,0,24.73,9.1,15505.82,118.3,79.27,33.99,29.2,80.25,33.33,28.93,1,0,1,0,1,1,1,0,0,4279.07
65000,2,0,0,1,2,6.5,18,40,0,0,23.81,8.94,16227.13,242.8,84.41,32.72,28.02,83.2,31.79,27.51,0,0,0,1,1,1,0,1,0,4897.67
62000,1,0,0,3,1,6.5,18,0,0,0,24.82,9.4,15785.73,98.2,78.29,33.78,29.05,80.77,33.46,29.05,0,0,1,0,1,1,0,1,0,3813.95
68000,0,0,8,2,1.7,7,25,22,0,64,24.43,8.93,15294.89,145.1,80.39,34.24,29.37,79.59,33.34,28.93,0,0,1,0,1,1,0,0,1,3858.14
72000,0,0,0,4,4,5.5,21,0,0,0,24.89,9.48,15771.34,98.2,77.97,33.68,29,81.01,33.36,28.94,0,0,0,1,1,1,0,1,0,5086.05
60000,2,0,0,2,1,6.5,22,0,0,0,24.32,8.9,14180.5,234.7,80.62,34.39,29.49,79.3,33.28,28.88,0,0,0,1,1,1,0,1,0,2812.79
70588,0,0,0,2,1.5,5,39,0,0,0,24.56,9,15314.59,145.1,79.89,34.19,29.33,79.87,33.25,28.87,0,0,1,0,0,1,0,0,1,3174.42
62500,1,0,0,5,2.2,6,48,0,0,0,24.73,9.1,15505.82,118.3,79.27,33.99,29.2,80.25,33.5,28.96,0,0,0,1,1,1,1,0,0,4988.37
62500,2,0,0,2,1.4,6,-1,0,0,0,24.79,9.1,15447.88,118.3,79.07,33.92,29.13,80.34,33.45,29.01,0,0,1,0,1,1,0,0,0,1632.56
62000,1,0,0,3,1,6.5,22,0,0,0,24.82,8.55,15989.99,294.9,80.28,33.15,28.56,79.04,33.32,28.14,0,0,0,1,1,1,0,1,0,6076.74
58000,0,0,0,4,0.9,5,27,0,0,0,24.73,9.1,15505.82,118.3,79.27,33.99,29.2,80.25,33.4,28.95,0,0,1,0,1,1,1,0,0,2860.47
75000,1,0,22.5,1,2.8,6,32,0,0,0,24.89,9.48,15771.34,98.2,77.97,33.68,29,81.01,33.35,28.96,1,0,1,0,1,1,1,0,0,1860.47
62500,2,0,0,2,5,5.5,17,0,0,0,24.73,9.1,15505.82,118.3,79.27,33.99,29.2,80.25,33.41,28.94,0,0,0,1,1,1,0,1,0,4837.21
62000,1,0,0,3,2,5.5,-1,65.71,0,0,24.7,7.47,14710.2,168.7,80.35,33.3,28.92,78.5,32.77,28.27,1,0,1,0,1,1,0,1,0,3296.51
60000,1,0,0,3,2,6,-1,100,0,0,24.57,7.46,14724.93,192,80.58,33.36,28.96,78.48,32.66,28.13,0,0,1,0,1,1,0,1,0,3398.84
75000,1,0,0,2,1.6,6,34,0,0,0,24.73,9.1,15505.82,118.3,79.27,33.99,29.2,80.25,33.39,28.93,0,0,1,0,1,1,1,0,0,4186.05
70000,1,0,4,3,5,6,22,0,0,0,24.36,8.96,14658.39,198.3,80.7,34.56,29.69,78.69,33.49,28.96,0,0,1,0,1,1,0,1,0,5116.28
60000,1,0,0,1,2,7,-1,0,0,0,24.28,8.04,14809.63,182.9,81.22,32.6,28.2,80.52,32.19,27.86,0,0,1,0,1,1,0,1,0,5302.33
42000,1,0,0,1,1,6,34,0,0,0,24.48,8.9,15307.87,188,80.9,34.64,29.72,78.65,33.45,28.89,0,0,1,0,1,1,0,1,0,2046.51
60000,0,0,0,2,1,5.5,25,0,0,0,24.32,9.01,14608.84,198.3,80.55,34.44,29.58,79.09,33.39,28.88,1,0,1,0,1,1,0,1,0,3809.3
50000,0,0,0,3,1,5,20,0,0,0,24.64,9.39,15263.79,198.6,79.25,34.3,29.5,78.82,33.66,29.09,0,0,1,0,1,1,0,0,1,4081.4
62500,1,0,0,2,3.5,6,32,0,0,0,25.07,9.62,15731.78,61.7,77.57,33.48,28.83,81.42,33.36,29.03,1,0,1,0,1,1,1,0,0,3488.37
60000,0,0,0,2,1,5,30,60,0,0,24.48,8.9,15307.87,188,80.9,34.64,29.72,78.65,33.71,28.87,0,0,1,0,1,1,0,1,0,4279.07
60000,1,0,0,1,2,5.5,26,28.33,0,0,24.73,9.1,15505.82,118.3,79.27,33.99,29.2,80.25,33.42,28.98,0,0,1,0,1,1,0,1,0,3720.93
60000,1,0,0,1,1,6.5,26,38.33,0,0,24.79,9.1,15447.88,118.3,79.07,33.92,29.13,80.34,33.45,29.03,0,0,1,0,1,1,0,0,1,4004.65
74000,2,0,0,3,3,5.5,40,0,0,0,24.53,8.78,15221.06,380.8,80.2,33.13,28.52,79.1,32.43,27.54,0,0,0,1,1,1,0,1,0,5651.16
63000,1,0,0,1,1,6.5,16,0,0,0,24.18,8.87,16427.75,316.1,80.05,33.38,28.55,78.48,32.05,27.28,0,0,1,0,1,1,0,1,0,5053.49
55000,1,0,0,2,1,5.5,30,42.19,0,0,23.8,9.7,14490.63,227.5,81.1,33.52,28.67,85.65,32.43,28.27,1,0,1,0,1,1,0,0,1,3051.16
72000,1,0,0,4,4,6,40,0,0,0,24.79,9.1,15447.88,118.3,79.07,33.92,29.13,80.34,33.34,28.97,0,0,1,0,1,1,0,1,0,4897.67
60000,0,0,0,2,1,5,45,0,0,0,24.7,7.47,14710.2,168.7,80.35,33.3,28.92,78.5,32.9,28.26,0,0,1,0,1,1,0,1,0,2790.7
60000,1,0,0,1,1,6,25,0,0,0,23.82,10.17,15018.07,182.9,80.72,33.16,28.45,86.12,32.48,28.38,0,0,1,0,1,1,0,1,0,1130.23
75000,0,0,0,5,1.2,6,22,0,0,0,24.73,9.1,15505.82,118.3,79.27,33.99,29.2,80.25,33.35,28.91,1,0,1,0,1,1,1,0,0,2755.81
73000,1,0,0,2,5,6,34,0,0,0,24.32,9.01,14608.84,198.3,80.55,34.44,29.58,79.09,33.41,28.88,0,0,1,0,1,1,0,1,0,4709.3
55000,1,0,0,2,2,5.5,15,71.67,0,0,24.77,7.12,14404.68,268.6,82.7,33.23,29.23,79.59,32.61,28.76,0,0,1,0,1,1,0,1,0,5597.67
60000,1,0,0,2,1,6,12,30,0,0,24.8,7.16,13459.33,105,88.5,33.27,29.18,83.54,32.57,28.69,0,1,1,0,1,1,0,1,0,4958.14
75000,1,11.25,0,3,4,5.5,21,0,0,0,24.77,9.23,15588.59,104.6,78.77,33.86,29.08,80.52,33.48,29.07,0,0,1,0,1,1,0,1,0,4476.74
72000,1,0,0,2,4,5.5,33,0,0,0,24.73,9.1,15505.82,118.3,79.27,33.99,29.2,80.25,33.42,28.93,0,0,1,0,1,1,0,1,0,4520.93
71000,1,0,4.4,3,5,6,24,0,0,0,24.73,9.1,15505.82,118.3,79.27,33.99,29.2,80.25,33.42,28.98,0,0,1,0,1,1,0,1,0,5116.28
60000,1,0,15,2,1,6,10,0,0,0,24.47,8.8,15320.63,413.8,80,33.24,28.52,78.98,32.45,27.51,0,0,1,0,1,1,0,1,0,6006.98
62000,1,0,0,3,2,5.5,30,30.77,0,0,24.09,8.85,15010.44,409.4,80.36,33.23,28.38,78.59,31.88,27.13,0,0,0,1,1,1,0,0,1,5180.23
55000,1,0,0,2,1,5.5,38,0,0,0,23.79,9.57,14347.75,234.7,81.3,33.62,28.71,85.48,32.43,28.27,0,0,1,0,1,1,0,0,1,2669.77
75000,2,2.5,0,3,3,5.5,40,0,0,0,24.29,9.01,15429.55,395.4,79.88,33.26,28.48,78.74,32.11,27.28,0,0,0,1,1,1,0,1,0,6246.51
75000,2,2.5,0,3,3,5.5,40,0,0,0,24.47,8.88,15416.88,411.4,79.83,33.28,28.54,78.92,32.38,27.41,0,0,0,1,1,1,0,1,0,6232.56
65000,2,0,0,4,2,6,17,100,0,0,24.45,8.86,15301.82,412.8,80.03,33.29,28.53,78.82,32.25,27.33,0,0,1,0,1,1,0,0,1,4672.09
75000,1,23,0,0,3,5.5,14,0,0,0,24.14,8.91,15174.77,422.8,80.05,33.27,28.43,78.63,31.84,27.09,0,0,0,1,1,1,0,1,0,6046.51
65000,1,0,0,2,1,6,24,0,0,0,23.95,8.89,16226.42,263.9,84.48,32.74,28.05,83.35,31.78,27.45,0,0,1,0,1,1,0,1,0,5244.19
72000,1,0,0,2,5,6,39,0,0,0,25.05,9.59,15520.22,98.2,77.57,33.57,28.89,81.3,33.39,29,0,0,1,0,1,1,0,1,0,4897.67
71000,1,0,0,3,5,5.5,23,0,0,0,24.73,9.1,15505.82,118.3,79.27,33.99,29.2,80.25,33.5,28.96,0,0,1,0,1,1,0,1,0,4651.16
60000,1,0,0,1,1,5.5,20,0,0,0,24.36,8.95,15132.61,181.1,80.44,34.32,29.43,79.46,33.35,28.97,0,1,1,0,1,1,0,1,0,4709.3
62000,1,0,0,2,1,6,20,31.67,0,0,24.77,7.12,14057.88,161,89.03,33.23,29.23,84.16,32.53,28.71,0,1,1,0,1,1,0,1,0,4922.09
65000,0,0,0,2,1,5,20,0,0,0,24.19,8.94,15355.27,426.4,79.97,33.36,28.54,78.52,32,27.21,0,0,1,0,1,1,0,1,0,5839.53
62000,1,0,0,2,1,6,23,0,0,0,24.98,9.53,15623.6,98.2,77.74,33.62,28.95,81.13,33.43,29.01,1,0,1,0,1,1,0,0,1,3623.26
71000,1,0,0,1,3,5,39,0,0,0,23.99,8.63,14410.85,268.6,82.55,33.81,29.18,79.79,34.89,29.38,0,0,1,0,1,1,0,1,0,3673.26
60000,0,0,0,4,1,5,23,0,0,0,24.36,8.96,14658.39,198.3,80.7,34.56,29.69,78.69,33.47,28.94,0,0,1,0,1,1,0,0,1,4172.09
75000,2,0,0,2,3.5,5.5,43,0,0,0,24.43,8.93,15294.89,145.1,80.39,34.24,29.37,79.59,33.07,28.76,0,0,0,1,1,1,1,0,0,4595.35
65000,1,0,0,2,1,6,18,28.33,0,0,23.88,8.96,16278.39,266.6,84.38,32.65,27.99,83.33,31.8,27.46,0,0,1,0,1,1,0,1,0,5816.28
55000,1,0,0,2,1,6,16,36.67,0,0,24.04,8.86,14848.21,270.2,81.97,33.51,29,80.67,34.67,29.22,0,0,1,0,1,1,0,1,0,4922.09
71000,1,0,0,2,4,5.5,42,0,0,0,24.04,8.86,14848.21,270.2,81.97,33.51,29,80.67,34.77,29.29,0,0,1,0,1,1,0,1,0,3296.51
73000,1,0,0,2,3,5.5,40,0,0,0,24.52,8.55,15082.03,412.1,80.78,33.24,28.56,78.8,32.78,27.82,0,0,1,0,1,1,0,1,0,5462.79
73000,1,0,0,2,4,6,23,0,0,0,23.99,8.63,14410.85,268.6,82.55,33.81,29.18,79.79,34.99,29.5,0,0,0,1,1,1,0,1,0,5180.23
73000,1,0,0,3,5,5.5,24,0,0,0,24.73,9.1,15505.82,118.3,79.27,33.99,29.2,80.25,33.38,28.96,0,0,1,0,1,1,0,1,0,4709.3
62000,1,0,0,1,1,6,26,43.33,0,0,23.64,9.12,16424.63,330.8,84.16,32.56,27.86,83.15,31.75,27.64,0,0,0,1,1,1,0,1,0,5434.88
70000,1,0,0,3,4,6,18,0,0,0,24.45,8.86,15301.82,412.8,80.03,33.29,28.53,78.82,32.46,27.57,0,0,1,0,1,1,0,1,0,6027.91
60000,1,0,0,2,2,5.5,20,26.67,0,0,24.93,7.12,14802.14,212.2,89.01,32.94,29.02,85.57,32.68,28.79,0,1,1,0,1,1,0,1,0,5018.6
73000,1,0,0,2,4,5.5,36,0,0,0,24.02,8.57,14390.09,249,82.55,33.71,29.1,79.98,34.92,29.4,0,0,1,0,1,1,0,1,0,3720.93
74000,2,7.5,0,4,3,6,35,0,0,0,24.47,8.8,15320.63,413.8,80,33.24,28.52,78.98,32.28,27.35,0,0,0,1,1,1,0,1,0,6046.51
69500,0,0,0,3,0.9,6,25,0,0,0,24.98,9.53,15623.6,98.2,77.74,33.62,28.95,81.13,33.39,29.01,0,0,1,0,1,1,0,1,0,3174.42
58000,1,0,0,2,2,5,22,38.57,0,0,24.43,8.93,15294.89,145.1,80.39,34.24,29.37,79.59,33.27,28.92,0,0,1,0,1,1,0,1,0,6273.26
74000,2,15,0,3,3,5.5,31,0,0,0,24.72,8.56,14957.99,347,80.4,33.14,28.53,79.1,32.89,27.91,0,0,0,1,1,1,0,1,0,6122.09
58000,2,0,0,2,1,6,-1,0,0,0,24.35,8.16,14966.78,168.5,81.4,32.57,28.17,80.33,32.18,27.88,0,0,1,0,1,1,0,1,0,4186.05
62000,1,0,0,2,1,6,34,30,0,0,24.05,8.71,16089.43,294.9,84.6,32.78,28.06,83.42,31.8,27.43,0,0,1,0,1,1,0,1,0,5244.19
60000,1,0,0,4,2,5.5,23,33.33,0,0,24.31,9.01,14614.81,198.3,80.5,34.41,29.54,79.23,33.32,28.88,0,0,1,0,1,1,0,1,0,4958.14
70000,1,0,0,2,1,5,25,0,0,0,24.32,8.96,14773.84,198.3,80.55,34.58,29.69,78.71,33.43,28.94,0,0,1,0,1,1,0,0,1,4262.79
65000,1,0,0,2,1,6,20,36.67,0,0,23.83,9.08,16491.43,337.9,83.93,32.56,27.9,83.34,31.82,27.53,0,0,1,0,1,1,0,1,0,6006.98
65000,1,0,0,1,1,4.5,34,0,0,0,24.32,9.01,14608.84,198.3,80.55,34.44,29.58,79.09,33.4,28.92,0,0,1,0,1,1,0,1,0,3265.12
60000,1,0,0,2,2,6,45,0,0,0,24.33,8.66,14733.47,252.1,82.55,33.18,28.77,81.41,34.63,29.23,0,0,1,0,1,1,0,0,1,3337.21
80000,2,15,0,3,3,6.5,33,0,0,0,24.36,8.84,15270.45,394,80.17,33.26,28.49,78.79,32.38,27.44,0,0,0,1,1,1,0,1,0,6046.51
71000,2,0,0,3,3,6,28,0,0,0,24.61,8.69,15050.74,362.8,80.35,33.15,28.53,79.06,32.7,27.77,0,0,1,0,1,1,0,1,0,6613.95
73000,1,0,0,2,4,5,42,0,0,0,24.04,8.76,14702.5,270.2,82.17,33.6,29.04,80.41,34.85,29.4,0,0,1,0,1,1,0,1,0,3673.26
73000,1,0,0,2,4,5,44,0,0,0,24.04,8.76,14702.5,270.2,82.17,33.6,29.04,80.41,34.83,29.39,0,0,1,0,1,1,0,1,0,3673.26
74000,1,15,0,3,4,6,20,0,0,0,24.36,8.84,15270.45,394,80.17,33.26,28.49,78.79,32.27,27.37,0,0,0,1,1,1,0,1,0,6404.65
72000,1,15,0,3,3,6,23,0,0,0,24.19,8.94,15355.27,426.4,79.97,33.36,28.54,78.52,32,27.21,0,0,0,1,1,1,0,1,0,5462.79
62000,1,0,0,3,4,5,30,0,0,0,23.82,8.68,14957.99,252.3,84.93,33.39,28.79,83.55,32.65,27.86,0,0,1,0,1,1,0,1,0,5462.79
80500,2,0,9,5,3,5.5,24,0,0,0,24.45,8.86,15301.82,412.8,80.03,33.29,28.53,78.82,32.21,27.32,0,0,0,1,1,1,0,1,0,5603.49
74000,2,0,0,3,3,6,25,0,0,0,24.64,8.64,14943.58,347,80.53,33.15,28.53,79.05,32.7,27.77,0,1,1,0,1,1,0,1,0,6338.37
72000,2,0,0,3,3,6,35,0,46.67,0,24.61,8.69,15050.74,362.8,80.35,33.15,28.53,79.06,32.7,27.77,0,0,1,0,1,0,0,1,0,6613.95
74000,2,20,0,3,4,6,23,0,0,0,24.47,8.61,15128.73,411.7,80.58,33.27,28.58,78.76,32.65,27.7,0,0,0,1,1,1,0,1,0,5953.49
73000,0,2.5,0,3,4,6,24,0,0,0,24.53,8.78,15221.06,380.8,80.2,33.13,28.52,79.1,32.72,27.79,0,0,0,1,1,1,0,1,0,5651.16
72000,2,0,0,3,4,6,28,0,0,0,24.47,8.8,15353.37,414.8,80.03,33.24,28.54,78.96,32.32,27.38,0,0,1,0,1,1,0,1,0,5970.93
62000,1,0,0,3,4,5,28,0,0,0,23.53,10.22,16849.98,204.3,81.06,34.66,28.96,80.92,34.48,28.91,0,0,1,0,1,1,0,1,0,3767.44
74000,4,7.5,0,3,4,6.5,30,0,0,0,24.52,8.55,15082.03,412.1,80.78,33.24,28.56,78.8,32.55,27.59,0,0,0,1,1,1,0,1,0,6046.51
75000,2,7.5,0,3,3,5,24,0,0,0,24.53,8.78,15221.06,380.8,80.2,33.13,28.52,79.1,32.79,27.83,0,0,0,1,1,1,0,1,0,6232.56
61000,1,0,0,4,3,6,27,0,0,0,24.29,9.01,15429.55,395.4,79.88,33.26,28.48,78.74,32.08,27.27,0,0,0,1,1,1,0,1,0,6216.74
73000,1,0,0,4,3,5.5,41,0,0,0,24.47,8.64,15224.75,414.8,80.5,33.26,28.56,78.88,32.53,27.6,0,0,1,0,1,1,0,1,0,5302.33
72000,1,0,0,2,3,5,40,0,0,0,24.45,8.86,15301.82,412.8,80.03,33.29,28.53,78.82,32.46,27.57,0,0,1,0,1,1,0,1,0,6232.56
72000,1,0,0,3,3,5.5,39,0,0,0,24.23,8.91,15322.65,395.4,79.92,33.33,28.53,78.59,32.05,27.24,0,0,1,0,1,1,0,1,0,5603.49
72000,1,0,0,3,3,5.5,37,0,0,0,24.19,8.94,15355.27,426.4,79.97,33.36,28.54,78.52,32.05,27.26,0,0,1,0,1,1,0,1,0,5274.42
72000,1,0,0,3,3,5,40,0,0,0,24.47,8.64,15224.75,414.8,80.5,33.26,28.56,78.88,32.49,27.53,0,0,1,0,1,1,0,1,0,5488.37
66000,2,0,0,4,1.2,5.5,20,0,0,0,24.32,8.9,14930.25,181.3,80.62,34.39,29.49,79.3,33.31,28.86,1,0,1,0,1,1,1,0,0,3534.88
73000,2,0,30,3,4,5.5,45,0,0,0,24.33,8.66,14733.47,252.1,82.55,33.18,28.77,81.41,34.71,29.28,0,0,0,1,1,1,0,1,0,5462.79
73000,1,0,0,3,4,5.5,41,0,0,0,24.25,8.75,14788.75,247.8,82.38,33.22,28.79,81.26,34.86,29.4,0,0,1,0,1,1,0,1,0,5462.79
73000,2,0,0,3,3,5.5,43,0,0,0,24.25,8.75,14788.75,247.8,82.38,33.22,28.79,81.26,34.83,29.37,0,0,0,1,1,1,0,1,0,5462.79
73000,1,0,0,1,4,5.5,42,0,0,0,24.05,8.87,14777.39,279,82.12,33.44,28.96,80.84,34.65,29.22,0,0,1,0,1,1,0,0,1,3767.44
73000,1,0,0,2,4,5.5,38,0,0,0,24.05,8.87,14777.39,279,82.12,33.44,28.96,80.84,34.63,29.19,0,0,1,0,1,1,0,1,0,4050
72000,1,0,0,2,4,5,40,0,0,0,24.01,8.67,14512.39,268.6,82.35,33.73,29.12,79.93,34.88,29.38,0,0,1,0,1,1,0,1,0,3861.63
73000,1,0,0,2,4,5.5,39,0,0,0,24.02,8.57,14390.09,249,82.55,33.71,29.1,79.98,34.94,29.42,0,0,1,0,1,1,0,1,0,3861.63
73000,1,0,0,2,3,5.5,41,0,0,0,24.04,8.76,14702.5,270.2,82.17,33.6,29.04,80.41,34.97,29.5,0,0,1,0,1,1,0,1,0,3767.44
73000,1,0,0,2,3,5.5,38,0,0,0,24.04,8.86,14848.21,270.2,81.97,33.51,29,80.67,34.89,29.41,0,0,1,0,1,1,0,1,0,3767.44
72000,1,0,0,2,3,5,42,0,0,0,24.04,8.85,14788.15,279,82.08,33.46,28.98,80.83,34.8,29.32,0,0,1,0,1,1,0,1,0,3861.63
72500,1,0,0,2,4,6,18,0,0,0,23.92,9.03,15272.72,311,79.81,33.21,28.33,78.59,32.14,27.46,0,0,1,0,1,1,0,1,0,6122.09
80000,2,15,0,3,4,6.5,32,0,0,0,24.29,9.01,15429.55,395.4,79.88,33.26,28.48,78.74,32.2,27.32,0,0,0,1,1,1,0,1,0,6046.51
62000,1,0,0,3,3,6,17,0,0,0,24.47,8.61,15128.73,411.7,80.58,33.27,28.58,78.76,32.58,27.66,0,0,1,0,1,1,0,1,0,5302.33
68000,1,0,12,4,4,6,-1,0,0,0,24.09,9.24,15335.62,159.7,78.94,32.51,27.57,79.33,31.95,27.58,0,0,1,0,1,1,0,1,0,4615.12
70000,1,0,7.5,4,4,6,19,0,0,0,24.14,8.91,15174.77,422.8,80.05,33.27,28.43,78.63,31.89,27.29,0,0,1,0,1,1,0,1,0,4615.12
73000,1,15,0,3,4,6,23,0,0,0,24.08,9.15,15080.61,170,79.07,32.68,27.7,79.06,31.79,27.45,0,0,1,0,1,1,0,1,0,5327.91
68750,2,0,0,2,3,5.5,23,0,0,0,24.54,8.63,15197.96,412.1,80.33,33.19,28.53,79.04,32.95,27.89,0,0,0,1,1,1,0,1,0,6197.67
72000,2,0,0,3,3,6,19,0,0,0,24.84,8.44,14845.46,262.7,80.3,33.19,28.61,78.96,32.65,27.63,0,0,0,1,1,1,0,1,0,5839.53
72000,1,0,0,3,3,5.5,35,0,0,0,24.52,8.55,15082.03,412.1,80.78,33.24,28.56,78.8,32.31,27.43,0,0,0,1,1,1,0,1,0,6046.51
73000,1,0,0,3,3,5.5,40,0,0,0,24.47,8.61,15128.73,411.7,80.58,33.27,28.58,78.76,32.3,27.43,0,0,0,1,1,1,0,1,0,5860.47
73000,2,0,0,3,3,6,30,0,0,0,24.75,8.55,14874.73,347,80.33,33.18,28.57,79.06,32.42,27.51,0,0,0,1,1,1,0,1,0,5953.49
73000,2,0,0,3,4,5,38,0,0,0,24.45,8.86,15301.82,412.8,80.03,33.29,28.53,78.82,32.43,27.5,0,0,0,1,1,1,0,1,0,6122.09
73000,1,0,0,4,3,5,37,0,0,0,24.52,8.55,15082.03,412.1,80.78,33.24,28.56,78.8,32.55,27.6,0,0,0,1,1,1,0,1,0,6122.09
73000,1,0,0,3,3,5,42,0,0,0,24.45,8.86,15301.82,412.8,80.03,33.29,28.53,78.82,32.46,27.57,0,0,0,1,1,1,0,1,0,5933.72
62500,1,0,0,2,4,5.5,35,0,0,0,24.45,8.86,15301.82,412.8,80.03,33.29,28.53,78.82,32.46,27.57,0,0,1,0,1,1,0,1,0,5148.84
72000,1,0,0,2,3,5,36,0,0,0,24.54,8.63,15197.96,412.1,80.33,33.19,28.53,79.04,32.92,27.88,0,0,1,0,1,1,0,1,0,5556.98
72000,1,0,0,2,3,5,38,0,0,0,24.52,8.55,15082.03,412.1,80.78,33.24,28.56,78.8,32.59,27.66,0,0,1,0,1,1,0,1,0,5236.05
65000,1,0,0,2,3,5.5,40,0,0,0,24.53,8.78,15221.06,380.8,80.2,33.13,28.52,79.1,32.86,27.89,0,0,1,0,1,1,0,1,0,5395.35
72000,1,0,0,2,3,5.5,35,0,0,0,24.54,8.63,15197.96,412.1,80.33,33.19,28.53,79.04,32.79,27.83,0,0,1,0,1,1,0,1,0,6046.51
72000,1,0,0,2,4,5.5,36,0,0,0,24.05,8.87,14777.39,279,82.12,33.44,28.96,80.84,34.78,29.33,0,0,1,0,1,1,0,1,0,5180.23
73000,1,0,0,2,3,5,40,0,0,0,24.54,8.63,15197.96,412.1,80.33,33.19,28.53,79.04,32.75,27.79,0,0,1,0,1,1,0,1,0,5511.63
60000,1,0,0,2,2,6,20,35.71,0,0,23.78,8.49,14142.87,132.5,81.85,32.71,28.2,79.79,33.15,28.14,0,0,1,0,1,1,0,1,0,3767.44
80000,1,0,0,4,1,5.5,35,0,0,0,24.36,8.96,14658.39,198.3,80.7,34.56,29.69,78.69,33.38,28.85,0,0,1,0,1,1,0,1,0,3579.07
50000,1,0,0,1,1,6,30,0,0,0,24.48,8.9,15307.87,188,80.9,34.64,29.72,78.65,33.38,28.82,0,0,1,0,1,1,0,1,0,3720.93
80000,0,0,0,2,1,6,30,0,0,0,24.75,9.12,15076.68,190.6,79.92,34.25,29.46,79.1,33.91,29.16,0,0,1,0,1,1,0,1,0,4481.4
55000,0,0,0,4,1,5.5,25,0,0,0,24.75,9.17,15178.36,189.1,79.7,34.27,29.48,79.01,33.74,29.1,0,0,1,0,1,1,0,0,1,4372.09
60000,0,0,0,2,1,4.5,24,0,0,0,24.71,9.28,15239.28,189.1,79.5,34.26,29.47,78.98,33.75,29.12,0,0,1,0,1,1,0,0,1,3813.95
71000,1,0,0,1,3,5,43,0,0,0,23.96,8.65,14397.48,268.6,82.58,33.82,29.2,79.71,34.88,29.37,0,0,1,0,1,1,0,1,0,3673.26
60500,2,0,0,4,4,6,22,100,0,0,24.47,8.8,15353.37,414.8,80.03,33.24,28.54,78.96,32.32,27.38,0,0,1,0,1,1,0,1,0,5730.47
61000,1,0,0,4,3,5.5,18,100,0,0,24.47,8.88,15416.88,411.4,79.83,33.28,28.54,78.92,32.43,27.48,0,0,1,0,1,1,0,1,0,6736.51
75000,1,15,0,3,3,6,24,0,0,0,24.18,8.93,15207.06,426.4,80,33.34,28.5,78.51,31.93,27.17,0,0,0,1,1,1,0,1,0,7913.95
70000,0,0,0,4,4,6,38,0,55,0,24.54,8.63,15197.96,412.1,80.33,33.19,28.53,79.04,32.66,27.72,0,0,0,1,1,1,0,1,0,6418.6
62500,1,0,37.5,2,1.9,6,45,0,0,0,25.02,9.81,15882,62,77.14,33.5,28.9,81.9,33.4,28.96,0,0,0,1,1,1,1,0,0,1871.63
55000,0,0,0,4,3.3,5.5,60,0,0,0,24.32,8.9,14930.25,181.3,80.62,34.39,29.49,79.3,33.25,28.85,0,0,0,1,1,1,0,1,0,2790.7
60000,0,0,0,1,2,6,-1,0,0,0,24.36,8.12,14804.76,164.7,81.2,32.53,28.15,80.24,32.17,27.8,0,0,1,0,1,1,0,1,0,5462.79
60000,1,0,0,2,1,6,17,35,0,0,24.73,7.07,13512.05,161,89,33.25,29.22,83.97,32.55,28.73,0,1,1,0,1,1,0,1,0,3474.42
60000,1,0,0,1,2,5,-1,0,0,0,24.07,8.59,15518.97,233.8,81.25,32.24,27.94,80.24,32.07,27.92,0,0,1,0,1,1,0,1,0,4238.37
60000,1,0,0,1,2,6.5,32,0,0,0,24.07,8.95,14698.22,236.5,81.77,34.11,28.91,83.79,32.47,28.25,0,0,0,1,1,1,0,0,1,3051.16
65000,1,0,0,2,1,6,19,31.67,0,0,23.83,9.08,16491.43,337.9,83.93,32.56,27.9,83.34,31.85,27.57,0,0,1,0,1,1,0,1,0,5530.23
55000,1,0,15,2,2,5.5,22,0,0,0,24.83,7.13,14512.39,268.6,88.83,33.23,29.21,84.49,32.45,28.7,0,1,1,0,1,1,0,1,0,5404.65
60000,1,0,0,2,2,6.5,35,0,0,0,23.86,10.52,15896.17,135.3,80.15,32.87,28.33,86.57,32.44,28.35,1,0,1,0,1,1,0,1,0,3255.81
59700,1,0,15,3,2,6,16,100,0,0,24.23,8.91,15322.65,395.4,79.92,33.33,28.53,78.59,32.03,27.22,0,0,0,1,1,1,0,0,1,6169.19
62000,1,0,0,2,1,7,16,0,0,0,24.47,8.8,15353.37,414.8,80.03,33.24,28.54,78.96,32.53,27.61,0,0,1,0,1,1,0,1,0,4958.14
75000,2,0,0,3,3,5.5,32,0,0,0,25.05,9.59,15520.22,98.2,77.57,33.57,28.89,81.3,33.39,29,0,0,0,1,1,1,0,1,0,5720.93
65000,1,0,0,2,1,6,22,0,0,0,23.81,8.97,16264,315.5,84.26,32.7,28.01,83.27,31.78,27.5,0,0,1,0,1,1,0,1,0,5053.49
60000,1,0,0,3,1,5.5,31,0,0,0,24.73,9.1,15505.82,118.3,79.27,33.99,29.2,80.25,33.38,28.96,0,0,0,1,1,1,0,0,1,3069.77
65000,1,34.5,0,1,4,5,35,0,0,0,24.25,7.82,14559.85,155.7,82.81,33.12,28.6,79.63,33,28.67,0,0,0,1,1,0,0,1,0,6466.28
65000,1,0,0,1,1,6.5,25,53.33,0,0,23.63,9.12,15355.27,426.4,84.11,32.56,27.87,83.14,31.68,27.54,0,0,1,0,1,1,0,1,0,4767.44
70000,1,24,20,3,3,5.5,20,0,0,0,23.36,11.38,15855.63,114.4,80.67,35.14,29.21,81.07,35.26,29.23,0,0,0,1,1,1,0,1,0,4651.16
65000,2,0,0,2,2,5.5,24,43.33,0,0,24.52,8.55,15082.03,412.1,80.78,33.24,28.56,78.8,32.81,27.82,0,0,1,0,1,1,0,1,0,5086.05
60000,1,0,0,2,3,6,27,55.38,0,0,24.19,8.88,15123.25,426.4,79.97,33.32,28.47,78.6,32.07,27.32,0,0,0,1,1,1,0,1,0,5745.35
63000,1,0,0,2,3,6,16,100,0,0,24.45,8.86,15301.82,412.8,80.03,33.29,28.53,78.82,32.13,27.29,0,0,0,1,1,1,0,0,1,6817.44
60000,0,0,0,3,1,5,28,0,0,0,24.34,8.97,14594.58,198.3,80.53,34.56,29.67,78.7,33.44,28.95,0,0,1,0,1,1,0,0,1,3174.42
60000,1,0,0,3,1,6,50,0,0,0,23.81,10.09,15001.74,182.9,80.72,33.25,28.5,86.02,32.46,28.35,1,0,1,0,1,1,0,1,0,1695.35
60000,2,0,0,2,1,6.5,23,0,0,0,23.63,9.12,16404.95,316.1,84.11,32.56,27.87,83.14,31.73,27.65,0,0,1,0,1,1,0,1,0,5434.88
55000,1,0,15,2,1,6,23,25,0,0,24.43,8.68,14738.29,181.6,82.42,32.92,28.64,82.22,34.77,29.28,0,1,1,0,1,1,0,1,0,4958.14
68000,1,0,15,2,2,5,10,30,0,0,23.64,9.12,16424.63,330.8,84.16,32.56,27.86,83.15,31.7,27.56,0,0,1,0,1,1,0,1,0,5720.93
60000,1,0,0,2,2,5,27,0,0,0,24.32,8.1,14948.1,183.6,81.38,32.55,28.18,80.48,32.28,27.93,0,0,1,0,1,1,0,1,0,4958.14
60000,2,0,0,4,4,6,25,0,0,0,24.09,8.85,15010.44,409.4,80.36,33.23,28.38,78.59,32.16,27.47,0,0,0,1,1,1,0,1,0,5050.26
66000,1,0,0,2,3,5,25,0,0,0,24.62,7.53,14736.66,224.3,80.6,33.47,28.88,78.52,32.4,28.02,1,0,1,0,0,0,0,1,0,3720.93
62500,1,0,0,2,1.2,6,52,0,0,0,24.89,9.48,15771.34,98.2,77.97,33.68,29,81.01,33.33,28.9,1,0,0,1,1,1,1,0,0,1804.88
70000,1,0,0,2,1,5.5,25,0,0,0,24.46,8.89,15070.36,186.4,81.05,34.68,29.76,78.58,33.36,28.83,0,0,1,0,1,1,0,0,1,4520.93
75000,1,23,0,3,4,6,17,0,0,0,25.05,9.59,15520.22,98.2,77.57,33.57,28.89,81.3,33.39,29.04,0,0,0,1,1,1,0,1,0,5674.42
60000,1,0,0,1,2,6.5,32,0,0,0,23.84,9.06,16501.17,332.4,83.89,32.57,27.89,83.35,31.75,27.64,0,0,0,1,1,1,0,1,0,5720.93
62500,1,0,0,2,1,6.5,11,0,0,0,24.53,8.78,15221.06,380.8,80.2,33.13,28.52,79.1,32.89,27.92,0,0,1,0,1,1,0,1,0,6388.37
63000,1,0,0,2,2,5,58,0,40,0,24.36,8.96,14658.39,198.3,80.7,34.56,29.69,78.69,33.5,28.94,1,0,1,0,1,1,0,1,0,3296.51
60000,1,0,0,2,1,6,13,26.67,0,0,24.87,7.24,15185,197.7,88.98,33.11,29.13,85.15,32.6,28.73,0,0,1,0,1,1,0,1,0,5469.77
65000,1,0,0,2,1,5.5,27,38.33,0,0,23.83,9.08,16491.43,337.9,83.93,32.56,27.9,83.34,31.85,27.57,0,0,0,1,1,1,0,1,0,2637.21
68000,1,0,0,3,2,6,23,100,0,0,24.47,8.88,15416.88,411.4,79.83,33.28,28.54,78.92,32.43,27.48,0,0,0,1,1,1,0,1,0,5720.93
60000,1,0,0,2,2,5.5,28,100,0,0,24.47,8.88,15416.88,411.4,79.83,33.28,28.54,78.92,32.22,27.32,0,1,0,1,1,1,0,1,0,6245.35
61000,1,0,0,3,3,6,22,100,0,0,24.29,9.01,15429.55,395.4,79.88,33.26,28.48,78.74,32.1,27.29,0,0,0,1,1,1,0,1,0,6128.49
60000,0,0,0,1,1,6,-1,0,0,0,24.53,8.83,15063.7,168.12,80.21,33.94,29.21,79.75,33.36,28.81,0,0,1,0,1,1,0,1,0,4868.6
70000,1,0,0,2,1,5.5,-1,0,0,0,24.69,9.61,15158.98,206.1,78.85,34.07,29.37,79.08,33.72,29.05,0,0,1,0,1,1,0,0,1,3348.84
60000,1,0,0,4,3,5,38,48.57,0,0,24.62,7.28,14456.12,198.6,81.05,33.6,28.99,78.43,32.26,27.98,1,0,1,0,1,1,0,1,0,3711.63
62000,2,0,15,2,1,6,20,0,0,0,24.89,7.46,13662.97,121,87.48,33.07,29.02,83.16,32.62,28.73,0,1,1,0,1,1,0,1,0,4958.14
60000,1,0,0,1,2,7,-1,37.04,0,0,24.25,7.8,14546.31,248.6,81.3,32.67,28.29,80.52,32.29,27.91,0,0,1,0,1,1,0,1,0,4426.74
60000,1,0,0,2,1,5.5,22,41.67,0,0,24.8,7.16,13459.33,105,88.5,33.27,29.18,83.54,32.62,28.72,0,0,1,0,1,1,0,1,0,4004.65
65000,1,0,0,2,1,5.5,20,25,0,0,23.8,9.05,16403.48,315.5,84.08,32.66,27.98,83.28,31.76,27.5,0,0,0,1,1,1,0,1,0,3013.95
59800,1,0,0,3,2,6,19,0,0,0,23.61,9.16,16499.64,316.1,83.94,32.51,27.84,83.06,31.67,27.54,0,0,0,1,1,1,0,1,0,6436.05
70000,1,0,15,3,4,6,21,0,0,0,24.29,9.01,15429.55,395.4,79.88,33.26,28.48,78.74,32.33,27.55,0,0,0,1,1,0,0,1,0,7063.95
58600,1,0,0,1,2,6,20,0,0,0,24.23,8.91,15322.65,395.4,79.92,33.33,28.53,78.59,32.68,27.71,0,0,0,1,1,1,0,1,0,6027.91
66000,2,0,0,4,2.9,5.5,22,0,0,0,24.32,8.9,14930.25,181.3,80.62,34.39,29.49,79.3,33.28,28.86,0,0,1,0,1,1,1,0,0,5193.02
55000,1,0,0,1,1,5,32,0,0,0,23.87,10.45,15670.01,160.3,80.43,32.96,28.36,86.41,32.51,28.36,0,0,1,0,1,1,0,0,1,2883.72
65000,2,0,0,2,1,6,13,28.33,0,0,23.83,9.08,16491.43,337.9,83.93,32.56,27.9,83.34,31.83,27.55,0,0,1,0,1,1,0,1,0,5148.84
60000,1,0,0,2,2,7,9,0,0,0,24.89,9.39,15925.34,98.2,78.17,33.74,29.03,80.89,33.38,28.96,0,0,1,0,1,1,0,1,0,4862.79
60000,1,0,0,2,1,6,12,40,0,0,24.82,7.29,13956.84,98,88.2,33.27,29.17,83.37,32.51,28.7,0,1,1,0,1,1,0,1,0,4632.56
62500,1,19.2,0,2,3.6,5.5,40,0,0,0,24.34,8.97,14594.58,198.3,80.53,34.56,29.67,78.7,33.38,28.85,0,0,0,1,1,1,0,1,0,3534.88
65000,1,0,3,5,2,6,25,100,0,0,23.97,8.02,13301.9,162.4,82.45,32.62,28.22,80.95,32.77,27.98,0,0,1,0,1,1,0,1,0,5339.53
68000,2,0,0,3,2,6.5,23,100,0,0,23.85,8.57,13926.43,134.2,82.12,32.65,28.11,79.14,33.48,28.35,0,0,1,0,1,1,0,1,0,4767.44
70000,0,0,0,2,5,5.5,17,0,0,0,24.79,9.1,15447.88,118.3,79.07,33.92,29.13,80.34,33.39,28.99,0,0,1,0,1,1,0,1,0,4651.16
70000,1,0,0,4,4,6,19,0,0,0,24.89,9.48,15771.34,98.2,77.97,33.68,29,81.01,33.44,29.01,0,0,1,0,1,1,0,1,0,4744.19
60000,1,0,0,2,1,5.5,32,0,0,0,23.79,9.57,14347.75,234.7,81.3,33.62,28.71,85.48,32.45,28.43,0,0,0,1,1,1,0,1,0,4386.05
56000,1,0,0,2,2,6,30,64.29,0,0,24.36,8.77,14854.25,164.5,82.38,32.87,28.64,82.33,34.65,29.25,0,0,1,0,1,1,0,0,1,4102.33
60000,1,0,0,5,1,4.5,26,0,0,0,24.67,9.31,15196.15,188.7,79.35,34.26,29.47,78.98,33.77,29.13,0,0,1,0,1,1,0,1,0,4290.7
72000,1,0,0,2,2,5.5,30,100,0,0,24.35,8.94,14619.55,198.3,80.67,34.52,29.63,78.92,33.47,28.9,0,0,0,1,1,1,0,1,0,1674.42
60000,1,0,0,3,1,5.5,30,100,0,0,24.32,8.96,14610.72,198.3,80.58,34.59,29.69,78.67,33.4,28.92,0,0,1,0,1,1,0,1,0,4262.79
50000,1,0,0,5,1,5.5,20,0,0,0,24.36,8.96,14658.39,198.3,80.7,34.56,29.69,78.69,33.5,28.93,0,0,1,0,1,1,1,0,0,3255.81
62000,0,0,15,2,2,6,18,30,0,0,24.86,7.14,14905.89,197.7,89.01,33.07,29.1,85.24,32.5,28.71,0,0,1,0,1,1,0,1,0,5816.28
60000,1,0,0,2,1,5.5,23,26.67,0,0,24.79,7.17,13316.27,106.8,88.6,33.28,29.19,83.61,32.55,28.68,0,0,1,0,1,1,0,1,0,3088.37
60000,1,0,0,4,2,5.5,28,0,0,0,24.47,8.8,15320.63,413.8,80,33.24,28.52,78.98,32.16,27.3,0,0,0,1,1,1,0,1,0,7618.37
60000,1,0,30,2,2,6,20,65,0,0,24.09,8.85,15010.44,409.4,80.36,33.23,28.38,78.59,32.22,27.51,0,0,0,1,1,1,0,1,0,6197.67
70000,0,0,0,4,1.6,6.5,40,0,0,0,25.07,9.62,15731.78,61.7,77.57,33.48,28.83,81.42,33.54,29.12,0,0,0,1,1,1,0,0,1,2086.05
73000,2,0,0,3,3,5.5,35,0,0,0,24.47,8.8,15320.63,413.8,80,33.24,28.52,78.98,32.16,27.3,0,0,0,1,1,1,0,1,0,5180.23
60000,0,0,0,4,1,5,25,0,0,0,24.77,9.55,14400.01,227.1,78.75,34.12,29.4,78.72,33.75,29.01,0,0,0,1,1,1,0,0,1,3355.81
64000,1,23,0,2,2,6,22,100,0,0,24.53,8.53,14969.2,168.93,80.86,33.62,29.02,80.18,33.3,28.73,0,0,1,0,1,0,0,0,1,4576.74
60000,0,0,0,4,1,4.5,50,0,0,0,24.62,7.49,14710.63,166,80.53,33.32,28.93,78.48,32.89,28.27,0,0,1,0,1,1,0,1,0,3296.51
75000,1,0,45,3,4,6,24,0,0,0,24.89,9.48,15771.34,98.2,77.97,33.68,29,81.01,33.44,29.01,0,0,1,0,1,1,0,1,0,4625.58
72000,3,11.25,0,3,4,5.5,23,0,0,0,24.82,9.4,15785.73,98.2,78.29,33.78,29.05,80.77,33.39,28.99,0,0,1,0,1,1,0,1,0,4534.88
60000,1,0,0,1,1,6,26,35,0,0,24.79,9.1,15447.88,118.3,79.07,33.92,29.13,80.34,33.41,29.02,0,0,1,0,1,1,0,0,1,4004.65
73000,2,0,0,4,4,5,40,0,0,0,24.47,8.8,15353.37,414.8,80.03,33.24,28.54,78.96,33,27.77,0,0,0,1,1,1,0,1,0,4897.67
60000,0,0,0,2,2,5.5,20,100,0,0,24.47,8.8,15353.37,414.8,80.03,33.24,28.54,78.96,32.32,27.38,0,0,1,0,1,1,0,1,0,6562.79
66000,2,0,0,2,3,5.5,20,48.33,0,0,24.61,8.69,15050.74,362.8,80.35,33.15,28.53,79.06,32.96,27.93,0,0,0,1,1,1,0,0,1,7534.88
85700,0,0,0,4,0.7,6.5,40,0,0,0,24.73,9.1,15505.82,118.3,79.27,33.99,29.2,80.25,33.41,28.94,0,0,0,1,1,1,0,0,1,1995.35
60000,3,0,0,3,1,5.5,43,16.67,25,0,23.78,8.49,14142.87,132.5,81.85,32.71,28.2,79.79,32.95,28.05,0,0,1,0,1,1,0,1,0,3581.4
57000,0,0,0,1,2,5.5,25,42.86,0,0,24.68,7.51,14734.5,208.7,80.42,33.58,28.87,78.48,32.18,27.87,0,0,1,0,1,1,0,1,0,3013.95
75000,0,0,0,2,2,5,22,38.57,0,0,23.98,8.27,13913.1,276.8,83.35,32.92,28.5,81.19,34.43,28.86,0,0,1,0,1,1,0,1,0,4238.37
66000,0,0,0,2,1.1,5.5,30,0,0,0,25.05,9.59,15520.22,98.2,77.57,33.57,28.89,81.3,33.44,29.03,0,0,1,0,1,1,1,0,0,1906.98
60000,0,0,0,2,1,6.5,25,0,0,0,24.31,9.01,14614.81,198.3,80.5,34.41,29.54,79.23,33.38,28.87,0,0,1,0,1,1,0,0,1,1601.16
71452,0,0,0,2,1.4,6,35,0,0,0,24.89,9.39,15925.34,98.2,78.17,33.74,29.03,80.89,33.59,29.07,0,0,1,0,1,1,1,0,0,1976.74
70000,1,0,0,2,1,4.5,36,48,0,0,24.32,8.96,14773.84,198.3,80.55,34.58,29.69,78.71,33.89,28.93,0,0,1,0,1,1,0,1,0,3767.44
66000,1,0,15,4,1,5,24,100,0,0,24.75,9.17,15178.36,189.1,79.7,34.27,29.48,79.01,33.89,29.16,0,0,1,0,1,1,0,0,1,3446.51
50000,0,0,0,4,1,5.5,32,0,0,0,24.73,9.1,15505.82,118.3,79.27,33.99,29.2,80.25,33.5,28.96,0,0,1,0,1,1,0,1,0,3441.86
50000,1,0,0,2,1,5.5,30,0,0,0,24.77,9.23,15588.59,104.6,78.77,33.86,29.08,80.52,33.48,29.07,0,0,1,0,1,1,0,1,0,3906.98
60000,1,0,0,2,1,5.5,28,0,0,0,24.89,9.48,15771.34,98.2,77.97,33.68,29,81.01,33.36,28.94,0,0,1,0,1,1,0,1,0,3906.98
60000,1,0,0,3,1,5,25,0,0,0,24.79,9.1,15447.88,118.3,79.07,33.92,29.13,80.34,33.45,29.03,0,0,1,0,1,1,0,1,0,4000
60000,0,0,0,2,2,5,28,0,0,0,24.55,8.92,15325.4,188.5,80.9,34.5,29.63,78.79,33.63,29,0,0,1,0,0,0,0,0,1,3534.88
60000,0,0,0,4,1,5,22,0,0,0,24.64,9.39,15263.79,198.6,79.25,34.3,29.5,78.82,33.61,29.01,0,0,1,0,1,1,0,0,1,4186.05
50000,0,0,0,2,1,5,28,0,0,0,24.64,9.39,15263.79,198.6,79.25,34.3,29.5,78.82,33.73,29.11,0,0,1,0,1,1,0,0,1,4004.65
60000,0,0,0,2,1,5.5,26,0,0,0,24.64,9.39,15263.79,198.6,79.25,34.3,29.5,78.82,33.61,29.03,0,0,1,0,1,1,0,1,0,4186.05
60000,0,0,0,2,1,5,20,0,0,0,24.75,9.17,15178.36,189.1,79.7,34.27,29.48,79.01,33.71,29.1,0,0,1,0,1,1,0,0,1,3900
60000,0,0,0,4,1,5,26,0,0,0,24.32,8.96,14610.72,198.3,80.58,34.59,29.69,78.67,33.58,28.97,0,0,1,0,1,1,0,0,1,4186.05
62000,1,0,0,3,1,5.5,24,0,0,0,24.34,8.97,14594.58,198.3,80.53,34.56,29.67,78.7,33.63,29.01,0,0,1,0,1,1,0,0,1,4186.05
60000,0,0,0,2,1,5,23,0,0,0,24.36,8.96,14658.39,198.3,80.7,34.56,29.69,78.69,33.47,28.94,0,0,1,0,1,1,0,0,1,4050
60000,0,0,0,2,1,5,21,0,0,0,24.44,8.91,14696.52,198.3,80.8,34.57,29.68,78.65,33.45,28.93,0,0,1,0,1,1,0,0,1,4186.05
60000,1,0,0,2,2,6,25,0,0,0,24.46,8.79,14927.13,176.9,82.28,32.82,28.59,82.38,34.77,29.31,0,1,1,0,1,1,1,0,0,3579.07
62500,1,0,0,2,2,5.5,33,0,0,0,24.29,8.7,14752.47,223.1,82.4,33.09,28.76,81.86,34.67,29.25,0,1,1,0,1,1,0,1,0,3813.95
60000,1,0,0,2,2,6,17,38.33,0,0,24.8,7.16,14550.35,174,88.88,33.21,29.19,84.63,32.35,28.63,0,0,1,0,1,1,0,1,0,4053.49
55000,1,0,15,2,1,6,16,26.67,0,0,24.92,7.36,13852.63,135.2,87.79,33.1,29.06,83.3,32.61,28.72,0,0,1,0,1,1,0,1,0,4862.79
15000,0,0,0,2,5,5.5,16,21.67,0,0,24.87,7.24,15185,197.7,88.98,33.11,29.13,85.15,32.51,28.75,0,0,1,0,0,0,0,1,0,1525.58
55000,1,0,15,1,3,5.5,13,30,0,0,24.75,7.12,13788.33,161,88.93,33.22,29.22,84.14,32.65,28.71,0,0,1,0,0,0,0,1,0,5053.49
30000,0,0,0,1,3,5.5,11,26.67,0,0,24.84,7.23,15071.32,189.5,88.98,33.14,29.14,84.88,32.36,28.69,0,0,1,0,0,0,0,1,0,1758.14
30000,0,0,0,1,4,6,13,28.33,0,0,24.79,7,13132.5,147.8,88.88,33.33,29.23,83.68,32.55,28.67,0,0,1,0,0,0,0,1,0,2002.33
32000,0,0,0,1,3,6,14,18.33,0,0,24.83,7.13,14508.87,161,88.83,33.23,29.21,84.49,32.45,28.7,0,0,1,0,0,0,0,1,0,2193.02
68000,1,0,0,1,5,5,-1,0,0,0,23.66,8.61,13642.27,271.2,82.1,32.35,28.09,81.83,32.8,28.11,0,0,1,0,0,0,0,1,0,2412.79
60000,1,0,0,1,2,5.5,30,35.71,0,0,24.64,7.49,14749.75,223.8,80.53,33.46,28.86,78.62,32.39,28.04,0,0,1,0,1,1,0,1,0,3579.07
63000,1,0,0,3,2,4.5,26,67.14,0,0,24.5,9.24,14555.46,196.7,80.46,34.58,29.37,79.67,32.59,27.74,1,0,1,0,1,1,0,1,0,4576.74
60000,2,0,0,2,2,5.5,30,100,0,0,23.59,8.88,15242.42,258.4,80.67,32.29,28.13,82.93,33.09,28.6,0,0,1,0,1,0,0,1,0,4825.58
62000,2,0,0,2,5,5,27,51.43,0,0,23.86,8.2,13990.94,359.3,83.3,32.74,28.42,81.76,34.08,28.74,0,0,1,0,0,0,0,1,0,3860.47
62500,1,0,0,2,1.7,6,30,0,0,26.67,24.36,8.96,14658.39,198.3,80.7,34.56,29.69,78.69,33.5,28.94,0,0,1,0,1,1,1,0,0,2412.79
70000,1,0,0,3,1,5.5,28,0,0,0,24.53,8.87,15260.73,188.5,81.08,34.57,29.68,78.72,33.57,28.94,0,0,1,0,1,1,0,0,1,3627.91
65500,1,0,0,2,2,5.5,30,28.57,0,0,24.73,9.1,15505.82,118.3,79.27,33.99,29.2,80.25,33.41,28.99,0,0,1,0,1,1,0,1,0,3051.16
60000,0,0,0,3,1,5,21,100,0,0,24.67,9.31,15196.15,188.7,79.35,34.26,29.47,78.98,33.75,29.15,0,0,1,0,1,1,0,0,1,4000
60000,1,0,0,3,1,5,27,0,0,0,24.56,9,15314.59,145.1,79.89,34.19,29.33,79.87,33.12,28.8,0,0,1,0,1,1,0,1,0,4186.05
60000,0,0,0,3,1,5,24,0,0,0,24.48,8.9,15307.87,188,80.9,34.64,29.72,78.65,33.45,28.89,0,0,1,0,1,1,0,0,1,4000
60000,0,0,0,4,1,4.5,18,67.5,0,0,24.75,9.12,15076.68,190.6,79.92,34.25,29.46,79.1,33.74,29.11,0,0,1,0,1,1,0,0,1,3720.93
60000,0,0,0,3,1,5.5,22,0,0,0,24.43,8.93,15294.89,145.1,80.39,34.24,29.37,79.59,33.3,28.9,0,0,1,0,1,1,0,0,1,3906.98
62000,1,0,0,3,1,5,26,0,0,0,24.65,9.02,15545.39,118.3,79.49,34.09,29.27,80.06,33.36,28.93,0,0,1,0,1,1,0,1,0,4386.05
60000,0,0,0,3,1,5,24,0,0,0,24.43,8.93,15294.89,145.1,80.39,34.24,29.37,79.59,33.35,28.98,0,0,1,0,1,1,0,1,0,4093.02
60000,0,0,0,4,1,5.5,22,0,0,0,24.77,9.23,15588.59,104.6,78.77,33.86,29.08,80.52,33.37,28.95,0,0,1,0,1,1,0,0,1,4186.05
60000,1,0,0,3,1,5.5,27,0,0,0,24.65,9.02,15545.39,118.3,79.49,34.09,29.27,80.06,33.3,28.89,0,0,1,0,1,1,0,1,0,4093.02
60000,1,0,0,2,1,5,23,0,0,0,24.46,8.89,15070.36,186.4,81.05,34.68,29.76,78.58,33.43,28.85,0,0,1,0,1,1,0,1,0,4186.05
50000,1,0,0,4,1,4.5,26,44.44,0,0,24.75,9.17,15178.36,189.1,79.7,34.27,29.48,79.01,33.73,29.13,0,0,1,0,1,1,0,1,0,4172.09
55000,0,0,0,3,1,5.5,24,0,0,0,24.7,9.11,15193.95,190.6,80.1,34.26,29.48,79.17,33.82,29.14,0,0,1,0,1,1,0,0,1,4279.07
32000,0,0,0,1,4,6,17,23.33,0,0,24.89,7.21,15200.04,197.7,89.05,33.1,29.12,84.99,32.6,28.81,0,0,1,0,0,0,0,1,0,2123.26
72000,1,0,15,3,3,5.5,22,100,0,0,24.02,8.9,15055.5,408,80.31,33.21,28.35,78.56,32.17,27.45,0,0,1,0,1,1,0,0,1,7627.91
60000,1,0,0,2,2,6,24,46.67,0,0,24.19,8.88,15123.25,426.4,79.97,33.32,28.47,78.6,31.86,27.1,0,0,1,0,1,1,0,1,0,4539.77
62000,0,0,10,3,3,6,20,36.67,0,0,23.43,9.3,16597.03,334.7,83.66,32.27,27.65,83.17,31.85,27.74,0,0,1,0,1,1,0,1,0,5581.4
61000,0,0,10,4,4,5.5,27,58.33,0,0,24.13,8.9,15154.32,416.1,80.17,33.21,28.38,78.67,31.98,27.24,0,0,1,0,1,1,0,0,1,5106.98
50000,0,0,0,2,1,5.5,33,0,0,0,25.02,9.94,15012.77,156,76.97,34.1,29.35,78.62,33.57,28.91,0,0,0,1,1,1,0,1,0,2604.65
70000,1,0,0,2,3,6,28,61.54,0,0,23.9,9.1,15308.9,247.9,79.75,33.19,28.32,78.58,32.14,27.46,0,0,1,0,1,1,0,1,0,5651.16
62000,1,0,0,4,1.3,5.5,47,0,0,0,25.05,9.59,15520.22,98.2,77.57,33.57,28.89,81.3,33.25,28.96,0,0,1,0,1,1,0,0,1,2354.65
55000,1,0,0,1,1,6,38,38.33,0,0,23.81,10.09,15001.74,182.9,80.72,33.25,28.5,86.02,32.41,28.35,0,0,1,0,1,1,1,0,0,2232.56
66666,1,0,0,2,1.9,6,32,0,0,0,24.56,9,15314.59,145.1,79.89,34.19,29.33,79.87,33.26,28.88,0,0,1,0,1,1,0,0,1,4409.3
62500,1,0,23,3,3,5.5,27,0,0,0,24.53,8.67,14749.05,166.5,82.28,32.91,28.62,82.21,34.59,29.36,0,1,0,1,1,1,1,0,0,3623.26
63000,1,0,0,2,1,6.5,18,0,0,0,23.93,8.91,16235.3,263.9,84.36,32.71,28.03,83.5,31.79,27.46,0,0,1,0,1,1,0,1,0,5911.63
60000,1,0,0,2,1,4.5,35,0,0,0,24.36,8.96,14658.39,198.3,80.7,34.56,29.69,78.69,33.65,29,0,0,1,0,1,1,0,1,0,3627.91
60000,0,0,0,3,1,5,24,0,0,0,24.32,8.9,14930.25,181.3,80.62,34.39,29.49,79.3,33.29,28.85,0,0,1,0,1,1,0,0,1,4290.7
66000,0,0,0,3,2,5,25,100,0,0,24.52,7.36,14549.47,196.7,80.7,33.52,28.98,78.29,32.4,28.04,1,0,1,0,1,1,0,1,0,4709.3
60000,0,0,0,4,1,5.5,30,0,0,0,25.07,9.62,15731.78,61.7,77.57,33.48,28.83,81.42,33.41,29.02,0,0,1,0,1,1,0,1,0,4081.4
63000,1,0,0,3,2,6.5,60,54.29,0,0,23.92,8.09,13566.84,167.3,82.08,32.73,28.15,80.19,33.19,28.29,0,0,1,0,1,1,0,1,0,4000
58000,0,0,0,3,2,5,35,0,0,0,24.62,7.36,14489.54,233.2,80.97,33.51,28.91,78.52,32.43,28.05,0,0,1,0,1,1,0,1,0,2976.74
64000,1,0,0,3,2,6,28,32.86,0,0,24.63,7.33,14585.47,198.6,80.9,33.56,28.96,78.55,32.35,28,0,0,1,0,1,1,0,1,0,3860.47
62000,1,0,0,2,2,6.5,35,0,0,0,23.83,9.08,16491.43,337.9,83.93,32.56,27.9,83.34,31.83,27.55,0,0,1,0,1,1,0,1,0,6102.33
60000,1,0,0,2,2,5.5,24,43.33,0,0,24.73,9.1,15505.82,118.3,79.27,33.99,29.2,80.25,33.33,28.93,0,0,1,0,1,1,1,0,0,2543.02
50000,1,0,0,4,5,5,27,51.43,0,0,24.73,9.1,15505.82,118.3,79.27,33.99,29.2,80.25,33.33,28.93,1,0,1,0,0,0,0,1,0,4386.05
62000,1,0,15,2,2,6,25,0,0,0,24.45,8.86,15301.82,412.8,80.03,33.29,28.53,78.82,32.67,27.74,0,0,1,0,1,1,0,1,0,5816.28
75000,1,0,30,2,1.7,6.5,30,0,0,0,24.73,9.1,15505.82,118.3,79.27,33.99,29.2,80.25,33.37,28.91,1,0,1,0,1,1,1,0,0,3234.23
62000,0,0,15,2,1,6,12,35,0,0,24.04,8.86,14848.21,270.2,81.97,33.51,29,80.67,34.77,29.29,0,1,1,0,1,1,0,1,0,5790.7
55000,1,0,0,2,2,5.5,13,0,0,0,24.32,8.9,14180.5,234.7,81.47,33.73,29.15,85.26,32.45,28.44,0,0,0,1,1,1,0,0,1,3861.63
60000,2,0,0,2,1,5.5,34,0,0,0,23.81,10.09,15001.74,182.9,80.72,33.25,28.5,86.02,32.46,28.35,0,0,1,0,1,1,0,0,1,2046.51
60000,0,0,24,2,2,6,21,50,0,0,24.77,7.12,14404.68,268.6,82.7,33.23,29.23,79.59,32.63,28.71,0,1,1,0,1,1,0,1,0,4632.56
60000,1,0,0,2,2,5.5,-1,100,0,0,23.87,8.65,14052.33,133.2,82.03,32.7,28.07,78.69,34.18,28.86,0,0,1,0,1,1,0,0,1,4825.58
60000,0,0,0,1,2,6,-1,0,0,0,24.38,8.09,14967.08,173.6,81.28,32.47,28.06,80.29,32.22,27.97,0,0,1,0,1,1,0,1,0,5052.33
65000,1,0,0,2,1,6,18,0,0,0,23.66,9.15,16512.35,348.3,83.79,32.34,27.68,83.14,31.76,27.66,0,0,1,0,1,1,0,1,0,5148.84
60000,1,0,0,3,1,6,35,0,0,0,24.31,9.01,14614.81,198.3,80.5,34.41,29.54,79.23,33.38,28.87,0,0,1,0,1,1,0,1,0,4558.14
71000,1,0,0,4,3,6,24,0,0,0,24.79,9.1,15447.88,118.3,79.07,33.92,29.13,80.34,33.45,29.03,0,0,1,0,1,1,0,1,0,4672.09
62000,1,0,15,2,1,6,19,26.67,0,0,24.77,7.12,14057.88,161,89.03,33.23,29.23,84.16,32.58,28.74,0,0,1,0,1,1,0,1,0,4958.14
68500,1,0,0,2,3,6,27,100,0,0,24.13,8.9,15154.32,416.1,80.17,33.21,28.38,78.67,32.19,27.46,0,0,0,1,1,1,0,1,0,6388.37
68000,1,0,0,3,4,5,28,100,0,0,23.85,8.69,13792.28,134.2,82.22,32.64,28.08,78.98,33.49,28.37,0,0,1,0,1,0,0,1,0,3337.21
62500,1,0,0,4,2,6,25,100,0,0,24.7,7.47,14710.2,168.7,80.35,33.3,28.92,78.5,32.71,28.15,0,0,0,1,1,1,0,1,0,4053.49
63000,2,0,0,3,4,5.5,28,100,0,0,24.54,8.63,15197.96,412.1,80.33,33.19,28.53,79.04,32.61,27.64,0,0,0,1,1,1,0,1,0,6674.42
73000,2,0,0,3,3,6,22,0,0,0,24.96,8.28,14653.7,262.4,80.09,33.22,28.62,78.97,32.64,27.65,0,0,0,1,1,1,0,1,0,5745.35
50000,1,0,0,4,1.3,5.5,48,68.33,0,0,24.98,9.53,15623.6,98.2,77.74,33.62,28.95,81.13,33.38,28.97,0,0,1,0,1,1,1,0,0,1695.35
55000,1,0,0,2,1,5.5,19,40,0,0,24.83,7.09,14410.85,268.6,82.55,33.25,29.24,79.79,32.45,28.68,0,0,1,0,1,1,0,1,0,5308.14
50000,0,0,0,1,2,6,16,43.33,0,0,24.82,7.29,13956.84,98,88.2,33.27,29.17,83.37,32.51,28.65,0,0,1,0,1,1,0,1,0,4004.65
72000,2,23,0,3,4,5,20,0,0,0,24.77,9.23,15588.59,104.6,78.77,33.86,29.08,80.52,33.48,29.07,0,0,0,1,1,1,0,1,0,6009.07
73000,1,0,0,1,5,6,32,0,0,0,24.34,8.93,14723.44,198.3,80.7,34.56,29.66,78.75,33.43,28.87,0,0,1,0,1,1,0,1,0,4672.09
55000,1,0,15,2,1,6,16,31.67,0,0,24.79,6.97,13314.25,147.8,88.95,33.34,29.25,83.71,32.56,28.7,0,1,1,0,1,1,0,1,0,4958.14
62000,2,0,0,2,3,6,29,60,0,0,24.47,8.61,15128.73,411.7,80.58,33.27,28.58,78.76,32.55,27.62,0,0,0,1,1,1,0,1,0,7534.88
74000,2,0,0,3,3,6,32,0,0,0,24.64,8.64,14943.58,347,80.53,33.15,28.53,79.05,32.43,27.53,0,0,0,1,1,1,0,1,0,5839.53
60000,2,0,0,2,2,6,15,25.71,0,0,23.81,8.33,14092.52,165.1,81.65,32.7,28.18,80.47,33.12,28.19,0,0,1,0,1,1,0,0,1,3720.93
72000,1,0,0,2,4,6,34,0,0,0,24.73,9.1,15505.82,118.3,79.27,33.99,29.2,80.25,33.31,28.91,0,0,1,0,1,1,0,1,0,5115.12
70000,1,0,0,4,3,6,22,0,0,0,24.73,9.1,15505.82,118.3,79.27,33.99,29.2,80.25,33.3,28.91,1,0,1,0,1,1,0,1,0,4709.3
60000,0,0,0,2,1,6,17,43.33,0,0,24.82,7.29,13956.84,98,88.2,33.27,29.17,83.37,32.55,28.65,0,0,1,0,1,1,0,1,0,3763.95
60000,0,0,0,2,4,6,28,100,0,0,24.18,8.87,15241.33,426.4,80.05,33.38,28.55,78.48,32.14,27.39,0,0,0,1,1,1,0,1,0,5963.86
73000,2,0,0,3,4,5.5,35,0,0,0,24.45,8.86,15301.82,412.8,80.03,33.29,28.53,78.82,32.42,27.49,0,0,1,0,1,1,0,1,0,5462.79
75000,1,23,0,3,4,6,15,0,0,0,25.05,9.59,15520.22,98.2,77.57,33.57,28.89,81.3,33.39,29.04,0,0,0,1,1,1,0,1,0,5625.58
75000,1,23,0,2,5,5.5,25,0,0,0,24.36,8.95,15132.61,181.1,80.44,34.32,29.43,79.46,33.28,28.89,0,0,0,1,1,1,0,1,0,5933.72
55000,1,0,0,1,1,6,23,33.33,0,0,23.79,9.57,14347.75,234.7,81.3,33.62,28.71,85.48,32.43,28.29,0,0,1,0,1,1,0,1,0,2260.47
60000,1,0,0,2,2,6,19,0,0,0,23.3,8.76,14260.27,98.3,83.5,32.33,28.03,82.98,34.52,28.89,0,0,1,0,1,1,0,1,0,5053.49
60000,1,0,15,2,2,6,-1,25,0,0,24.8,7.16,13459.33,105,88.5,33.27,29.18,83.54,32.57,28.69,0,0,1,0,1,1,0,1,0,5530.23
75000,1,23,0,3,5,5.5,21,0,0,0,24.56,9,15314.59,145.1,79.89,34.19,29.33,79.87,33.24,28.88,0,0,0,1,1,1,0,1,0,5933.72
71000,0,0,0,3,4,5.5,31,0,0,0,24.82,9.4,15785.73,98.2,78.29,33.78,29.05,80.77,33.34,28.99,0,0,1,0,1,1,0,1,0,4958.14
67000,1,0,0,3,5,5.5,22,0,0,0,24.73,9.1,15505.82,118.3,79.27,33.99,29.2,80.25,33.42,28.98,0,0,1,0,1,1,0,1,0,4834.88
62000,1,0,15,2,1,6,16,0,0,0,24.89,7.21,15200.04,197.7,89.05,33.1,29.12,84.99,32.45,28.71,0,0,1,0,1,1,0,1,0,3909.3
67600,1,0,0,3,2,5.5,24,100,0,0,24.47,8.8,15353.37,414.8,80.03,33.24,28.54,78.96,32.46,27.51,0,0,0,1,1,1,0,1,0,6140.47
70000,0,0,0,3,2,5.5,20,100,0,0,24.45,8.86,15301.82,412.8,80.03,33.29,28.53,78.82,32.13,27.29,0,0,0,1,1,1,0,1,0,7421.86
62000,2,0,0,4,3,6,26,100,0,0,24.18,8.87,15241.33,426.4,80.05,33.38,28.55,78.48,32.12,27.35,0,0,0,1,1,1,0,1,0,5651.16
60000,1,0,0,3,3,6,24,53.33,0,0,24.19,8.94,15355.27,426.4,79.97,33.36,28.54,78.52,32.01,27.23,0,0,0,1,1,1,0,1,0,6122.09
65000,2,0,0,2,2,6,21,0,0,0,24.54,8.63,15197.96,412.1,80.33,33.19,28.53,79.04,32.83,27.87,0,0,0,1,1,1,0,1,0,6593.02
71000,1,0,0,3,4,6,32,0,0,0,23.99,9.04,15131.59,247.2,79.36,33.17,28.19,78.57,31.85,27.35,0,1,1,0,1,1,0,1,0,5260.47
73000,0,0,0,4,3,6,25,0,0,0,24.73,9.1,15505.82,118.3,79.27,33.99,29.2,80.25,33.31,28.91,0,0,1,0,1,1,0,1,0,4862.79
77000,1,2.5,0,3,3,5.5,42,0,0,0,24.29,9.01,15429.55,395.4,79.88,33.26,28.48,78.74,32.08,27.27,0,0,0,1,1,1,0,1,0,6246.51
60000,1,0,0,1,1,5,23,25,0,0,24.77,9.23,15588.59,104.6,78.77,33.86,29.08,80.52,33.44,29.05,0,0,1,0,1,1,1,0,0,1144.19
60000,1,0,0,2,1,5.5,21,28.33,0,0,24.56,9.14,14672.54,227.5,80.82,33.42,28.94,85.83,32.44,28.5,0,0,1,0,1,1,0,1,0,2383.72
60000,2,0,0,2,2,7,40,0,0,0,23.8,10.02,14867.65,182.9,80.67,33.33,28.53,85.99,32.49,28.27,0,0,1,0,1,1,1,0,0,1209.3
62500,1,0,0,2,1.4,6,22,0,0,0,25.07,9.73,15671.54,61.1,77.39,33.48,28.86,81.65,33.47,29.02,0,0,0,1,1,1,1,0,0,4125.35
75000,0,0,10,6,1.5,5,40,0,0,0,24.89,9.39,15925.34,98.2,78.17,33.74,29.03,80.89,33.41,29.02,0,0,1,0,1,1,1,0,0,6312.09
70000,1,0,0,3,4,5.5,29,0,0,0,24.32,8.96,14773.84,198.3,80.55,34.58,29.69,78.71,33.38,28.89,0,0,1,0,1,1,0,0,1,3813.95
60000,2,0,0,2,1,6.5,38,0,0,0,23.81,9.88,14672.54,227.5,80.82,33.42,28.59,85.83,32.43,28.31,0,0,1,0,1,1,0,0,1,2260.47
68000,1,0,0,2,2,6,25,28.57,0,0,23.78,8.49,14142.87,132.5,81.85,32.71,28.2,79.79,33.15,28.14,0,0,1,0,1,1,0,1,0,3767.44
76000,1,0,0,3,4,6,19,60,0,0,24.18,8.93,15207.06,426.4,80,33.34,28.5,78.51,32.1,27.34,0,0,0,1,1,1,0,1,0,7817.44
65000,1,0,0,2,3,5.5,35,0,0,0,24.61,8.69,15050.74,362.8,80.35,33.15,28.53,79.06,32.89,27.92,0,0,1,0,1,1,0,1,0,5787.21
58000,1,0,0,1,2,6,23,0,0,0,24.23,8.91,15322.65,395.4,79.92,33.33,28.53,78.59,32.31,27.55,0,0,1,0,1,1,0,1,0,7440.7
72000,2,0,0,4,4,5,43,0,0,0,24.47,8.8,15353.37,414.8,80.03,33.24,28.54,78.96,32.5,27.58,0,0,0,1,1,1,0,1,0,5180.23
62500,0,0,0,2,2.6,6.5,20,0,0,0,24.79,9.1,15447.88,118.3,79.07,33.92,29.13,80.34,33.39,28.99,0,0,1,0,1,1,0,0,1,5308.14
62000,0,0,0,3,1,6,22,26.67,0,0,23.93,8.91,16235.3,263.9,84.36,32.71,28.03,83.5,31.82,27.51,0,0,0,1,1,1,0,1,0,5720.93
62500,1,0,0,2,2,6,21,0,0,0,24.89,9.49,15896.17,135.3,80.15,32.87,28.59,86.57,32.44,28.51,1,0,1,0,1,1,0,0,1,2072.09
60000,1,0,15,4,3,6,27,50,0,0,24.47,8.64,15224.75,414.8,80.5,33.26,28.56,78.88,32.53,27.6,0,0,0,1,1,1,0,1,0,7627.91
74000,2,0,0,2,4,5.5,37,0,0,0,24.52,8.55,15082.03,412.1,80.78,33.24,28.56,78.8,32.76,27.81,0,0,1,0,1,1,0,1,0,6122.09
