ID_LOTE,TIPO_SIEMBRA,SEM_TRATADAS,MATERIAL_GENETICO,CULT_ANT,DRENAJE,METODO_COSECHA,ALMACENAMIENTO_FINCA,DIAS_EN_EMERGER,DIAS_EN_EMERGER_A_FLORECER,DIAS_EN_FLORECER_A_COSECHAR,POBLACION_20DIAS_AJT,ALTURA_LOT,ContEnfQui_Emer_Flor,ContEnfQui_Flor_Cose,ContMalMec_Siem_Emer,ContMalMec_Emer_Flor,ContMalMec_Flor_Cose,ContMalQui_Antes_Siem,ContMalQui_Siem_Emer,ContMalQui_Emer_Flor,ContMalQui_Flor_Cose,ContPlaQui_Antes_Siem,ContPlaQui_Siem_Emer,ContPlaQui_Emer_Flor,ContPlaQui_Flor_Cose,TotN_Antes_Siem,TotN_Siem_Emer,TotN_Emer_Flor,TotP_Antes_Siem,TotP_Siem_Emer,TotP_Emer_Flor,TotK_Antes_Siem,TotK_Siem_Emer,TotK_Emer_Flor,FerOrg_Emer_Flor,FerQui_Antes_Siem,FerQui_Siem_Emer,FerQui_Emer_Flor,PENDIENTE_RASTA,TERRENO_CIRCUN_RASTA,POSICION_PERFIL_RASTA,NO_CAPAS_RASTA,PH_RASTA,PEDREG_PERFIL_ROCAS,CAP_ENDURE_RASTA,PROFUND_CAP_ENDURE_RASTA,ESPESOR_CAP_ENDURE_RASTA,MOTEADOS_RASTA,PROFUND_MOTEADOS_RASTA,MOTEADOS_MAS70cm_RASTA,ESTRUCTURA_RASTA,OBSERVA_EROSION_RASTA,OBSERVA_MOHO_RASTA,OBSERVA_COSTRAS_DURAS_RASTA,SITIO_EXPUESTO_SOL_RASTA,OBSERVA_COSTRAS_BLANCAS_RASTA,OBSERVA_COSTAS_NEGRAS_RASTA,REGION_SECA_ARIDA_RASTA,OBSERVA_RAICES_VIVAS_RASTA,PROFUND_RAICES_VIVAS_RASTA,OBSERVA_PLANTAS_PEQUENAS_RASTA,OBSERVA_HOJARASCA_MO_RASTA,SUELO_NEGRO_BLANDO_RASTA,CUCHILLO_PRIMER_HTE_RASTA,CERCA_RIOS_QUEBRADAS_RASTA,RECUBRIMIENTO_VEGETAL_SUELO_RASTA,prof_efectiva,d_interno,drenaje_externo,Porc_A,Porc_Ar,Porc_ArA,Porc_ArL,Porc_FrL,Porc_L,Porc_F,porc_x,porc_y,Porc_AF,Porc_BLANDO,Porc_DURO,Porc_EXT_DURO,Porc_FRIABLE,Porc_FIRME,Porc_EXT_FIRME,Porc_PLASTICO,Porc_MUY_PLASTICO,Temp_Max_Avg_Veg,Temp_Min_Avg_Veg,Temp_Avg_Veg,Diurnal_Range_Avg_Veg,Sol_Ener_Accu_Veg,Temp_Max_34_Freq_Veg,Rain_Accu_Veg,Rain_10_Freq_Veg,Rhum_Avg_Veg,Temp_Max_Avg_For,Temp_Min_Avg_For,Temp_Avg_For,Diurnal_Range_Avg_For,Sol_Ener_Accu_For,Temp_Max_34_Freq_For,Rain_Accu_For,Rain_10_Freq_For,Rhum_Avg_For,Temp_Max_Avg_Mad,Temp_Min_Avg_Mad,Temp_Avg_Mad,Diurnal_Range_Avg_Mad,Sol_Ener_Accu_Mad,Temp_Max_34_Freq_Mad,Rain_Accu_Mad,Rain_10_Freq_Mad,Rhum_Avg_Mad,RDT_AJUSTADO
3734,Mecanizado,SI,DK 234,Algodon,NO,Manual,NO,5,49,84,65000,7,0,0,0,0,0,0,0,1,0,0,0,1,0,0.0,0.0,92.0,0,0.0,0.0,0,0.0,0.0,0,0,0,2,1.0,PLANO O LLANO,PLANO,2,5.5,SIN ROCAS,NO,-1,-1.0,SI,20,NO,GRANULAR,NO,NO,NO HAY,LA MANIANA Y LA TARDE,NO HAY,NO HAY,NO,SI,21,PLANTAS NORMALES,NO,NO,SI,SI,REGULAR,21,LENTO A MUY LENTO,NINGUNO,0,28.33,0.0,0.0,0.0,0.0,0.0,71.67,0.0,0.0,100.0,0.0,0.0,0.0,0.0,0.0,0.0,0.0,32.84,23.88,28.36,8.96,16278.39,0.25,266.6,0.2,84.38,32.65,23.32,27.99,9.33,23852.62,0.21,293.9,0.17,83.33,31.85,23.25,27.55,8.6,16594.77,0.0,58.7,0.02,82.87,5148.84
479,Mecanizado,NO,Otro,Maiz,SI,Manual,SI,6,45,70,60000,12,0,0,0,0,0,0,0,3,0,0,0,1,0,0.0,0.0,69.0,0,0.0,0.0,0,0.0,0.0,0,0,0,3,1.0,PLANO O LLANO,PLANO,2,5.5,SIN ROCAS,NO,-1,-1.0,NO,-1,NO,MASIVA,NO,NO,NO HAY,LA MANIANA Y LA TARDE,NO HAY,NO HAY,SI,SI,43,PLANTAS NORMALES,NO,NO,SI,NO,REGULAR,43,BUENO,NINGUNO,0,16.67,29.17,20.83,0.0,8.33,0.0,0.0,0.0,25.0,0.0,0.0,0.0,0.0,66.67,8.33,25.0,0.0,32.27,23.78,28.02,8.49,14142.87,0.0,132.5,0.12,81.85,32.71,23.69,28.2,9.02,22838.14,0.05,102.8,0.05,79.79,32.95,23.15,28.05,9.8,10574.79,0.08,6.4,0.0,74.62,3581.4
1889,Mecanizado,NO,DK 234,Algodon,NO,Manual,NO,4,50,76,60000,6,0,0,0,0,0,0,0,1,0,0,0,0,0,0.0,0.0,46.0,0,0.0,0.0,0,0.0,0.0,0,0,0,1,1.0,PLANO O LLANO,PLANO,2,6.5,SIN ROCAS,NO,-1,-1.0,SI,26,NO,ATERRONADA,NO,NO,NO HAY,LA MANIANA Y LA TARDE,NO HAY,NO HAY,NO,SI,35,POCO AFECTADAS,SI,NO,SI,NO,REGULAR,35,LENTO A MUY LENTO,NINGUNO,0,0.0,0.0,0.0,0.0,0.0,60.0,40.0,0.0,0.0,100.0,0.0,0.0,0.0,0.0,0.0,0.0,0.0,34.38,23.86,29.12,10.52,15896.17,0.5,135.3,0.12,80.15,32.87,23.79,28.33,9.09,22756.15,0.22,398.4,0.21,86.57,32.44,24.26,28.35,8.18,12720.79,0.03,207.5,0.24,86.4,1811.63
3698,Mecanizado,SI,Otro,Maiz,SI,Mecanizada,NO,5,47,80,80000,12,0,1,0,0,0,2,0,2,0,1,0,1,2,0.0,15.0,92.0,0,15.0,0.0,0,15.0,30.0,0,0,1,3,3.0,PLANO O LLANO,PLANO,3,6.5,SIN ROCAS,NO,-1,-1.0,SI,45,NO,GRANULAR,NO,NO,NO HAY,LA MANIANA Y LA TARDE,NO HAY,NO HAY,NO,SI,33,PLANTAS NORMALES,SI,NO,SI,SI,BUENO,45,LENTO A MUY LENTO,LENTO,0,0.0,0.0,0.0,0.0,0.0,0.0,100.0,0.0,0.0,0.0,0.0,0.0,100.0,0.0,0.0,0.0,0.0,33.2,24.36,28.78,8.84,15270.45,0.4,394.0,0.25,80.17,33.26,23.72,28.49,9.54,23140.46,0.26,246.5,0.16,78.79,32.38,22.5,27.44,9.88,14237.55,0.06,151.7,0.14,79.36,6046.51
1819,Mecanizado,SI,P4082 (Pioneer),Algodon,SI,Mecanizada,NO,5,46,76,76000,17,0,1,0,0,0,2,0,2,0,1,0,3,2,0.0,0.0,9.0,0,0.0,23.0,0,0.0,60.0,0,0,0,3,4.0,PLANO O LLANO,PLANO,2,5.0,SIN ROCAS,NO,-1,-1.0,NO,-1,NO,GRANULAR,NO,NO,NO HAY,LA MANIANA Y LA TARDE,NO HAY,NO HAY,NO,SI,23,PLANTAS NORMALES,SI,NO,SI,NO,ESPACIADO,60,BUENO,LENTO,0,0.0,0.0,0.0,0.0,0.0,0.0,100.0,0.0,0.0,55.0,45.0,0.0,0.0,0.0,0.0,0.0,0.0,33.56,24.56,29.06,9.0,15314.59,0.38,145.1,0.1,79.89,34.19,24.47,29.33,9.72,22685.08,0.52,282.9,0.17,79.87,33.31,24.51,28.91,8.8,11233.79,0.33,78.3,0.1,82.23,6511.63
4256,Mecanizado,NO,Otro,Algodon,SI,Mecanizada,NO,5,50,85,60000,17,0,0,0,0,0,0,0,1,0,0,0,2,0,0.0,0.0,76.0,0,0.0,30.0,0,0.0,30.0,0,0,0,2,2.0,PLANO O LLANO,PLANO,2,6.0,SIN ROCAS,NO,-1,-1.0,NO,-1,NO,MASIVA,NO,NO,NO HAY,LA MANIANA Y LA TARDE,NO HAY,NO HAY,NO,SI,20,PLANTAS NORMALES,NO,NO,SI,NO,BUENO,20,BUENO,NINGUNO,0,65.0,0.0,35.0,0.0,0.0,0.0,0.0,0.0,0.0,0.0,0.0,0.0,35.0,65.0,0.0,0.0,0.0,32.94,24.09,28.51,8.85,15010.44,0.35,409.4,0.28,80.36,33.23,23.53,28.38,9.7,23864.03,0.21,249.3,0.17,78.59,32.22,22.79,27.51,9.43,16567.78,0.02,318.6,0.21,80.04,6197.67
1897,Mecanizado,NO,DK 234,Algodon,NO,Manual,NO,4,48,80,60000,9,0,0,0,0,0,0,0,1,0,0,0,0,0,0.0,0.0,92.0,0,0.0,0.0,0,0.0,0.0,0,0,0,2,1.0,PLANO O LLANO,PLANO,2,5.5,SIN ROCAS,NO,-1,-1.0,SI,12,NO,GRANULAR,NO,NO,NO HAY,LA MANIANA Y LA TARDE,NO HAY,NO HAY,NO,SI,14,MUY AFECTADAS,NO,NO,SI,NO,BUENO,14,LENTO A MUY LENTO,NINGUNO,0,0.0,0.0,0.0,16.67,0.0,83.33,0.0,0.0,0.0,83.33,16.67,0.0,0.0,0.0,0.0,0.0,0.0,34.28,23.9,29.09,10.39,15633.48,0.48,160.3,0.15,80.48,32.99,23.73,28.36,9.25,22941.95,0.26,389.2,0.21,86.37,32.46,24.28,28.37,8.18,13674.41,0.03,216.7,0.23,86.25,2883.72
4326,Mecanizado,NO,Otro,Algodon,SI,Mecanizada,NO,6,48,85,76000,16,0,0,0,0,0,0,0,1,0,0,0,2,0,0.0,0.0,92.0,0,0.0,0.0,0,0.0,30.0,0,0,0,3,4.0,PLANO O LLANO,PLANO,2,6.0,SIN ROCAS,NO,-1,-1.0,NO,-1,NO,ATERRONADA,NO,NO,NO HAY,LA MANIANA Y LA TARDE,NO HAY,NO HAY,NO,SI,19,PLANTAS NORMALES,NO,NO,SI,NO,BUENO,60,BUENO,LENTO,0,60.0,0.0,0.0,0.0,0.0,0.0,40.0,0.0,0.0,0.0,0.0,0.0,40.0,60.0,0.0,0.0,0.0,33.11,24.18,28.64,8.93,15207.06,0.38,426.4,0.28,80.0,33.34,23.66,28.5,9.68,23722.32,0.26,214.1,0.14,78.51,32.1,22.59,27.34,9.52,16288.59,0.02,283.3,0.19,80.07,7817.44
1936,Mecanizado,SI,DK7088,Algodon,SI,Mecanizada,NO,4,80,46,62000,4,0,0,0,0,0,0,0,1,0,0,0,1,0,0.0,0.0,92.0,0,0.0,0.0,0,0.0,0.0,0,0,0,2,1.0,PLANO O LLANO,PLANO,2,5.5,SIN ROCAS,SI,22,38.0,SI,23,NO,GRANULAR,NO,NO,NO HAY,LA MANIANA Y LA TARDE,NO HAY,NO HAY,NO,SI,22,PLANTAS NORMALES,NO,NO,SI,NO,REGULAR,22,LENTO A MUY LENTO,NINGUNO,0,0.0,0.0,0.0,0.0,0.0,63.33,36.67,0.0,0.0,100.0,0.0,0.0,0.0,0.0,0.0,0.0,0.0,33.99,23.82,28.9,10.17,15018.07,0.42,182.9,0.18,80.72,33.16,23.74,28.45,9.42,23451.77,0.29,389.2,0.21,86.12,32.48,24.27,28.38,8.22,12825.37,0.03,170.7,0.18,85.99,3013.95
3733,Manual,SI,DK 234,Maiz,NO,Manual,NO,4,46,81,62000,8,0,0,0,0,0,0,0,1,0,0,0,0,0,0.0,0.0,92.0,0,0.0,0.0,0,0.0,0.0,0,0,0,2,1.0,PLANO O LLANO,PLANO,2,6.0,SIN ROCAS,NO,-1,-1.0,SI,30,NO,GRANULAR,NO,NO,NO HAY,LA MANIANA Y LA TARDE,NO HAY,NO HAY,NO,SI,28,PLANTAS NORMALES,NO,NO,SI,SI,REGULAR,30,LENTO A MUY LENTO,NINGUNO,0,0.0,0.0,0.0,0.0,0.0,0.0,46.67,53.33,0.0,100.0,0.0,0.0,0.0,0.0,0.0,0.0,0.0,32.7,23.86,28.29,8.84,16049.11,0.22,266.6,0.2,84.56,32.73,23.3,28.01,9.43,24076.29,0.21,293.9,0.17,83.21,31.81,23.19,27.5,8.62,13737.14,0.0,55.0,0.03,82.9,5434.88
2484,Mecanizado,NO,PAC 105,Algodon,NO,Manual,SI,5,45,88,60000,10,0,0,0,0,0,0,0,0,0,0,0,1,0,0.0,0.0,138.0,0,0.0,0.0,0,0.0,60.0,0,0,0,2,1.0,PLANO O LLANO,PLANO,2,5.0,SIN ROCAS,SI,20,6.0,NO,-1,NO,ATERRONADA,NO,NO,NO HAY,LA MANIANA Y LA TARDE,NO HAY,NO HAY,NO,SI,20,POCO AFECTADAS,SI,NO,NO,SI,REGULAR,20,BUENO,NINGUNO,0,0.0,0.0,0.0,100.0,0.0,0.0,0.0,0.0,0.0,0.0,100.0,0.0,0.0,0.0,0.0,0.0,0.0,33.19,24.32,28.75,8.87,14849.71,0.35,198.3,0.15,80.67,34.42,24.57,29.5,9.85,22754.6,0.55,260.1,0.14,79.21,33.39,24.56,28.97,8.83,15494.51,0.39,132.4,0.15,82.34,3813.95
3946,Mecanizado,SI,P3966 (Pioneer),Algodon,NO,Manual,NO,3,47,86,65000,6,0,0,0,0,0,0,1,1,0,0,0,2,0,0.0,0.0,92.0,0,0.0,0.0,0,0.0,0.0,0,0,0,2,1.0,PLANO O LLANO,PLANO,2,5.5,SIN ROCAS,NO,-1,-1.0,SI,12,NO,GRANULAR,NO,NO,NO HAY,LA MANIANA Y LA TARDE,NO HAY,NO HAY,NO,SI,14,PLANTAS NORMALES,NO,NO,SI,SI,REGULAR,14,LENTO A MUY LENTO,NINGUNO,0,0.0,0.0,0.0,16.67,0.0,83.33,0.0,0.0,0.0,100.0,0.0,0.0,0.0,0.0,0.0,0.0,0.0,32.76,23.64,28.2,9.12,16424.63,0.22,330.8,0.22,84.16,32.56,23.17,27.86,9.38,23957.29,0.16,174.9,0.12,83.15,31.7,23.4,27.55,8.3,15239.45,0.0,138.4,0.08,83.17,6310.47
2102,Mecanizado,NO,PAC 105,Algodon,SI,Manual,NO,8,55,60,75000,11,0,0,1,0,1,0,0,0,0,0,0,2,0,0.0,0.0,161.0,0,0.0,0.0,0,0.0,30.0,0,0,0,5,1.2,PLANO O LLANO,PLANO,2,6.0,SIN ROCAS,NO,-1,-1.0,NO,-1,NO,ATERRONADA,NO,NO,NO HAY,LA MANIANA Y LA TARDE,NO HAY,NO HAY,NO,SI,22,MUY AFECTADAS,SI,NO,SI,SI,MUY BUENO,60,BUENO,NINGUNO,0,0.0,0.0,0.0,28.33,0.0,0.0,71.67,0.0,0.0,0.0,0.0,0.0,71.67,0.0,0.0,28.33,0.0,33.83,24.73,29.28,9.1,15505.82,0.42,118.3,0.08,79.27,33.99,24.42,29.2,9.57,22471.86,0.48,306.2,0.19,80.25,33.35,24.48,28.91,8.87,9714.52,0.35,54.8,0.08,82.31,2755.81
1938,Mecanizado,NO,DK 234,Algodon,NO,Manual,NO,4,49,74,55000,9,0,0,0,0,0,0,0,1,0,0,0,0,0,0.0,0.0,46.0,0,0.0,0.0,0,0.0,0.0,0,0,0,1,1.0,PLANO O LLANO,PLANO,2,5.0,SIN ROCAS,NO,-1,-1.0,SI,17,NO,GRANULAR,NO,NO,NO HAY,LA MANIANA Y LA TARDE,NO HAY,NO HAY,SI,SI,32,POCO AFECTADAS,NO,NO,SI,SI,BUENO,32,LENTO A MUY LENTO,NINGUNO,0,0.0,0.0,0.0,0.0,0.0,20.0,0.0,80.0,0.0,0.0,100.0,0.0,0.0,0.0,0.0,0.0,0.0,34.31,23.87,29.09,10.45,15670.01,0.5,160.3,0.15,80.43,32.96,23.76,28.36,9.19,22911.46,0.24,389.2,0.21,86.41,32.51,24.21,28.36,8.3,11692.15,0.03,170.7,0.2,86.14,2883.72
1830,Mecanizado,NO,DK 234,Algodon,NO,Manual,NO,3,42,82,55000,10,0,0,0,0,0,0,1,1,0,0,0,1,0,0.0,0.0,92.0,0,0.0,0.0,0,0.0,60.0,0,0,0,4,1.1,PLANO O LLANO,PLANO,3,7.0,SIN ROCAS,NO,-1,-1.0,NO,-1,NO,ATERRONADA,NO,NO,NO HAY,LA MANIANA Y LA TARDE,NO HAY,NO HAY,NO,SI,25,POCO AFECTADAS,SI,NO,SI,SI,MUY BUENO,60,BUENO,NINGUNO,0,0.0,0.0,0.0,46.67,0.0,0.0,53.33,0.0,0.0,0.0,0.0,0.0,100.0,0.0,0.0,0.0,0.0,34.68,25.07,29.88,9.62,15731.78,0.6,61.7,0.05,77.57,33.48,24.18,28.83,9.31,22218.06,0.36,318.0,0.21,81.42,33.41,24.64,29.02,8.77,11344.25,0.43,55.8,0.03,82.33,3530.23
2283,Mecanizado,SI,PAC 105,Algodon,SI,Mecanizada,NO,5,46,90,60000,4,0,0,0,0,0,0,1,1,0,0,0,2,0,0.0,0.0,92.0,0,0.0,0.0,0,0.0,0.0,0,0,0,2,2.0,PLANO O LLANO,PLANO,2,6.0,SIN ROCAS,NO,-1,-1.0,SI,33,NO,GRANULAR,NO,SI,NO HAY,LA MANIANA Y LA TARDE,NO HAY,NO HAY,NO,SI,21,POCO AFECTADAS,NO,NO,SI,NO,ESPACIADO,33,LENTO A MUY LENTO,NINGUNO,0,53.33,46.67,0.0,0.0,0.0,0.0,0.0,0.0,0.0,100.0,0.0,0.0,0.0,0.0,0.0,0.0,0.0,34.22,24.82,29.52,9.4,15633.48,0.5,160.3,0.15,78.29,33.78,24.32,29.05,9.46,22941.95,0.43,389.2,0.21,80.77,33.39,24.52,28.95,8.87,17199.77,0.41,270.9,0.23,82.25,2002.33
2263,Manual,NO,DK 234,Maiz,SI,Manual,SI,4,77,49,66000,13,0,0,0,0,0,0,0,1,0,0,0,1,0,0.0,0.0,153.0,0,0.0,15.0,0,0.0,60.0,0,0,0,4,1.0,PLANO O LLANO,PLANO,2,5.0,SIN ROCAS,SI,28,8.0,NO,-1,NO,ATERRONADA,NO,NO,MUY MARCADAS,LA MANIANA Y LA TARDE,NO HAY,POCO MARCADAS,NO,SI,24,POCO AFECTADAS,NO,NO,NO,NO,ESPACIADO,28,BUENO,NINGUNO,0,100.0,0.0,0.0,0.0,0.0,0.0,0.0,0.0,0.0,0.0,100.0,0.0,0.0,0.0,0.0,0.0,0.0,33.91,24.75,29.33,9.17,15178.36,0.57,189.1,0.15,79.7,34.27,24.68,29.48,9.59,22439.93,0.5,259.6,0.14,79.01,33.89,24.42,29.16,9.47,12873.18,0.45,103.0,0.15,80.59,3446.51
1920,Mecanizado,SI,P4082 (Pioneer),Maiz,SI,Mecanizada,NO,8,46,83,75000,11,0,0,0,0,0,0,2,1,0,0,0,1,0,0.0,3.0,92.0,0,6.0,0.0,0,4.5,0.0,0,0,2,2,3.1,PLANO O LLANO,PLANO,2,6.0,SIN ROCAS,NO,-1,-1.0,NO,-1,NO,ATERRONADA,NO,NO,NO HAY,LA MANIANA Y LA TARDE,NO HAY,NO HAY,NO,SI,44,PLANTAS NORMALES,SI,NO,SI,NO,MUY BUENO,50,BUENO,LENTO,0,0.0,0.0,0.0,0.0,0.0,0.0,100.0,0.0,0.0,0.0,0.0,0.0,100.0,0.0,0.0,0.0,0.0,33.89,24.79,29.34,9.1,15447.88,0.45,118.3,0.08,79.07,33.92,24.34,29.13,9.57,22537.01,0.47,306.6,0.19,80.34,33.45,24.57,29.01,8.88,15178.99,0.42,85.7,0.08,82.08,6865.12
2841,Manual,NO,PIONEER 30F35 HRR,Maiz,NO,Manual,NO,6,51,78,60000,16,0,0,0,0,0,0,0,1,0,0,0,2,0,0.0,0.0,103.5,0,0.0,0.0,0,0.0,0.0,0,0,0,2,2.0,PLANO O LLANO,PLANO,2,6.0,SIN ROCAS,NO,-1,-1.0,NO,-1,NO,ATERRONADA,NO,NO,NO HAY,LA MANIANA Y LA TARDE,NO HAY,NO HAY,NO,SI,25,MUY AFECTADAS,SI,NO,SI,SI,BUENO,60,BUENO,NINGUNO,0,0.0,0.0,70.0,0.0,0.0,0.0,30.0,0.0,0.0,0.0,0.0,0.0,100.0,0.0,0.0,0.0,0.0,33.25,24.46,28.85,8.79,14927.13,0.38,176.9,0.1,82.28,32.82,24.37,28.59,8.46,21365.12,0.26,241.9,0.12,82.38,34.77,23.84,29.31,10.94,16798.37,0.82,2.2,0.0,73.97,3579.07
1820,Mecanizado,NO,Otro,Frijol,SI,Manual,NO,3,46,88,70000,10,0,0,0,0,0,1,0,0,0,0,0,2,0,0.0,0.0,70.0,0,0.0,14.0,0,0.0,63.0,0,0,0,2,1.8,PLANO O LLANO,PLANO,2,5.5,SIN ROCAS,NO,-1,-1.0,SI,13,SI,ATERRONADA,NO,NO,NO HAY,LA MANIANA,NO HAY,NO HAY,NO,SI,30,POCO AFECTADAS,SI,NO,SI,SI,MUY BUENO,30,LENTO A MUY LENTO,NINGUNO,0,0.0,0.0,0.0,26.0,74.0,0.0,0.0,0.0,0.0,0.0,0.0,0.0,0.0,26.0,0.0,74.0,0.0,34.51,24.98,29.74,9.53,15623.6,0.55,98.2,0.05,77.74,33.62,24.27,28.95,9.35,22322.2,0.4,322.7,0.21,81.13,33.33,24.48,28.91,8.85,14973.75,0.42,172.2,0.1,82.33,3720.93
2171,Manual,NO,Otro,Algodon,SI,Manual,NO,5,53,61,70588,10,2,0,0,0,0,0,1,0,1,0,0,5,1,0.0,0.0,92.0,0,0.0,0.0,0,0.0,0.0,0,0,0,2,1.5,ONDULADO,PLANO,2,5.0,SIN ROCAS,NO,-1,-1.0,NO,-1,NO,ATERRONADA,NO,NO,NO HAY,LA MANIANA Y LA TARDE,NO HAY,NO HAY,NO,SI,39,POCO AFECTADAS,SI,NO,SI,SI,BUENO,50,BUENO,NINGUNO,0,0.0,0.0,0.0,100.0,0.0,0.0,0.0,0.0,0.0,0.0,0.0,0.0,60.0,40.0,0.0,0.0,0.0,33.56,24.56,29.06,9.0,15314.59,0.38,145.1,0.1,79.89,34.19,24.47,29.33,9.72,22685.08,0.52,282.9,0.17,79.87,33.25,24.48,28.87,8.77,8207.16,0.27,66.9,0.14,82.09,3174.42
4211,Mecanizado,NO,Otro,Algodon,NO,Mecanizada,NO,7,49,77,65000,17,0,0,0,0,0,0,0,2,0,0,0,1,0,0.0,0.0,92.0,0,0.0,0.0,0,0.0,0.0,0,0,0,2,2.0,PLANO O LLANO,PLANO,2,6.0,SIN ROCAS,NO,-1,-1.0,NO,-1,NO,ATERRONADA,NO,NO,NO HAY,LA MANIANA Y LA TARDE,NO HAY,NO HAY,NO,SI,21,PLANTAS NORMALES,NO,NO,SI,NO,BUENO,70,BUENO,NINGUNO,0,0.0,0.0,0.0,0.0,0.0,0.0,100.0,0.0,0.0,0.0,0.0,0.0,50.0,50.0,0.0,0.0,0.0,33.16,24.54,28.85,8.63,15197.96,0.42,412.1,0.25,80.33,33.19,23.88,28.53,9.3,22550.01,0.26,216.1,0.14,79.04,32.83,22.9,27.87,9.94,14946.08,0.11,189.6,0.19,79.05,6593.02
2980,Manual,NO,ADV 9339 (Syngenta),Maiz,NO,Manual,NO,4,46,84,60000,10,0,0,0,0,0,0,1,1,0,0,0,2,0,0.0,0.0,46.0,0,0.0,0.0,0,0.0,0.0,0,0,0,1,1.0,PLANO O LLANO,PLANO,2,6.0,SIN ROCAS,NO,-1,-1.0,SI,32,NO,GRANULAR,NO,NO,POCO MARCADAS,LA MANIANA Y LA TARDE,POCO MARCADAS,NO HAY,NO,SI,23,PLANTAS NORMALES,NO,NO,SI,NO,ESPACIADO,32,LENTO A MUY LENTO,NINGUNO,0,51.67,0.0,0.0,0.0,0.0,0.0,48.33,0.0,0.0,100.0,0.0,0.0,0.0,0.0,0.0,0.0,0.0,31.96,24.83,28.39,7.13,14508.87,0.02,161.0,0.15,88.83,33.23,25.19,29.21,8.04,21912.39,0.19,63.8,0.05,84.49,32.44,24.94,28.69,7.5,13962.51,0.08,115.1,0.05,82.3,3051.16
1828,Manual,SI,PAC 105,Pastos,SI,Manual,NO,5,48,76,66000,10,0,0,0,0,0,0,0,2,0,0,0,3,0,0.0,0.0,138.0,0,0.0,0.0,0,0.0,60.0,0,0,0,4,1.2,PLANO O LLANO,PLANO,2,5.5,SIN ROCAS,NO,-1,-1.0,SI,30,SI,ATERRONADA,NO,NO,NO HAY,LA MANIANA Y LA TARDE,NO HAY,NO HAY,NO,SI,20,MUY AFECTADAS,SI,NO,SI,SI,MUY BUENO,30,LENTO A MUY LENTO,NINGUNO,0,0.0,0.0,0.0,0.0,0.0,0.0,100.0,0.0,0.0,0.0,0.0,0.0,100.0,0.0,0.0,0.0,0.0,33.22,24.32,28.77,8.9,14930.25,0.35,181.3,0.12,80.62,34.39,24.58,29.49,9.82,22703.7,0.55,272.6,0.16,79.3,33.31,24.41,28.86,8.9,12072.78,0.31,88.6,0.12,82.19,3534.88
2642,Manual,NO,ADV 9339 (Syngenta),Maiz,SI,Manual,SI,6,54,92,60000,11,0,0,0,0,0,0,0,0,0,0,0,1,0,0.0,0.0,184.0,0,0.0,0.0,0,0.0,60.0,0,0,0,3,1.0,PLANO O LLANO,PLANO,2,5.0,SIN ROCAS,NO,-1,-1.0,NO,-1,NO,ATERRONADA,NO,NO,NO HAY,LA MANIANA Y LA TARDE,NO HAY,NO HAY,NO,SI,22,POCO AFECTADAS,NO,NO,SI,NO,ESPACIADO,40,BUENO,NINGUNO,0,60.0,0.0,0.0,0.0,0.0,0.0,40.0,0.0,0.0,0.0,100.0,0.0,0.0,0.0,0.0,0.0,0.0,33.81,24.7,29.26,9.11,15193.95,0.55,190.6,0.15,80.1,34.26,24.7,29.48,9.56,22364.94,0.5,259.7,0.14,79.17,33.63,24.49,29.06,9.14,21027.91,0.42,141.0,0.11,81.39,3906.98
1968,Mecanizado,NO,Otro,Algodon,NO,Manual,NO,6,45,81,60000,7,0,1,0,0,0,0,0,1,0,0,0,2,0,0.0,0.0,92.0,0,0.0,0.0,0,0.0,30.0,0,0,0,3,2.0,PLANO O LLANO,PLANO,2,6.0,SIN ROCAS,NO,-1,-1.0,SI,23,NO,ATERRONADA,NO,NO,NO HAY,LA MANIANA Y LA TARDE,NO HAY,NO HAY,NO,SI,27,PLANTAS NORMALES,NO,NO,SI,SI,REGULAR,27,LENTO A MUY LENTO,NINGUNO,0,0.0,0.0,0.0,0.0,0.0,65.0,35.0,0.0,0.0,0.0,100.0,0.0,0.0,0.0,0.0,0.0,0.0,33.67,24.65,29.16,9.02,15545.39,0.4,118.3,0.08,79.49,34.09,24.45,29.27,9.64,22560.23,0.5,282.7,0.17,80.06,33.33,24.55,28.94,8.78,13079.6,0.37,88.4,0.09,82.46,3861.63
4286,Manual,NO,P4082 (Pioneer),Maiz,NO,Manual,SI,4,46,85,65000,4,0,0,0,0,0,0,0,1,0,0,0,4,0,0.0,0.0,80.5,0,0.0,0.0,0,0.0,0.0,0,0,0,2,3.0,PLANO O LLANO,PLANO,2,5.5,SIN ROCAS,NO,-1,-1.0,NO,-1,NO,ATERRONADA,NO,NO,NO HAY,LA MANIANA Y LA TARDE,NO HAY,NO HAY,NO,SI,40,PLANTAS NORMALES,SI,NO,SI,NO,BUENO,72,BUENO,LENTO,0,0.0,0.0,0.0,0.0,0.0,0.0,100.0,0.0,0.0,0.0,0.0,0.0,51.39,48.61,0.0,0.0,0.0,33.31,24.53,28.92,8.78,15221.06,0.45,380.8,0.22,80.2,33.13,23.9,28.52,9.23,22515.62,0.24,243.1,0.16,79.1,32.86,22.93,27.89,9.93,15800.24,0.13,193.9,0.18,79.0,5395.35
2056,Mecanizado,NO,ADV 9339 (Syngenta),Algodon,NO,Manual,NO,4,44,81,55000,7,0,0,0,0,0,0,0,1,0,0,0,1,0,0.0,0.0,46.0,0,0.0,0.0,0,0.0,0.0,0,0,0,1,1.0,PLANO O LLANO,PLANO,2,5.5,SIN ROCAS,NO,-1,-1.0,SI,8,NO,GRANULAR,NO,NO,NO HAY,LA MANIANA Y LA TARDE,NO HAY,NO HAY,NO,SI,33,POCO AFECTADAS,NO,NO,SI,NO,BUENO,33,LENTO A MUY LENTO,NINGUNO,0,20.0,0.0,0.0,0.0,0.0,0.0,0.0,80.0,0.0,100.0,0.0,0.0,0.0,0.0,0.0,0.0,0.0,34.07,23.88,28.98,10.19,15308.28,0.45,182.3,0.18,80.7,33.09,23.74,28.41,9.34,23217.74,0.28,389.2,0.21,86.25,32.53,24.23,28.38,8.3,12532.0,0.03,170.7,0.19,85.96,2002.33
2982,Manual,NO,Otro,Maiz,NO,Manual,NO,4,47,82,60000,5,0,0,0,0,0,0,1,1,0,0,0,2,0,0.0,0.0,92.0,0,0.0,0.0,0,0.0,0.0,0,0,0,2,1.0,PLANO O LLANO,PLANO,2,6.0,SIN ROCAS,NO,-1,-1.0,SI,34,NO,GRANULAR,NO,NO,NO HAY,LA MANIANA Y LA TARDE,POCO MARCADAS,NO HAY,NO,SI,19,PLANTAS NORMALES,NO,NO,SI,NO,BUENO,34,LENTO A MUY LENTO,NINGUNO,0,55.0,0.0,0.0,0.0,0.0,0.0,45.0,0.0,0.0,45.0,55.0,0.0,0.0,0.0,0.0,0.0,0.0,32.01,24.86,28.43,7.14,14905.89,0.02,197.7,0.2,89.01,33.07,25.13,29.1,7.94,21434.31,0.17,89.1,0.07,85.24,32.54,24.91,28.73,7.62,13773.06,0.06,115.1,0.06,82.4,3051.16
3928,Mecanizado,SI,ADV 9339 (Syngenta),Algodon,NO,Manual,NO,4,47,85,70000,6,0,0,0,0,0,0,1,1,0,0,0,2,0,0.0,0.0,92.0,0,0.0,0.0,0,0.0,0.0,0,0,0,2,1.0,PLANO O LLANO,PLANO,2,6.0,SIN ROCAS,NO,-1,-1.0,SI,23,NO,GRANULAR,NO,NO,NO HAY,LA MANIANA Y LA TARDE,NO HAY,NO HAY,NO,SI,23,PLANTAS NORMALES,NO,NO,SI,SI,REGULAR,23,LENTO A MUY LENTO,NINGUNO,0,33.33,0.0,0.0,0.0,0.0,0.0,66.67,0.0,0.0,100.0,0.0,0.0,0.0,0.0,0.0,0.0,0.0,32.7,23.86,28.29,8.84,16049.11,0.22,266.6,0.2,84.56,32.73,23.3,28.01,9.43,24076.29,0.21,293.9,0.17,83.21,31.8,23.24,27.52,8.57,15739.58,0.0,58.7,0.03,82.89,5148.84
4216,Mecanizado,NO,Otro,Maiz,SI,Mecanizada,NO,6,48,81,70000,17,0,0,0,0,0,0,0,1,0,0,0,2,1,0.0,0.0,92.0,0,0.0,0.0,0,0.0,0.0,0,0,0,2,3.0,PLANO O LLANO,PLANO,2,6.0,SIN ROCAS,NO,-1,-1.0,NO,-1,NO,ATERRONADA,NO,NO,NO HAY,LA MANIANA Y LA TARDE,NO HAY,NO HAY,NO,SI,26,PLANTAS NORMALES,NO,NO,SI,NO,REGULAR,60,BUENO,LENTO,0,100.0,0.0,0.0,0.0,0.0,0.0,0.0,0.0,0.0,0.0,0.0,0.0,0.0,100.0,0.0,0.0,0.0,33.31,24.45,28.88,8.86,15301.82,0.42,412.8,0.28,80.03,33.29,23.77,28.53,9.53,23027.95,0.28,237.7,0.14,78.82,32.28,22.44,27.36,9.83,15333.53,0.05,166.0,0.16,79.54,7198.84
2680,Manual,SI,Otro,Algodon,SI,Manual,SI,5,51,85,60000,10,0,0,0,0,0,0,0,0,0,0,0,1,0,0.0,0.0,276.0,0,0.0,0.0,0,0.0,60.0,0,0,0,4,1.0,PLANO O LLANO,PLANO,1,5.5,SIN ROCAS,NO,-1,-1.0,NO,-1,NO,ATERRONADA,NO,NO,NO HAY,LA MANIANA Y LA TARDE,NO HAY,NO HAY,NO,SI,22,POCO AFECTADAS,NO,NO,SI,NO,REGULAR,40,BUENO,NINGUNO,0,0.0,0.0,0.0,100.0,0.0,0.0,0.0,0.0,0.0,0.0,100.0,0.0,0.0,0.0,0.0,0.0,0.0,34.0,24.77,29.39,9.23,15588.59,0.48,104.6,0.05,78.77,33.86,24.31,29.08,9.55,22479.53,0.45,306.6,0.19,80.52,33.37,24.52,28.95,8.85,16485.61,0.41,188.3,0.11,82.3,4186.05
1978,Mecanizado,NO,PAC 105,Algodon,SI,Manual,NO,5,53,63,62500,9,0,0,0,0,0,0,0,1,0,1,1,3,0,0.0,0.0,92.0,0,0.0,0.0,0,0.0,0.0,0,0,0,2,3.5,PLANO O LLANO,PLANO,2,6.0,SIN ROCAS,NO,-1,-1.0,NO,-1,NO,ATERRONADA,NO,NO,NO HAY,LA MANIANA Y LA TARDE,NO HAY,NO HAY,NO,SI,32,MUY AFECTADAS,SI,NO,SI,SI,MUY BUENO,60,BUENO,LENTO,0,0.0,66.67,0.0,0.0,0.0,0.0,33.33,0.0,0.0,0.0,0.0,0.0,100.0,0.0,0.0,0.0,0.0,34.68,25.07,29.88,9.62,15731.78,0.6,61.7,0.05,77.57,33.48,24.18,28.83,9.31,22218.06,0.36,318.0,0.21,81.42,33.36,24.71,29.03,8.65,8850.67,0.42,34.6,0.0,82.71,3488.37
1907,Manual,NO,DK 234,Algodon,SI,Manual,SI,5,48,75,73000,18,0,0,0,0,0,0,0,1,0,0,0,2,0,0.0,0.0,46.0,0,0.0,0.0,0,0.0,0.0,0,0,0,1,5.0,PLANO O LLANO,PLANO,2,6.0,SIN ROCAS,NO,-1,-1.0,NO,-1,NO,GRANULAR,NO,NO,NO HAY,LA MANIANA Y LA TARDE,NO HAY,NO HAY,NO,SI,32,PLANTAS NORMALES,SI,NO,SI,NO,BUENO,60,BUENO,LENTO,0,0.0,0.0,0.0,0.0,0.0,0.0,100.0,0.0,0.0,0.0,0.0,0.0,100.0,0.0,0.0,0.0,0.0,33.27,24.34,28.81,8.93,14723.44,0.38,198.3,0.15,80.7,34.56,24.77,29.66,9.79,22712.64,0.6,234.3,0.12,78.75,33.43,24.32,28.87,9.1,11866.2,0.29,115.5,0.19,81.9,4672.09
4174,Mecanizado,SI,P3966 (Pioneer),Algodon,NO,Mecanizada,NO,5,46,88,74000,11,2,0,0,0,0,2,0,2,0,0,0,8,0,0.0,7.5,92.0,0,7.5,0.0,0,37.5,60.0,0,0,2,4,4.0,PLANO O LLANO,PLANO,2,6.0,SIN ROCAS,NO,-1,-1.0,SI,42,NO,GRANULAR,NO,NO,NO HAY,LA MANIANA Y LA TARDE,NO HAY,NO HAY,NO,SI,33,PLANTAS NORMALES,SI,NO,SI,NO,BUENO,42,LENTO A MUY LENTO,LENTO,0,0.0,0.0,0.0,0.0,0.0,0.0,100.0,0.0,0.0,0.0,0.0,0.0,100.0,0.0,0.0,0.0,0.0,33.08,24.47,28.77,8.61,15128.73,0.4,411.7,0.25,80.58,33.27,23.88,28.58,9.39,22776.3,0.29,239.9,0.16,78.76,32.46,22.51,27.48,9.95,17147.14,0.05,179.2,0.14,79.29,6232.56
3746,Mecanizado,SI,DK7088,Algodon,NO,Manual,NO,4,48,85,60000,5,0,0,0,0,0,0,0,1,0,0,0,1,0,0.0,0.0,92.0,0,0.0,0.0,0,0.0,0.0,0,0,0,2,2.0,PLANO O LLANO,PLANO,2,5.5,SIN ROCAS,NO,-1,-1.0,SI,25,NO,GRANULAR,NO,NO,NO HAY,LA MANIANA Y LA TARDE,NO HAY,NO HAY,NO,SI,40,PLANTAS NORMALES,NO,NO,SI,NO,REGULAR,40,LENTO A MUY LENTO,NINGUNO,0,0.0,0.0,0.0,38.33,0.0,0.0,0.0,61.67,0.0,100.0,0.0,0.0,0.0,0.0,0.0,0.0,0.0,32.83,23.8,28.32,9.03,16382.42,0.28,332.4,0.22,84.04,32.57,23.21,27.89,9.36,23873.94,0.16,174.8,0.12,83.34,31.73,23.38,27.55,8.35,15766.32,0.0,132.1,0.08,83.02,5625.58
4370,Mecanizado,NO,DK 234 YGRR,Maiz,SI,Mecanizada,NO,6,48,85,60000,15,0,0,0,0,0,0,0,1,0,0,0,2,0,0.0,0.0,92.0,0,0.0,0.0,0,0.0,30.0,0,0,0,3,2.0,PLANO O LLANO,PLANO,2,6.0,SIN ROCAS,NO,-1,-1.0,SI,42,NO,MASIVA,NO,NO,NO HAY,LA MANIANA Y LA TARDE,NO HAY,NO HAY,NO,NO,-1,PLANTAS NORMALES,NO,NO,SI,NO,BUENO,0,LENTO A MUY LENTO,NINGUNO,0,100.0,0.0,0.0,0.0,0.0,0.0,0.0,0.0,0.0,0.0,0.0,0.0,0.0,100.0,0.0,0.0,0.0,33.14,24.23,28.69,8.91,15322.65,0.38,395.4,0.25,79.92,33.33,23.72,28.53,9.61,23404.95,0.26,245.1,0.16,78.59,32.13,22.5,27.32,9.63,16515.2,0.05,271.6,0.17,79.99,5925.81
2664,Manual,NO,P3966 (Pioneer),Algodon,SI,Manual,SI,6,50,87,60000,11,0,0,0,0,0,0,0,0,0,0,0,1,0,0.0,0.0,184.0,0,0.0,0.0,0,0.0,0.0,0,0,0,2,1.0,PLANO O LLANO,PLANO,2,6.0,SIN ROCAS,SI,18,3.0,NO,-1,NO,ATERRONADA,NO,NO,NO HAY,LA MANIANA Y LA TARDE,NO HAY,NO HAY,NO,SI,18,POCO AFECTADAS,NO,NO,NO,NO,REGULAR,18,BUENO,NINGUNO,0,0.0,0.0,0.0,37.5,62.5,0.0,0.0,0.0,0.0,0.0,100.0,0.0,0.0,0.0,0.0,0.0,0.0,33.35,24.46,28.9,8.89,15070.36,0.45,186.4,0.15,81.05,34.68,24.84,29.76,9.84,22916.17,0.62,254.8,0.14,78.58,33.43,24.32,28.87,9.11,17583.49,0.35,139.7,0.13,81.53,3720.93
3735,Mecanizado,SI,DK7088,Algodon,NO,Mecanizada,NO,3,48,92,62000,9,0,0,0,0,0,0,1,1,0,0,0,1,0,0.0,0.0,92.0,0,0.0,0.0,0,0.0,30.0,0,0,0,3,1.0,PLANO O LLANO,PLANO,2,5.5,SIN ROCAS,NO,-1,-1.0,SI,25,NO,GRANULAR,NO,NO,NO HAY,LA MANIANA Y LA TARDE,NO HAY,NO HAY,NO,SI,32,PLANTAS NORMALES,NO,NO,SI,SI,ESPACIADO,32,LENTO A MUY LENTO,NINGUNO,0,0.0,0.0,0.0,0.0,0.0,60.0,40.0,0.0,0.0,100.0,0.0,0.0,0.0,0.0,0.0,0.0,0.0,32.8,24.01,28.41,8.79,16158.21,0.22,294.9,0.22,84.6,32.74,23.34,28.04,9.4,23912.61,0.22,284.0,0.17,83.47,31.85,23.2,27.53,8.65,18563.46,0.0,71.3,0.02,82.86,6176.74
714,Mecanizado,SI,Otro,Maiz,SI,Manual,NO,7,43,71,64000,10,0,0,0,0,0,0,1,1,0,0,0,2,0,0.0,55.0,46.0,0,23.0,0.0,0,0.0,0.0,0,0,2,2,2.0,PLANO O LLANO,PLANO CON ONDULACIONES,2,6.0,SIN ROCAS,SI,17,6.0,NO,-1,NO,ATERRONADA,NO,NO,NO HAY,LA MANIANA Y LA TARDE,NO HAY,NO HAY,NO,SI,22,POCO AFECTADAS,NO,NO,NO,SI,REGULAR,22,BUENO,NINGUNO,0,100.0,0.0,0.0,0.0,0.0,0.0,0.0,0.0,0.0,0.0,100.0,0.0,0.0,0.0,0.0,0.0,0.0,33.06,24.53,28.79,8.53,14969.2,0.28,168.93,0.12,80.86,33.62,24.43,29.02,9.19,22452.28,0.39,252.18,0.13,80.18,33.3,24.17,28.73,9.13,13929.16,0.35,109.71,0.11,80.27,4576.74
2340,Mecanizado,SI,Otro,Algodon,SI,Manual,NO,5,46,79,71000,16,2,0,0,0,0,0,2,2,0,0,1,2,0,0.0,0.0,69.0,0,0.0,15.0,0,0.0,38.0,0,0,0,6,4.0,PLANO O LLANO,PLANO,2,5.5,SIN ROCAS,NO,-1,-1.0,NO,-1,NO,GRANULAR,NO,NO,NO HAY,LA MANIANA Y LA TARDE,NO HAY,NO HAY,NO,SI,20,PLANTAS NORMALES,NO,NO,NO,NO,ESPACIADO,60,BUENO,LENTO,0,0.0,0.0,0.0,0.0,0.0,0.0,100.0,0.0,0.0,58.33,41.67,0.0,0.0,0.0,0.0,0.0,0.0,34.22,24.82,29.52,9.4,15785.73,0.5,98.2,0.05,78.29,33.78,24.32,29.05,9.46,22356.15,0.43,306.6,0.19,80.77,33.5,24.64,29.07,8.86,12539.89,0.42,85.7,0.09,82.42,5804.65
3942,Mecanizado,SI,DK 234 YGRR,Algodon,SI,Manual,NO,4,48,80,65000,6,0,0,0,0,0,0,0,1,0,0,0,1,0,0.0,0.0,61.0,0,0.0,15.0,0,0.0,15.0,0,0,0,2,1.0,PLANO O LLANO,PLANO,2,6.0,SIN ROCAS,NO,-1,-1.0,NO,-1,NO,GRANULAR,NO,NO,NO HAY,LA MANIANA Y LA TARDE,NO HAY,NO HAY,NO,SI,25,PLANTAS NORMALES,NO,NO,SI,SI,ESPACIADO,60,BUENO,NINGUNO,0,0.0,0.0,0.0,0.0,0.0,30.0,0.0,70.0,0.0,100.0,0.0,0.0,0.0,0.0,0.0,0.0,0.0,32.75,23.63,28.19,9.12,16404.95,0.22,316.1,0.22,84.11,32.56,23.19,27.87,9.37,23982.0,0.16,168.5,0.1,83.14,31.68,23.43,27.55,8.25,13621.13,0.0,90.3,0.06,83.19,5244.19
2927,Manual,NO,PIONEER 30F35 HRR,Maiz,NO,Manual,NO,5,48,85,6000,4,0,0,0,0,0,0,1,1,0,0,0,2,0,0.0,0.0,69.0,0,0.0,0.0,0,0.0,0.0,0,0,0,2,1.0,PLANO O LLANO,PLANO,2,6.0,SIN ROCAS,NO,-1,-1.0,SI,23,NO,GRANULAR,NO,NO,POCO MARCADAS,LA MANIANA Y LA TARDE,NO HAY,NO HAY,NO,SI,18,PLANTAS NORMALES,NO,NO,SI,NO,SIN COBERTURA,23,LENTO A MUY LENTO,NINGUNO,0,0.0,0.0,36.67,0.0,0.0,0.0,63.33,0.0,0.0,63.33,36.67,0.0,0.0,0.0,0.0,0.0,0.0,31.8,24.73,28.26,7.07,13512.05,0.0,161.0,0.15,89.0,33.25,25.19,29.22,8.07,22336.62,0.19,163.8,0.07,83.97,32.63,24.78,28.7,7.85,15908.82,0.15,15.1,0.02,82.34,4439.53
3046,Manual,NO,DK 234,Maiz,NO,Manual,NO,4,47,85,55000,13,0,0,0,0,0,0,0,1,0,0,0,1,0,0.0,0.0,92.0,0,0.0,0.0,0,0.0,0.0,0,0,0,2,1.0,PLANO O LLANO,PLANO,2,6.0,SIN ROCAS,NO,-1,-1.0,SI,23,NO,GRANULAR,NO,NO,POCO MARCADAS,LA MANIANA Y LA TARDE,NO HAY,NO HAY,NO,SI,16,PLANTAS NORMALES,NO,NO,SI,NO,ESPACIADO,23,LENTO A MUY LENTO,NINGUNO,0,36.67,0.0,0.0,0.0,0.0,0.0,63.33,0.0,0.0,63.33,36.67,0.0,0.0,0.0,0.0,0.0,0.0,32.9,24.04,28.47,8.86,14848.21,0.22,270.2,0.18,81.97,33.51,24.49,29.0,9.02,22236.9,0.47,128.6,0.07,80.67,34.67,23.77,29.22,10.9,17366.42,0.82,0.7,0.0,73.46,4922.09
3926,Mecanizado,SI,PIONEER 30F35 HRR,Algodon,NO,Manual,NO,4,48,79,70000,6,0,0,0,0,0,0,1,1,0,0,0,1,0,0.0,0.0,92.0,0,0.0,0.0,0,0.0,0.0,0,0,0,2,1.0,PLANO O LLANO,PLANO,2,6.0,SIN ROCAS,NO,-1,-1.0,SI,26,NO,GRANULAR,NO,NO,NO HAY,LA MANIANA Y LA TARDE,NO HAY,POCO MARCADAS,NO,SI,27,PLANTAS NORMALES,NO,NO,SI,SI,ESPACIADO,27,LENTO A MUY LENTO,NINGUNO,0,0.0,0.0,0.0,0.0,0.0,58.33,41.67,0.0,0.0,100.0,0.0,0.0,0.0,0.0,0.0,0.0,0.0,33.31,24.53,28.92,8.78,15221.06,0.45,380.8,0.22,80.2,33.13,23.9,28.52,9.23,22515.62,0.24,243.1,0.16,79.1,32.96,22.89,27.92,10.07,14249.01,0.15,159.8,0.18,78.92,5530.23
272,Manual,NO,Otro,Algodon,SI,Manual,NO,5,43,85,60000,12,0,0,0,0,0,0,1,0,0,0,0,1,0,0.0,0.0,92.0,0,0.0,0.0,0,0.0,0.0,0,0,0,2,2.0,PLANO O LLANO,PLANO,3,6.0,SIN ROCAS,SI,20,1.0,SI,20,NO,GRANULAR,NO,NO,NO HAY,LA MANIANA Y LA TARDE,NO HAY,NO HAY,NO,NO,-1,PLANTAS NORMALES,SI,NO,SI,NO,BUENO,20,LENTO A MUY LENTO,NINGUNO,0,0.0,0.0,0.0,42.86,0.0,0.0,57.14,0.0,0.0,100.0,0.0,0.0,0.0,0.0,0.0,0.0,0.0,32.03,24.28,28.15,7.75,14523.07,0.1,248.6,0.12,81.42,32.73,23.89,28.31,8.85,24354.54,0.21,227.2,0.12,80.4,32.32,23.53,27.93,8.78,12813.6,0.03,265.2,0.28,81.97,5053.49
2645,Manual,NO,Otro,Maiz,SI,Manual,SI,5,54,92,60000,11,0,0,0,0,0,0,0,1,0,0,0,1,0,0.0,0.0,138.0,0,0.0,0.0,0,0.0,30.0,0,0,0,3,1.0,PLANO O LLANO,PLANO,2,5.0,SIN ROCAS,NO,-1,-1.0,NO,-1,NO,ATERRONADA,NO,NO,NO HAY,LA MANIANA Y LA TARDE,NO HAY,NO HAY,NO,SI,27,PLANTAS NORMALES,NO,NO,SI,NO,BUENO,40,BUENO,NINGUNO,0,0.0,0.0,0.0,0.0,0.0,0.0,100.0,0.0,0.0,0.0,0.0,0.0,0.0,100.0,0.0,0.0,0.0,33.56,24.56,29.06,9.0,15314.59,0.38,145.1,0.1,79.89,34.19,24.47,29.33,9.72,22685.08,0.52,282.9,0.17,79.87,33.12,24.49,28.8,8.63,19802.62,0.33,226.6,0.11,82.52,4186.05
4177,Mecanizado,NO,P4082 (Pioneer),Algodon,SI,Mecanizada,NO,1,48,87,60000,18,0,0,0,0,0,0,0,2,0,0,0,3,0,0.0,0.0,92.0,0,0.0,0.0,0,0.0,30.0,0,0,0,3,2.0,PLANO O LLANO,PLANO,2,5.5,SIN ROCAS,NO,-1,-1.0,NO,-1,NO,ATERRONADA,NO,NO,NO HAY,LA MANIANA Y LA TARDE,NO HAY,NO HAY,NO,SI,26,PLANTAS NORMALES,NO,NO,SI,NO,BUENO,60,BUENO,NINGUNO,0,100.0,0.0,0.0,0.0,0.0,0.0,0.0,0.0,0.0,0.0,0.0,0.0,0.0,100.0,0.0,0.0,0.0,32.94,23.98,28.46,8.96,15084.92,0.35,351.1,0.25,80.32,33.21,23.48,28.34,9.73,23913.34,0.21,246.4,0.17,78.55,32.15,22.71,27.43,9.44,14979.06,0.03,257.7,0.18,80.13,7627.91
3047,Manual,NO,PIONEER 30F35 HRR,Maiz,NO,Manual,NO,5,48,113,55000,12,0,0,0,0,0,0,1,1,0,0,0,2,0,0.0,0.0,69.0,0,0.0,0.0,0,0.0,0.0,0,0,0,3,1.0,PLANO O LLANO,PLANO,2,6.0,SIN ROCAS,NO,-1,-1.0,SI,18,NO,GRANULAR,NO,NO,POCO MARCADAS,LA MANIANA Y LA TARDE,NO HAY,NO HAY,NO,SI,16,PLANTAS NORMALES,NO,NO,SI,NO,REGULAR,18,LENTO A MUY LENTO,NINGUNO,0,28.33,0.0,0.0,0.0,0.0,71.67,0.0,0.0,0.0,71.67,28.33,0.0,0.0,0.0,0.0,0.0,0.0,32.16,25.16,28.66,7.0,15045.66,0.05,260.3,0.22,88.84,32.68,25.03,28.86,7.65,20484.42,0.09,107.4,0.07,86.65,32.87,24.83,28.85,8.04,27398.41,0.17,127.5,0.04,81.92,5720.93
2930,Mecanizado,SI,PIONEER 30F35 HRR,Maiz,NO,Manual,NO,4,46,79,62000,3,0,0,0,0,0,0,1,1,0,0,0,1,0,0.0,0.0,61.0,0,0.0,15.0,0,0.0,15.0,0,0,0,2,1.0,PLANO O LLANO,PLANO,2,6.0,SIN ROCAS,NO,-1,-1.0,SI,25,NO,GRANULAR,NO,NO,POCO MARCADAS,LA MANIANA Y LA TARDE,POCO MARCADAS,NO HAY,NO,SI,16,PLANTAS NORMALES,NO,NO,SI,NO,BUENO,25,LENTO A MUY LENTO,NINGUNO,0,40.0,0.0,0.0,0.0,0.0,0.0,60.0,0.0,0.0,60.0,40.0,0.0,0.0,0.0,0.0,0.0,0.0,32.53,25.01,28.77,7.52,13866.45,0.08,106.0,0.1,87.18,33.01,24.93,28.97,8.08,22776.77,0.16,113.8,0.03,82.91,32.62,24.73,28.67,7.89,12398.06,0.16,15.1,0.03,82.28,3860.47
4176,Mecanizado,NO,DK 234 YGRR,Algodon,SI,Mecanizada,NO,6,49,85,60000,19,0,0,0,0,0,0,0,3,0,0,0,1,0,0.0,0.0,92.0,0,0.0,0.0,0,0.0,30.0,0,0,0,3,3.0,PLANO O LLANO,PLANO,2,6.0,SIN ROCAS,NO,-1,-1.0,NO,-1,NO,ATERRONADA,NO,NO,NO HAY,LA MANIANA Y LA TARDE,NO HAY,NO HAY,NO,SI,28,PLANTAS NORMALES,NO,NO,SI,NO,BUENO,60,BUENO,LENTO,0,100.0,0.0,0.0,0.0,0.0,0.0,0.0,0.0,0.0,0.0,0.0,0.0,0.0,100.0,0.0,0.0,0.0,33.11,24.47,28.79,8.64,15224.75,0.4,414.8,0.25,80.5,33.26,23.86,28.56,9.4,22784.95,0.29,235.5,0.16,78.88,32.32,22.45,27.38,9.88,17308.8,0.05,179.2,0.14,79.5,7151.16
3934,Manual,SI,P3966 (Pioneer),Algodon,NO,Manual,NO,4,48,80,63000,4,0,0,0,0,0,0,1,1,0,0,0,2,0,0.0,0.0,61.0,0,0.0,15.0,0,0.0,15.0,0,0,0,2,1.0,PLANO O LLANO,PLANO,2,6.0,SIN ROCAS,NO,-1,-1.0,SI,19,NO,GRANULAR,NO,NO,NO HAY,LA MANIANA Y LA TARDE,NO HAY,POCO MARCADAS,NO,SI,18,PLANTAS NORMALES,NO,NO,SI,SI,REGULAR,19,LENTO A MUY LENTO,NINGUNO,0,70.0,0.0,0.0,0.0,0.0,0.0,30.0,0.0,0.0,100.0,0.0,0.0,0.0,0.0,0.0,0.0,0.0,33.27,24.55,28.91,8.72,15147.76,0.42,363.0,0.2,80.22,33.17,23.91,28.54,9.26,22528.94,0.26,247.9,0.16,79.04,32.94,22.89,27.92,10.05,14710.83,0.14,172.8,0.2,78.91,5816.28
1886,Manual,NO,PAC 105,Algodon,SI,Manual,NO,4,46,78,60000,4,0,0,0,0,0,0,0,1,0,0,0,3,0,0.0,0.0,69.0,0,0.0,0.0,0,0.0,0.0,0,0,0,2,1.0,PLANO O LLANO,PLANO,2,6.0,SIN ROCAS,NO,-1,-1.0,SI,35,NO,GRANULAR,NO,NO,NO HAY,LA MANIANA Y LA TARDE,NO HAY,NO HAY,NO,NO,-1,MUY AFECTADAS,NO,NO,SI,NO,REGULAR,35,LENTO A MUY LENTO,NINGUNO,0,0.0,0.0,0.0,55.0,0.0,45.0,0.0,0.0,0.0,100.0,0.0,0.0,0.0,0.0,0.0,0.0,0.0,34.28,23.9,29.09,10.39,15633.48,0.48,160.3,0.15,80.48,32.99,23.73,28.36,9.25,22941.95,0.26,389.2,0.21,86.37,32.53,24.22,28.37,8.31,12231.3,0.03,170.7,0.19,86.02,2883.72
3036,Manual,NO,P3966 (Pioneer),Maiz,SI,Manual,SI,5,46,86,71000,4,0,0,0,0,0,1,0,1,0,1,0,2,0,0.0,0.0,80.5,0,0.0,0.0,0,0.0,0.0,0,0,0,2,4.0,PLANO O LLANO,PLANO,2,5.5,SIN ROCAS,NO,-1,-1.0,NO,-1,NO,ATERRONADA,NO,NO,NO HAY,LA MANIANA Y LA TARDE,NO HAY,NO HAY,NO,SI,38,PLANTAS NORMALES,SI,NO,SI,NO,ESPACIADO,70,BUENO,LENTO,0,0.0,0.0,0.0,0.0,0.0,0.0,100.0,0.0,0.0,0.0,0.0,0.0,48.57,51.43,0.0,0.0,0.0,32.74,23.99,28.37,8.75,14713.04,0.18,270.2,0.18,82.28,33.63,24.5,29.07,9.13,22406.51,0.5,129.3,0.07,80.28,34.73,23.79,29.26,10.94,17766.47,0.82,0.0,0.0,73.42,3579.07
4028,Mecanizado,SI,Otro,Algodon,NO,Manual,SI,5,45,85,72000,15,0,0,0,0,0,0,2,2,0,0,1,2,0,0.0,0.0,115.0,0,0.0,0.0,0,0.0,30.0,0,0,0,3,4.0,PLANO O LLANO,PLANO,2,6.0,SIN ROCAS,NO,-1,-1.0,NO,-1,NO,GRANULAR,NO,NO,NO HAY,LA MANIANA Y LA TARDE,NO HAY,NO HAY,NO,SI,27,PLANTAS NORMALES,SI,NO,SI,NO,BUENO,58,BUENO,LENTO,0,0.0,0.0,0.0,0.0,0.0,0.0,100.0,0.0,0.0,0.0,0.0,0.0,100.0,0.0,0.0,0.0,0.0,33.27,24.47,28.87,8.8,15320.63,0.42,413.8,0.25,80.0,33.24,23.8,28.52,9.44,22778.46,0.28,239.0,0.16,78.98,32.45,22.55,27.5,9.89,15607.88,0.05,175.5,0.16,79.2,6076.74
2937,Manual,NO,DK7088,Maiz,NO,Manual,NO,4,48,83,60000,7,0,0,0,0,0,0,1,0,0,0,0,2,0,0.0,0.0,92.0,0,0.0,0.0,0,0.0,0.0,0,0,0,2,1.0,PLANO O LLANO,PLANO,2,6.0,SIN ROCAS,NO,-1,-1.0,SI,27,NO,GRANULAR,NO,NO,POCO MARCADAS,LA MANIANA Y LA TARDE,POCO MARCADAS,NO HAY,NO,SI,17,PLANTAS NORMALES,NO,NO,SI,NO,BUENO,27,LENTO A MUY LENTO,NINGUNO,0,43.33,0.0,0.0,0.0,0.0,0.0,56.67,0.0,0.0,56.67,43.33,0.0,0.0,0.0,0.0,0.0,0.0,32.1,24.82,28.46,7.29,13956.84,0.02,98.0,0.1,88.2,33.27,25.08,29.17,8.19,22720.54,0.19,163.8,0.07,83.37,32.55,24.75,28.65,7.8,14745.36,0.13,15.1,0.03,82.34,3763.95
4264,Mecanizado,NO,PIONEER 30F35 HRR,Algodon,SI,Mecanizada,NO,6,50,84,69800,17,0,0,0,0,0,0,0,1,0,0,0,2,0,0.0,0.0,69.0,0,0.0,0.0,0,0.0,30.0,0,0,0,3,2.0,PLANO O LLANO,PLANO,2,6.0,SIN ROCAS,NO,-1,-1.0,NO,-1,NO,ATERRONADA,NO,NO,NO HAY,LA MANIANA Y LA TARDE,NO HAY,NO HAY,NO,SI,22,PLANTAS NORMALES,NO,NO,SI,NO,BUENO,65,BUENO,NINGUNO,0,100.0,0.0,0.0,0.0,0.0,0.0,0.0,0.0,0.0,0.0,0.0,0.0,0.0,100.0,0.0,0.0,0.0,33.27,24.47,28.87,8.8,15353.37,0.42,414.8,0.25,80.03,33.24,23.83,28.54,9.41,22807.7,0.28,238.7,0.16,78.96,32.25,22.43,27.34,9.82,17258.79,0.05,176.0,0.14,79.55,6027.91
4158,Mecanizado,NO,Otro,Algodon,SI,Mecanizada,NO,5,52,82,61000,16,0,0,0,0,0,0,0,2,0,0,0,2,0,0.0,0.0,92.0,0,0.0,0.0,0,0.0,30.0,0,0,0,3,2.0,PLANO O LLANO,PLANO,3,6.0,SIN ROCAS,NO,-1,-1.0,NO,-1,NO,ATERRONADA,NO,NO,NO HAY,LA MANIANA Y LA TARDE,NO HAY,NO HAY,NO,SI,24,PLANTAS NORMALES,NO,NO,SI,NO,BUENO,60,BUENO,NINGUNO,0,0.0,0.0,0.0,28.33,0.0,0.0,71.67,0.0,0.0,0.0,0.0,0.0,28.33,71.67,0.0,0.0,0.0,33.27,24.47,28.87,8.8,15353.37,0.42,414.8,0.25,80.03,33.24,23.83,28.54,9.41,22807.7,0.28,238.7,0.16,78.96,32.29,22.42,27.35,9.87,16928.55,0.05,176.0,0.14,79.47,6197.67
4309,Mecanizado,NO,PIONEER 30F35 HRR,Maiz,SI,Mecanizada,NO,6,49,83,60000,16,0,0,0,0,0,0,0,1,0,0,0,2,0,0.0,0.0,92.0,0,0.0,0.0,0,0.0,0.0,0,0,0,2,2.0,PLANO O LLANO,PLANO,2,5.5,SIN ROCAS,NO,-1,-1.0,NO,-1,NO,ATERRONADA,NO,NO,NO HAY,LA MANIANA Y LA TARDE,NO HAY,NO HAY,NO,SI,28,PLANTAS NORMALES,SI,NO,SI,NO,BUENO,60,BUENO,NINGUNO,0,100.0,0.0,0.0,0.0,0.0,0.0,0.0,0.0,0.0,0.0,0.0,0.0,0.0,100.0,0.0,0.0,0.0,33.35,24.47,28.91,8.88,15416.88,0.42,411.4,0.25,79.83,33.28,23.8,28.54,9.48,22871.44,0.28,248.5,0.16,78.92,32.22,22.42,27.32,9.8,16499.49,0.05,166.0,0.15,79.63,6245.35
2922,Mecanizado,NO,Impacto (Syngenta),Maiz,NO,Manual,NO,3,45,85,62000,4,0,0,0,0,0,0,1,0,1,0,0,1,1,0.0,0.0,92.0,0,0.0,0.0,0,0.0,0.0,0,0,0,2,2.0,PLANO O LLANO,PLANO,2,6.0,SIN ROCAS,SI,13,4.0,SI,18,NO,GRANULAR,NO,NO,POCO MARCADAS,LA MANIANA Y LA TARDE,NO HAY,NO HAY,NO,SI,16,PLANTAS NORMALES,NO,NO,NO,NO,BUENO,16,LENTO A MUY LENTO,NINGUNO,0,28.33,0.0,0.0,0.0,0.0,71.67,0.0,0.0,0.0,71.67,28.33,0.0,0.0,0.0,0.0,0.0,0.0,31.95,24.8,28.38,7.16,14550.35,0.02,174.0,0.18,88.88,33.21,25.17,29.19,8.04,21873.43,0.19,63.8,0.05,84.63,32.29,24.98,28.64,7.31,13349.69,0.03,115.1,0.06,82.31,4343.02
697,Mecanizado,SI,DK 234,Algodon,SI,Manual,NO,5,41,81,62000,6,0,0,0,0,0,0,1,0,1,0,0,2,0,0.0,0.0,92.0,0,0.0,0.0,0,0.0,0.0,0,0,0,2,2.0,PLANO O LLANO,PLANO,2,6.0,SIN ROCAS,SI,27,11.0,NO,-1,NO,ATERRONADA,NO,NO,NO HAY,LA MANIANA Y LA TARDE,NO HAY,NO HAY,NO,SI,25,PLANTAS NORMALES,NO,NO,NO,NO,REGULAR,27,BUENO,NINGUNO,0,100.0,0.0,0.0,0.0,0.0,0.0,0.0,0.0,0.0,0.0,100.0,0.0,0.0,0.0,0.0,0.0,0.0,32.02,24.51,28.26,7.51,14772.68,0.08,185.4,0.12,80.35,33.36,24.55,28.96,8.81,22134.36,0.38,325.0,0.14,78.48,32.67,23.61,28.14,9.06,11689.3,0.2,155.3,0.2,80.13,2860.47
2286,Mecanizado,SI,DK 234 YGRR,Algodon,NO,Mecanizada,NO,4,48,78,55000,6,0,0,0,0,0,0,0,1,0,0,0,1,0,0.0,0.0,92.0,0,0.0,0.0,0,0.0,0.0,0,0,0,2,2.0,PLANO O LLANO,PLANO,2,5.5,SIN ROCAS,NO,-1,-1.0,NO,-1,NO,GRANULAR,NO,NO,NO HAY,LA MANIANA Y LA TARDE,NO HAY,NO HAY,NO,SI,13,POCO AFECTADAS,NO,NO,SI,NO,ESPACIADO,60,BUENO,NINGUNO,0,0.0,51.67,48.33,0.0,0.0,0.0,0.0,0.0,0.0,100.0,0.0,0.0,0.0,0.0,0.0,0.0,0.0,33.22,24.32,28.77,8.9,14180.5,0.28,234.7,0.2,81.47,33.73,24.58,29.15,9.15,24390.04,0.4,333.7,0.16,85.26,32.45,24.43,28.44,8.03,12523.37,0.03,179.2,0.21,85.17,3861.63
2936,Manual,NO,PIONEER 30F35 HRR,Maiz,NO,Manual,NO,4,46,83,60000,8,0,0,0,0,0,0,1,1,0,0,0,2,0,0.0,0.0,92.0,0,0.0,0.0,0,0.0,0.0,0,0,0,2,2.0,PLANO O LLANO,PLANO,2,5.5,SIN ROCAS,NO,-1,-1.0,SI,17,NO,GRANULAR,NO,NO,NO HAY,LA MANIANA Y LA TARDE,NO HAY,NO HAY,NO,SI,20,PLANTAS NORMALES,NO,NO,SI,NO,BUENO,20,LENTO A MUY LENTO,NINGUNO,0,26.67,0.0,0.0,0.0,0.0,73.33,0.0,0.0,0.0,73.33,26.67,0.0,0.0,0.0,0.0,0.0,0.0,32.05,24.93,28.5,7.12,14802.14,0.02,212.2,0.2,89.01,32.94,25.09,29.02,7.85,21173.19,0.16,105.6,0.09,85.57,32.68,24.9,28.79,7.78,14071.68,0.08,100.0,0.03,82.29,5018.6
4325,Manual,NO,Otro,Algodon,SI,Mecanizada,NO,6,49,86,75000,16,0,0,0,0,0,0,0,2,0,0,0,1,0,0.0,0.0,92.0,0,0.0,0.0,0,0.0,30.0,0,0,0,3,2.0,PLANO O LLANO,PLANO,2,5.5,SIN ROCAS,NO,-1,-1.0,NO,-1,NO,ATERRONADA,NO,NO,NO HAY,LA MANIANA Y LA TARDE,NO HAY,NO HAY,NO,SI,27,PLANTAS NORMALES,SI,NO,SI,NO,BUENO,60,BUENO,NINGUNO,0,100.0,0.0,0.0,0.0,0.0,0.0,0.0,0.0,0.0,0.0,0.0,0.0,0.0,100.0,0.0,0.0,0.0,33.07,24.52,28.8,8.55,15082.03,0.4,412.1,0.25,80.78,33.24,23.88,28.56,9.35,22662.63,0.28,221.8,0.14,78.8,32.41,22.52,27.47,9.89,17839.01,0.07,197.3,0.16,79.45,7723.26
4263,Mecanizado,NO,P4082 (Pioneer),Algodon,SI,Mecanizada,NO,6,50,83,68000,16,0,0,0,0,0,0,0,1,0,0,0,2,0,0.0,0.0,92.0,0,0.0,0.0,0,0.0,30.0,0,0,0,4,3.0,PLANO O LLANO,PLANO,2,6.0,SIN ROCAS,NO,-1,-1.0,NO,-1,NO,ATERRONADA,NO,NO,NO HAY,LA MANIANA Y LA TARDE,NO HAY,NO HAY,NO,SI,18,PLANTAS NORMALES,SI,NO,SI,NO,BUENO,60,BUENO,LENTO,0,100.0,0.0,0.0,0.0,0.0,0.0,0.0,0.0,0.0,0.0,0.0,0.0,0.0,100.0,0.0,0.0,0.0,33.31,24.53,28.92,8.78,15221.06,0.45,380.8,0.22,80.2,33.13,23.9,28.52,9.23,22515.62,0.24,243.1,0.16,79.1,32.69,22.82,27.75,9.87,17226.78,0.12,204.3,0.17,79.21,6225.0
2200,Mecanizado,NO,DK 234 YGRR,Algodon,NO,Manual,NO,4,48,82,55000,10,0,0,0,0,0,0,0,1,0,0,0,1,0,0.0,0.0,92.0,0,0.0,0.0,0,0.0,0.0,0,0,0,2,2.0,PLANO O LLANO,PLANO,2,6.0,SIN ROCAS,NO,-1,-1.0,SI,25,NO,GRANULAR,NO,NO,NO HAY,LA MANIANA Y LA TARDE,NO HAY,NO HAY,NO,SI,23,MUY AFECTADAS,NO,NO,SI,NO,REGULAR,25,LENTO A MUY LENTO,NINGUNO,0,36.67,0.0,0.0,0.0,0.0,63.33,0.0,0.0,0.0,100.0,0.0,0.0,0.0,0.0,0.0,0.0,0.0,34.28,24.89,29.59,9.39,15925.34,0.5,98.2,0.05,78.17,33.74,24.32,29.03,9.42,22363.23,0.43,306.6,0.19,80.89,33.45,24.58,29.02,8.88,14023.91,0.43,85.7,0.08,82.03,3813.95
1953,Mecanizado,NO,DK 234,Algodon,SI,Manual,SI,5,48,76,72000,15,1,0,0,0,0,2,0,1,0,0,0,2,0,0.0,0.0,0.0,0,0.0,0.0,0,0.0,90.0,0,0,0,4,4.0,PLANO O LLANO,PLANO,2,6.0,SIN ROCAS,NO,-1,-1.0,SI,59,NO,ATERRONADA,NO,NO,NO HAY,LA MANIANA Y LA TARDE,NO HAY,NO HAY,NO,SI,40,PLANTAS NORMALES,SI,NO,SI,SI,REGULAR,59,BUENO,LENTO,0,0.0,0.0,0.0,0.0,0.0,0.0,100.0,0.0,0.0,100.0,0.0,0.0,0.0,0.0,0.0,0.0,0.0,33.89,24.79,29.34,9.1,15447.88,0.45,118.3,0.08,79.07,33.92,24.34,29.13,9.57,22537.01,0.47,306.6,0.19,80.34,33.34,24.59,28.97,8.75,11958.45,0.38,64.5,0.06,82.69,4897.67
3755,Mecanizado,SI,DK 234,Algodon,NO,Mecanizada,NO,4,46,98,60000,5,0,0,0,0,0,0,1,1,0,0,0,2,0,0.0,0.0,34.5,0,0.0,0.0,0,0.0,0.0,0,0,0,1,2.0,PLANO O LLANO,PLANO,2,6.5,SIN ROCAS,SI,13,11.0,NO,-1,NO,GRANULAR,NO,NO,NO HAY,LA MANIANA Y LA TARDE,NO HAY,NO HAY,NO,SI,32,PLANTAS NORMALES,NO,NO,NO,SI,ESPACIADO,32,BUENO,NINGUNO,0,0.0,0.0,0.0,78.33,21.67,0.0,0.0,0.0,0.0,100.0,0.0,0.0,0.0,0.0,0.0,0.0,0.0,32.91,23.84,28.38,9.06,16501.17,0.3,332.4,0.22,83.89,32.57,23.21,27.89,9.37,23862.81,0.16,174.8,0.12,83.35,31.75,23.53,27.64,8.22,20013.41,0.0,172.5,0.08,83.13,5720.93
2644,Manual,SI,Otro,Maiz,NO,Manual,SI,5,52,88,60000,10,0,0,0,0,0,0,0,0,0,0,0,1,0,0.0,0.0,138.0,0,0.0,0.0,0,0.0,0.0,0,0,0,2,1.0,PLANO O LLANO,PLANO,2,5.5,SIN ROCAS,NO,-1,-1.0,NO,-1,NO,ATERRONADA,NO,NO,NO HAY,LA MANIANA Y LA TARDE,NO HAY,NO HAY,NO,SI,26,PLANTAS NORMALES,NO,NO,NO,SI,REGULAR,40,BUENO,NINGUNO,0,0.0,0.0,0.0,100.0,0.0,0.0,0.0,0.0,0.0,0.0,0.0,0.0,0.0,100.0,0.0,0.0,0.0,34.03,24.64,29.33,9.39,15263.79,0.6,198.6,0.18,79.25,34.3,24.69,29.5,9.6,22441.05,0.5,253.4,0.14,78.82,33.61,24.46,29.03,9.16,18279.83,0.4,136.9,0.12,81.49,4186.05
4319,Mecanizado,NO,P3966 (Pioneer),Algodon,SI,Mecanizada,NO,5,52,78,67600,17,0,0,0,0,0,0,0,1,0,0,0,1,0,0.0,0.0,69.0,0,0.0,0.0,0,0.0,30.0,0,0,0,3,2.0,PLANO O LLANO,PLANO,2,5.5,SIN ROCAS,NO,-1,-1.0,NO,-1,NO,MASIVA,NO,NO,NO HAY,LA MANIANA Y LA TARDE,NO HAY,NO HAY,NO,SI,24,PLANTAS NORMALES,SI,NO,SI,NO,BUENO,24,BUENO,NINGUNO,0,100.0,0.0,0.0,0.0,0.0,0.0,0.0,0.0,0.0,0.0,0.0,0.0,0.0,100.0,0.0,0.0,0.0,33.27,24.47,28.87,8.8,15353.37,0.42,414.8,0.25,80.03,33.24,23.83,28.54,9.41,22807.7,0.28,238.7,0.16,78.96,32.46,22.56,27.51,9.9,15498.54,0.05,173.5,0.16,79.23,6140.47
2328,Mecanizado,SI,DK 234,Algodon,SI,Manual,SI,5,85,56,42000,11,0,0,0,0,0,0,0,1,0,0,0,1,0,0.0,0.0,115.0,0,0.0,0.0,0,0.0,0.0,0,0,0,1,1.0,PLANO O LLANO,PLANO,2,6.0,SIN ROCAS,NO,-1,-1.0,NO,-1,NO,GRANULAR,NO,NO,NO HAY,LA MANIANA Y LA TARDE,NO HAY,NO HAY,NO,SI,34,PLANTAS NORMALES,NO,NO,SI,NO,REGULAR,50,BUENO,NINGUNO,0,0.0,0.0,0.0,0.0,0.0,66.0,34.0,0.0,0.0,0.0,0.0,0.0,0.0,100.0,0.0,0.0,0.0,33.38,24.48,28.93,8.9,15307.87,0.45,188.0,0.15,80.9,34.64,24.8,29.72,9.84,22929.24,0.6,255.9,0.14,78.65,33.45,24.33,28.89,9.13,12948.28,0.29,126.4,0.18,81.37,2046.51
2909,Mecanizado,SI,P3966 (Pioneer),Maiz,SI,Mecanizada,NO,5,46,95,73000,6,0,0,0,0,0,0,2,1,0,0,1,2,0,0.0,0.0,80.0,0,0.0,0.0,0,0.0,0.0,0,0,0,2,4.0,PLANO O LLANO,PLANO,3,6.0,SIN ROCAS,NO,-1,-1.0,SI,20,NO,ATERRONADA,NO,NO,NO HAY,LA MANIANA Y LA TARDE,NO HAY,NO HAY,NO,SI,23,PLANTAS NORMALES,SI,NO,SI,SI,ESPACIADO,23,LENTO A MUY LENTO,LENTO,0,0.0,0.0,0.0,0.0,0.0,0.0,100.0,0.0,0.0,50.0,50.0,0.0,0.0,0.0,0.0,0.0,0.0,32.62,23.99,28.3,8.63,14410.85,0.15,268.6,0.18,82.55,33.81,24.55,29.18,9.26,22604.95,0.53,109.7,0.05,79.79,34.99,24.01,29.5,10.99,21864.94,0.88,0.0,0.0,73.1,5180.23
4189,Mecanizado,SI,Otro,Maiz,NO,Mecanizada,NO,5,47,97,72000,5,0,0,0,0,0,0,0,2,0,0,0,3,0,0.0,0.0,109.0,0,0.0,0.0,0,0.0,20.0,0,0,0,3,3.0,PLANO O LLANO,PLANO,3,6.0,SIN ROCAS,NO,-1,-1.0,SI,20,NO,ATERRONADA,NO,NO,NO HAY,LA MANIANA Y LA TARDE,NO HAY,NO HAY,NO,SI,19,PLANTAS NORMALES,SI,NO,SI,SI,REGULAR,20,LENTO A MUY LENTO,LENTO,0,0.0,0.0,0.0,0.0,0.0,0.0,100.0,0.0,0.0,0.0,0.0,0.0,45.45,54.55,0.0,0.0,0.0,33.28,24.84,29.06,8.44,14845.46,0.4,262.7,0.15,80.3,33.19,24.02,28.61,9.17,22319.79,0.29,330.5,0.17,78.96,32.65,22.62,27.63,10.03,21579.56,0.1,238.0,0.17,79.1,5839.53
4311,Mecanizado,NO,Otro,Algodon,SI,Mecanizada,NO,7,51,76,61500,17,0,0,0,0,0,0,0,2,0,0,0,1,0,0.0,0.0,69.0,0,0.0,0.0,0,0.0,30.0,0,0,0,3,3.0,PLANO O LLANO,PLANO,2,5.5,SIN ROCAS,NO,-1,-1.0,NO,-1,NO,MASIVA,NO,NO,NO HAY,LA MANIANA Y LA TARDE,NO HAY,NO HAY,NO,SI,24,PLANTAS NORMALES,SI,NO,SI,NO,BUENO,24,BUENO,LENTO,0,61.67,0.0,38.33,0.0,0.0,0.0,0.0,0.0,0.0,0.0,0.0,0.0,38.33,61.67,0.0,0.0,0.0,32.77,23.61,28.18,9.16,16499.64,0.22,316.1,0.22,83.94,32.51,23.16,27.84,9.35,23989.18,0.14,172.6,0.1,83.06,31.67,23.4,27.54,8.27,14265.3,0.0,131.9,0.08,83.23,6157.44
2901,Manual,NO,PIONEER 30F35 HRR,Maiz,NO,Manual,NO,4,46,78,60000,6,0,0,0,0,0,0,1,1,0,0,0,2,0,0.0,0.0,92.0,0,0.0,0.0,0,0.0,0.0,0,0,0,2,1.0,PLANO O LLANO,PLANO,2,6.0,SIN ROCAS,NO,-1,-1.0,SI,25,NO,GRANULAR,NO,NO,NO HAY,LA MANIANA Y LA TARDE,NO HAY,NO HAY,NO,SI,12,PLANTAS NORMALES,NO,NO,SI,NO,BUENO,25,LENTO A MUY LENTO,NINGUNO,0,40.0,0.0,0.0,0.0,0.0,0.0,60.0,0.0,0.0,60.0,40.0,0.0,0.0,0.0,0.0,0.0,0.0,32.1,24.82,28.46,7.29,13956.84,0.02,98.0,0.1,88.2,33.27,25.08,29.17,8.19,22720.54,0.19,163.8,0.07,83.37,32.51,24.88,28.7,7.62,11855.04,0.16,15.1,0.03,82.42,4632.56
4205,Mecanizado,NO,DK 234 YGRR,Maiz,SI,Mecanizada,NO,5,48,92,60000,19,0,0,0,0,0,0,0,2,0,0,0,1,0,0.0,0.0,69.0,0,0.0,0.0,0,0.0,30.0,0,0,0,3,2.0,PLANO O LLANO,PLANO,2,6.0,SIN ROCAS,NO,-1,-1.0,NO,-1,NO,ATERRONADA,NO,NO,NO HAY,LA MANIANA Y LA TARDE,NO HAY,NO HAY,NO,SI,25,PLANTAS NORMALES,NO,NO,SI,NO,BUENO,60,BUENO,NINGUNO,0,100.0,0.0,0.0,0.0,0.0,0.0,0.0,0.0,0.0,0.0,0.0,0.0,0.0,100.0,0.0,0.0,0.0,33.07,24.19,28.63,8.88,15123.25,0.38,426.4,0.28,79.97,33.32,23.62,28.47,9.7,23832.9,0.24,220.9,0.14,78.6,32.15,22.79,27.47,9.36,18427.75,0.02,357.2,0.23,80.11,7063.95
4157,Manual,NO,Otro,Maiz,SI,Manual,NO,6,50,81,72000,17,0,0,0,0,0,0,0,1,0,0,0,3,0,0.0,0.0,61.0,0,0.0,15.0,0,0.0,15.0,0,0,0,3,3.0,PLANO O LLANO,PLANO,2,5.5,SIN ROCAS,SI,26,4.0,NO,-1,NO,MASIVA,NO,NO,NO HAY,LA MANIANA Y LA TARDE,NO HAY,NO HAY,NO,SI,22,POCO AFECTADAS,NO,NO,SI,NO,REGULAR,22,BUENO,LENTO,0,100.0,0.0,0.0,0.0,0.0,0.0,0.0,0.0,0.0,0.0,0.0,0.0,0.0,100.0,0.0,0.0,0.0,32.92,24.02,28.47,8.9,15055.5,0.35,408.0,0.28,80.31,33.21,23.5,28.35,9.71,23870.97,0.21,252.6,0.17,78.56,32.17,22.72,27.45,9.45,15399.83,0.02,257.7,0.18,80.13,7627.91
2155,Mecanizado,SI,PAC 105,Algodon,SI,Manual,SI,5,48,74,70000,15,0,0,0,0,0,0,0,1,0,0,0,3,0,0.0,0.0,92.0,0,0.0,0.0,0,0.0,60.0,0,0,0,4,3.0,PLANO O LLANO,PLANO,2,6.0,SIN ROCAS,NO,-1,-1.0,SI,60,NO,GRANULAR,NO,NO,NO HAY,LA MANIANA Y LA TARDE,NO HAY,NO HAY,NO,SI,22,PLANTAS NORMALES,SI,NO,SI,NO,ESPACIADO,60,BUENO,LENTO,0,0.0,0.0,0.0,0.0,0.0,0.0,100.0,0.0,0.0,100.0,0.0,0.0,0.0,0.0,0.0,0.0,0.0,33.83,24.73,29.28,9.1,15505.82,0.42,118.3,0.08,79.27,33.99,24.42,29.2,9.57,22471.86,0.48,306.2,0.19,80.25,33.3,24.53,28.91,8.77,11234.55,0.33,56.1,0.07,82.47,4709.3
3035,Manual,NO,Otro,Maiz,SI,Manual,SI,5,46,87,71000,4,0,0,0,0,0,1,0,1,0,1,0,3,0,0.0,0.0,69.0,0,0.0,0.0,0,0.0,0.0,0,0,0,2,4.0,PLANO O LLANO,PLANO,2,5.5,SIN ROCAS,NO,-1,-1.0,NO,-1,NO,ATERRONADA,NO,NO,NO HAY,LA MANIANA Y LA TARDE,NO HAY,NO HAY,NO,SI,42,PLANTAS NORMALES,SI,NO,SI,NO,REGULAR,70,BUENO,LENTO,0,0.0,0.0,0.0,0.0,0.0,0.0,100.0,0.0,0.0,0.0,0.0,0.0,45.71,54.29,0.0,0.0,0.0,32.9,24.04,28.47,8.86,14848.21,0.22,270.2,0.18,81.97,33.51,24.49,29.0,9.02,22236.9,0.47,128.6,0.07,80.67,34.77,23.8,29.29,10.97,18236.05,0.83,0.7,0.0,73.49,3296.51
1549,Manual,NO,Otro,Maiz,NO,Manual,NO,7,37,84,58000,16,0,0,0,0,0,1,0,2,0,0,0,1,0,0.0,0.0,69.0,0,0.0,0.0,0,0.0,0.0,0,0,0,2,2.0,PLANO O LLANO,PLANO,2,6.0,SIN ROCAS,NO,-1,-1.0,NO,-1,NO,ATERRONADA,NO,NO,NO HAY,LA MANIANA Y LA TARDE,NO HAY,NO HAY,NO,SI,35,PLANTAS NORMALES,NO,NO,NO,NO,REGULAR,70,BUENO,NINGUNO,0,48.57,0.0,0.0,0.0,0.0,0.0,51.43,0.0,0.0,0.0,51.43,48.57,0.0,0.0,0.0,0.0,0.0,32.22,23.98,28.1,8.23,13824.92,0.08,269.6,0.18,83.35,33.41,23.85,28.63,9.55,22862.63,0.38,96.6,0.05,79.3,34.41,23.63,29.02,10.78,12553.9,0.65,7.9,0.0,75.65,3348.84
