ID_EVENTO,ID_LOTE,FECHA_SIEMBRA,FECHA_EMERGENCIA,FECHA_COSECHA,FECHA_FLORACION
53,40,2013-05-13,2013-05-18,2013-09-26,2013-07-20
54,43,2013-05-02,2013-05-07,2013-09-11,2013-07-10
56,44,2013-05-12,2013-05-17,2013-09-19,2013-07-15
57,45,2013-05-07,2013-05-12,2013-09-12,2013-07-15
273,46,2013-05-07,2013-05-12,2013-09-12,2013-07-14
282,47,2013-05-08,2013-05-14,2013-09-18,2013-07-25
283,51,2013-05-02,2013-05-07,2013-09-17,2013-06-23
284,268,2013-05-09,2013-05-14,2013-09-22,2013-06-25
286,269,2013-05-03,2013-05-09,2013-09-14,2013-06-20
287,270,2013-05-26,2013-05-31,2013-10-05,2013-07-26
288,271,2013-05-01,2013-05-07,2013-09-12,2013-07-02
289,272,2013-05-01,2013-05-06,2013-09-11,2013-06-18
290,273,2013-05-10,2013-05-15,2013-09-21,2013-07-12
291,274,2013-05-20,2013-05-25,2013-09-30,2013-07-23
293,276,2013-05-20,2013-05-24,2013-09-24,2013-07-23
294,277,2013-05-13,2013-05-18,2013-09-17,2013-07-25
295,278,2013-05-15,2013-05-21,2013-10-03,2013-07-25
536,470,2013-09-26,2013-10-01,2014-02-03,2013-11-17
537,471,2013-10-01,2013-10-06,2014-02-03,2013-11-23
539,469,2013-10-01,2013-10-06,2014-02-03,2013-11-25
540,475,2013-09-22,2013-09-28,2014-02-10,2013-11-14
543,478,2013-08-25,2013-08-30,2014-01-15,2013-11-17
548,479,2013-10-01,2013-10-07,2014-01-30,2013-11-21
549,480,2013-08-25,2013-08-30,2014-01-15,2013-10-15
559,484,2013-10-06,2013-10-11,2014-02-10,2013-11-23
560,485,2013-09-14,2013-09-19,2014-01-10,2013-10-31
617,514,2013-10-07,2013-10-12,2014-02-10,2013-11-24
618,515,2013-10-09,2013-10-14,2014-03-10,2013-11-28
766,651,2014-05-10,2014-05-15,2014-09-09,2014-06-28
769,654,2014-05-06,2014-05-10,2014-09-10,2014-06-23
779,665,2014-05-28,2014-06-05,2014-09-25,2014-07-09
780,666,2014-05-08,2014-05-15,2014-09-12,2014-06-25
781,667,2014-05-20,2014-05-26,2014-09-25,2014-07-08
783,669,2014-05-05,2014-05-11,2014-09-07,2014-06-22
784,670,2014-05-13,2014-05-19,2014-09-17,2014-06-28
785,671,2014-05-26,2014-06-02,2014-10-03,2014-07-10
786,672,2013-08-27,2013-09-03,2014-02-02,2013-10-12
787,653,2014-05-10,2014-05-16,2014-09-15,2014-06-27
788,668,2014-05-17,2014-05-23,2014-09-20,2014-06-30
789,673,2013-11-15,2013-11-20,2014-03-31,2014-01-03
791,674,2013-11-02,2013-11-08,2014-03-13,2013-12-20
797,676,2013-09-17,2013-09-23,2014-01-15,2013-11-05
804,680,2013-09-29,2013-10-05,2014-01-20,2013-11-18
805,681,2013-07-19,2013-07-26,2013-12-20,2013-09-06
806,682,2013-09-13,2013-09-19,2014-01-14,2013-10-31
807,683,2014-05-09,2014-05-13,2014-09-02,2014-06-24
813,689,2014-05-07,2014-05-13,2014-09-12,2014-06-22
814,690,2014-05-19,2014-05-23,2014-09-20,2014-07-05
816,692,2014-03-26,2014-04-03,2014-07-31,2014-05-12
817,693,2014-05-06,2014-05-14,2014-09-18,2014-06-24
818,694,2014-05-10,2014-05-17,2014-09-12,2014-06-26
820,696,2014-05-20,2014-05-27,2014-09-22,2014-07-07
821,697,2014-05-08,2014-05-13,2014-09-12,2014-06-23
823,699,2014-05-05,2014-05-11,2014-09-02,2014-06-25
824,700,2014-05-10,2014-05-18,2014-09-25,2014-06-27
825,701,2014-05-20,2014-05-27,2014-09-25,2014-07-05
826,702,2014-05-12,2014-05-18,2014-09-15,2014-06-30
827,703,2014-05-01,2014-05-07,2014-09-28,2014-06-20
828,704,2014-05-10,2014-05-15,2014-09-18,2014-06-27
829,705,2014-05-04,2014-05-10,2014-09-18,2014-06-24
830,706,2014-05-05,2014-05-11,2014-09-12,2014-06-24
834,710,2014-05-12,2014-05-18,2014-09-23,2014-07-04
835,711,2014-05-15,2014-05-20,2014-09-29,2014-07-05
836,712,2014-05-10,2014-05-15,2014-09-20,2014-06-29
838,714,2014-05-10,2014-05-17,2014-09-08,2014-06-29
839,715,2013-04-30,2013-05-06,2013-09-05,2013-06-17
840,716,2014-05-23,2014-05-30,2014-10-07,2014-07-12
841,717,2013-05-01,2013-05-13,2013-09-17,2013-06-23
1770,1547,2014-08-28,2014-09-01,2015-01-20,2014-10-12
1771,1548,2014-08-29,2014-09-03,2015-01-29,2014-10-17
1772,1549,2014-10-01,2014-10-08,2015-02-06,2014-11-14
1773,1550,2014-09-19,2014-09-23,2015-01-30,2014-11-15
1778,1555,2014-08-10,2014-08-16,2014-12-23,2014-09-27
1799,1575,2014-08-27,2014-09-02,2015-01-05,2014-10-14
1800,1576,2014-09-08,2014-09-15,2015-01-28,2014-10-22
2007,1789,2015-05-08,2015-05-17,2015-09-28,2015-07-03
2008,1790,2015-05-15,2015-05-19,2015-09-17,2015-07-07
2010,1792,2015-05-27,2015-06-01,2015-10-04,2015-07-18
2011,1793,2015-05-27,2015-06-01,2015-09-28,2015-07-18
2012,1794,2015-05-25,2015-05-28,2015-10-01,2015-07-16
2013,1796,2015-05-23,2015-05-27,2015-09-28,2015-07-15
2014,1797,2015-05-24,2015-05-28,2015-09-22,2015-07-14
2015,1798,2015-05-27,2015-06-01,2015-10-07,2015-07-18
2016,1799,2015-05-28,2015-06-02,2015-10-07,2015-07-17
2017,1800,2015-05-18,2015-05-19,2015-09-21,2015-07-08
2018,1801,2015-05-25,2015-05-29,2015-09-29,2015-07-15
2020,1803,2015-05-17,2015-05-23,2015-09-19,2015-07-15
2021,1804,2015-05-20,2015-05-25,2015-09-18,2015-07-17
2022,1805,2015-05-26,2015-05-31,2015-09-28,2015-07-14
2029,1812,2015-05-20,2015-05-24,2015-09-15,2015-07-10
2030,1814,2015-05-30,2015-06-05,2015-10-05,2015-07-14
2031,1815,2015-05-26,2015-05-31,2015-09-29,2015-07-17
2032,1816,2015-05-21,2015-05-26,2015-09-24,2015-07-10
2035,1820,2015-05-26,2015-05-29,2015-10-10,2015-07-14
2038,1822,2015-05-20,2015-05-25,2015-10-08,2015-07-10
2039,1823,2015-05-27,2015-06-01,2015-10-05,2015-07-20
2040,1824,2015-05-31,2015-06-04,2015-09-29,2015-07-24
2041,1825,2015-05-28,2015-06-01,2015-09-30,2015-07-18
2042,1826,2015-05-03,2015-05-08,2015-08-25,2015-06-25
2043,1827,2015-05-18,2015-05-22,2015-09-18,2015-07-10
2044,1828,2015-05-15,2015-05-20,2015-09-21,2015-07-07
2045,1829,2015-05-15,2015-05-20,2015-09-20,2015-07-06
2047,1833,2015-05-20,2015-05-24,2015-09-28,2015-07-12
2048,1830,2015-05-28,2015-05-31,2015-10-02,2015-07-12
2050,1871,2015-05-16,2015-05-21,2015-09-20,2015-07-05
2051,1818,2015-05-26,2015-05-31,2015-09-27,2015-07-17
2052,1819,2015-05-18,2015-05-23,2015-09-22,2015-07-08
2053,1872,2015-05-25,2015-05-30,2015-09-25,2015-07-17
2057,1795,2015-05-20,2015-05-24,2015-09-28,2015-07-10
2063,1879,2015-05-18,2015-05-22,2015-09-28,2015-07-08
2065,1880,2015-05-12,2015-05-18,2015-09-22,2015-07-07
2066,1881,2015-05-18,2015-05-23,2015-09-23,2015-07-12
2068,1887,2015-05-20,2015-05-23,2015-09-25,2015-07-08
2069,1904,2015-05-22,2015-05-27,2015-10-12,2015-07-12
2070,1886,2015-05-23,2015-05-27,2015-09-28,2015-07-12
2071,1889,2015-05-25,2015-05-29,2015-10-02,2015-07-18
2072,1891,2015-05-21,2015-05-24,2015-09-28,2015-07-09
2073,1894,2015-05-20,2015-05-23,2015-09-28,2015-07-09
2074,1897,2015-05-23,2015-05-27,2015-10-02,2015-07-14
2076,1898,2015-05-18,2015-05-22,2015-09-28,2015-07-09
2077,1899,2015-05-24,2015-05-28,2015-10-02,2015-07-13
2078,1884,2015-05-18,2015-05-23,2015-09-20,2015-07-09
2079,1905,2015-05-07,2015-05-12,2015-09-20,2015-06-27
2080,1906,2015-05-11,2015-05-16,2015-09-18,2015-07-02
2081,1907,2015-05-09,2015-05-14,2015-09-14,2015-07-01
2082,1902,2015-05-20,2015-05-24,2015-09-21,2015-07-18
2083,1908,2015-05-11,2015-05-15,2015-09-17,2015-07-02
2084,1903,2015-05-21,2015-05-26,2015-10-12,2015-07-16
2086,1909,2015-05-20,2015-05-25,2015-09-19,2015-07-11
2088,1910,2015-05-20,2015-05-25,2015-09-22,2015-07-10
2089,1831,2015-05-20,2015-05-24,2015-09-22,2015-07-20
2090,1911,2015-05-14,2015-05-19,2015-09-20,2015-07-05
2091,1912,2015-05-23,2015-05-28,2015-09-25,2015-07-13
2092,1913,2015-05-22,2015-05-27,2015-09-30,2015-08-13
2098,1940,2015-05-23,2015-05-27,2015-10-01,2015-06-15
2099,1939,2015-05-21,2015-05-25,2015-09-28,2015-07-12
2100,1938,2015-05-24,2015-05-28,2015-09-28,2015-07-16
2101,1937,2015-05-20,2015-05-24,2015-10-01,2015-07-11
2102,1936,2015-05-21,2015-05-25,2015-09-28,2015-08-13
2103,1935,2015-05-25,2015-05-29,2015-09-30,2015-07-15
2104,1934,2015-05-20,2015-05-24,2015-10-02,2015-07-10
2105,1932,2015-05-12,2015-05-15,2015-09-21,2015-07-02
2107,1946,2015-05-19,2015-05-24,2015-09-25,2015-07-11
2109,1933,2015-05-20,2015-05-24,2015-09-28,2015-07-12
2110,1947,2015-05-23,2015-05-28,2015-10-02,2015-07-14
2111,1948,2015-05-01,2015-05-06,2015-09-05,2015-06-23
2113,1950,2015-05-20,2015-06-09,2015-09-30,2015-07-15
2117,1952,2015-05-27,2015-06-01,2015-10-04,2015-07-16
2118,1953,2015-05-21,2015-05-26,2015-09-27,2015-07-13
2119,1954,2015-05-22,2015-05-27,2015-09-30,2015-07-13
2120,1955,2015-05-30,2015-06-04,2015-10-05,2015-07-16
2126,1929,2015-05-25,2015-05-30,2015-09-20,2015-07-25
2128,1927,2015-05-27,2015-06-01,2015-09-26,2015-07-25
2129,1926,2015-05-15,2015-05-20,2015-10-13,2015-07-05
2130,1925,2015-05-17,2015-05-20,2015-09-12,2015-07-10
2132,1923,2015-05-16,2015-05-21,2015-09-15,2015-07-13
2134,1921,2015-05-20,2015-05-25,2015-09-16,2015-07-10
2135,1920,2015-05-21,2015-05-29,2015-10-05,2015-07-14
2136,1919,2015-05-20,2015-05-25,2015-09-25,2015-07-15
2137,1918,2015-05-16,2015-05-20,2015-09-15,2015-07-10
2138,1917,2015-05-06,2015-05-21,2015-09-12,2015-07-06
2140,1915,2015-05-25,2015-05-30,2015-09-23,2015-07-14
2143,1961,2015-06-08,2015-06-12,2015-10-06,2015-07-30
2145,1962,2015-05-24,2015-05-24,2015-09-28,2015-07-13
2153,1976,2015-05-21,2015-05-28,2015-10-03,2015-07-22
2154,1977,2015-04-22,2015-04-27,2015-09-17,2015-06-11
2157,2000,2015-05-26,2015-06-02,2015-09-21,2015-07-23
2158,2003,2015-05-25,2015-05-30,2015-09-23,2015-07-16
2159,2004,2015-05-25,2015-05-30,2015-10-03,2015-07-18
2160,2005,2015-05-20,2015-05-25,2015-09-28,2015-07-11
2161,2006,2015-05-15,2015-05-20,2015-09-23,2015-07-07
2163,2007,2015-05-22,2015-05-27,2015-09-27,2015-07-14
2164,1998,2015-06-01,2015-06-06,2015-10-12,2015-07-21
2165,2008,2015-05-21,2015-05-26,2015-09-30,2015-07-10
2166,1997,2015-05-25,2015-05-30,2015-10-12,2015-07-15
2167,2009,2015-05-25,2015-05-30,2015-10-03,2015-07-16
2184,1966,2015-05-20,2015-05-24,2015-10-05,2015-07-12
2188,1968,2015-05-19,2015-05-25,2015-09-28,2015-07-09
2206,1992,2015-05-24,2015-05-29,2015-09-15,2015-07-19
2207,2081,2015-05-29,2015-06-03,2015-10-15,2015-07-18
2211,2082,2015-05-20,2015-05-25,2015-09-23,2015-07-10
2214,1978,2015-05-28,2015-06-02,2015-09-26,2015-07-25
2216,1989,2015-05-18,2015-05-23,2015-09-21,2015-07-12
2218,1988,2015-05-19,2015-05-24,2015-09-19,2015-07-09
2220,1987,2015-05-26,2015-05-31,2015-09-27,2015-07-18
2222,1985,2015-05-24,2015-05-29,2015-09-28,2015-07-14
2224,1984,2015-05-30,2015-06-09,2015-09-14,2015-07-19
2225,1983,2015-05-30,2015-06-09,2015-09-19,2015-07-19
2228,1981,2015-05-20,2015-05-24,2015-09-17,2015-07-14
2229,1980,2015-05-21,2015-05-26,2015-09-18,2015-07-12
2233,2091,2015-05-23,2015-05-28,2015-09-26,2015-07-13
2234,2092,2015-05-21,2015-05-26,2015-09-27,2015-07-10
2235,2093,2015-05-15,2015-05-20,2015-09-21,2015-07-04
2236,2094,2015-05-20,2015-05-25,2015-09-27,2015-07-10
2237,2095,2015-05-20,2015-05-25,2015-09-19,2015-07-11
2238,2096,2015-05-17,2015-05-22,2015-09-20,2015-07-07
2241,2113,2015-05-23,2015-05-28,2015-09-25,2015-07-18
2242,2112,2015-06-07,2015-06-12,2015-10-12,2015-07-27
2243,2097,2015-05-25,2015-05-30,2015-09-25,2015-07-22
2267,2111,2015-05-30,2015-06-04,2015-10-12,2015-07-12
2275,2154,2015-05-20,2015-05-25,2015-09-27,2015-07-11
2277,2155,2015-05-20,2015-05-25,2015-09-24,2015-07-12
2280,2102,2015-05-20,2015-05-28,2015-09-20,2015-07-22
2281,2157,2015-05-21,2015-05-26,2015-09-23,2015-07-11
2282,2101,2015-05-23,2015-05-28,2015-09-14,2015-07-18
2283,2100,2015-05-18,2015-05-23,2015-09-25,2015-07-17
2284,2099,2015-05-18,2015-05-23,2015-09-26,2015-07-07
2292,2172,2015-05-08,2015-05-12,2015-09-29,2015-07-12
2293,2171,2015-05-18,2015-05-23,2015-09-14,2015-07-15
2298,2174,2015-04-26,2015-05-01,2015-09-04,2015-07-17
2300,2173,2015-04-25,2015-04-30,2015-09-02,2015-07-16
2301,2175,2015-05-02,2015-05-07,2015-09-10,2015-06-22
2302,2176,2015-04-26,2015-05-08,2015-08-20,2015-06-10
2314,2194,2015-06-06,2015-06-11,2015-10-05,2015-07-26
2351,2258,2015-05-18,2015-05-23,2015-09-14,2015-07-07
2352,2257,2015-05-20,2015-05-25,2015-09-21,2015-07-09
2387,2265,2015-05-03,2015-05-07,2015-09-07,2015-06-22
2391,2277,2015-05-15,2015-05-20,2015-09-10,2015-07-07
2392,2278,2015-05-20,2015-05-26,2015-09-15,2015-07-13
2403,2263,2015-04-23,2015-04-27,2015-08-31,2015-07-13
2404,2262,2015-05-25,2015-05-30,2015-10-01,2015-07-16
2406,2308,2015-05-21,2015-05-25,2015-10-05,2015-07-09
2435,2057,2015-05-20,2015-05-24,2015-09-28,2015-07-10
2441,2055,2015-05-21,2015-05-26,2015-09-28,2015-07-10
2442,2054,2015-05-20,2015-05-24,2015-09-28,2015-07-12
2443,2053,2015-05-20,2015-05-23,2015-09-30,2015-07-08
2444,2206,2015-05-21,2015-05-24,2015-09-30,2015-07-09
2446,2056,2015-05-22,2015-05-26,2015-09-28,2015-07-09
2447,2207,2015-05-25,2015-05-25,2015-10-05,2015-07-12
2449,2025,2015-05-20,2015-05-25,2015-09-29,2015-07-16
2450,2027,2015-05-26,2015-05-29,2015-10-04,2015-07-15
2452,2030,2015-05-20,2015-05-24,2015-09-28,2015-07-10
2454,2031,2015-05-24,2015-05-28,2015-10-03,2015-07-12
2455,2032,2015-05-24,2015-05-27,2015-09-28,2015-07-11
2456,2034,2015-05-16,2015-05-20,2015-10-07,2015-07-08
2457,2329,2015-04-04,2015-05-10,2015-09-01,2015-05-25
2458,2326,2015-04-28,2015-05-06,2015-09-10,2015-06-22
2465,2338,2015-05-20,2015-05-27,2015-09-25,2015-07-11
2466,2340,2015-05-23,2015-05-28,2015-09-30,2015-07-13
2468,2336,2015-05-21,2015-05-24,2015-09-20,2015-07-18
2472,2341,2015-05-25,2015-05-30,2015-10-02,2015-07-16
2474,2333,2015-05-05,2015-05-10,2015-09-10,2015-06-24
2501,2357,2015-05-21,2015-05-26,2015-09-15,2015-07-10
2502,2035,2015-05-15,2015-05-19,2015-09-25,2015-07-06
2503,2036,2015-05-27,2015-06-01,2015-10-29,2015-07-17
2504,2038,2015-05-20,2015-05-24,2015-09-27,2015-07-10
2506,2359,2015-05-21,2015-05-26,2015-09-20,2015-07-11
2507,2360,2015-05-05,2015-05-10,2015-09-14,2015-06-27
2508,2361,2015-05-20,2015-05-25,2015-09-30,2015-07-12
2510,2363,2015-05-05,2015-06-04,2015-09-28,2015-07-23
2511,2364,2015-05-22,2015-05-27,2015-09-27,2015-07-12
2523,2039,2015-05-16,2015-05-20,2015-09-27,2015-07-06
2525,2040,2015-05-17,2015-05-21,2015-10-05,2015-07-06
2526,2041,2015-05-18,2015-05-22,2015-09-28,2015-07-05
2535,2375,2015-05-28,2015-06-02,2015-10-15,2015-07-20
2536,2376,2015-05-25,2015-05-30,2015-09-29,2015-07-15
2539,2327,2015-05-20,2015-05-25,2015-09-16,2015-07-09
2540,2328,2015-05-01,2015-05-06,2015-09-09,2015-07-30
2541,2379,2015-05-15,2015-05-20,2015-09-12,2015-07-06
2545,2383,2015-05-19,2015-05-24,2015-09-10,2015-07-11
2550,2387,2015-05-20,2015-05-25,2015-09-15,2015-08-10
2553,2391,2015-05-05,2015-05-09,2015-09-11,2015-06-24
2554,2043,2015-05-20,2015-05-24,2015-09-26,2015-07-09
2560,2397,2015-05-26,2015-05-31,2015-09-25,2015-07-16
2562,2044,2015-05-25,2015-05-28,2015-10-05,2015-07-13
2564,2045,2015-05-25,2015-05-30,2015-10-15,2015-07-15
2565,2046,2015-05-26,2015-05-30,2015-10-05,2015-07-16
2566,2048,2015-05-16,2015-05-20,2015-09-28,2015-07-05
2567,2049,2015-05-18,2015-05-20,2015-10-12,2015-07-05
2569,2050,2015-06-01,2015-06-04,2015-10-12,2015-07-23
2573,2400,2015-05-20,2015-05-24,2015-09-18,2015-07-14
2575,2052,2015-05-16,2015-05-20,2015-09-28,2015-07-06
2576,2200,2015-05-24,2015-05-28,2015-10-05,2015-07-15
2577,2401,2015-05-30,2015-06-04,2015-09-29,2015-07-22
2578,2205,2015-05-21,2015-05-25,2015-09-28,2015-07-10
2579,2402,2015-05-20,2015-05-25,2015-09-22,2015-07-10
2580,2204,2015-05-20,2015-05-24,2015-09-30,2015-07-10
2581,2203,2015-05-25,2015-05-29,2015-10-05,2015-07-14
2582,2202,2015-05-20,2015-05-24,2015-10-05,2015-07-03
2583,2201,2015-05-21,2015-05-24,2015-09-29,2015-07-13
2584,2214,2015-05-07,2015-05-12,2015-09-21,2015-06-30
2585,2216,2015-05-26,2015-05-30,2015-10-05,2015-07-16
2586,2215,2015-05-18,2015-05-23,2015-09-28,2015-07-06
2587,2213,2015-05-20,2015-05-24,2015-09-28,2015-07-09
2588,2274,2015-05-16,2015-05-20,2015-09-29,2015-07-06
2589,2275,2015-05-15,2015-05-21,2015-09-29,2015-07-07
2591,2276,2015-05-17,2015-05-22,2015-09-28,2015-07-08
2592,2208,2015-05-26,2015-05-30,2015-09-29,2015-07-16
2594,2209,2015-05-22,2015-05-25,2015-10-05,2015-07-10
2595,2210,2015-05-20,2015-05-24,2015-09-25,2015-07-09
2596,2211,2015-05-22,2015-05-25,2015-09-28,2015-07-11
2597,2212,2015-05-18,2015-05-22,2015-10-05,2015-07-08
2609,2422,2015-05-26,2015-05-31,2015-09-25,2015-07-17
2617,2323,2015-05-19,2015-05-24,2015-09-30,2015-07-10
2618,2322,2015-05-27,2015-06-01,2015-10-12,2015-07-17
2619,2321,2015-05-18,2015-05-22,2015-09-28,2015-07-08
2620,2320,2015-05-16,2015-05-19,2015-09-29,2015-07-06
2621,2319,2015-05-12,2015-05-17,2015-09-24,2015-07-04
2622,2318,2015-05-26,2015-05-30,2015-10-05,2015-07-15
2623,2288,2015-05-18,2015-05-22,2015-09-30,2015-07-09
2624,2286,2015-05-15,2015-05-19,2015-09-22,2015-07-06
2626,2285,2015-05-20,2015-05-24,2015-09-30,2015-07-11
2628,2284,2015-05-21,2015-05-25,2015-09-28,2015-06-11
2629,2283,2015-05-23,2015-05-28,2015-10-11,2015-07-13
2630,2282,2015-05-18,2015-05-22,2015-09-28,2015-07-08
2632,2280,2015-05-24,2015-05-28,2015-09-30,2015-07-13
2633,2287,2015-05-25,2015-05-29,2015-10-01,2015-07-14
2635,2436,2015-06-01,2015-06-06,2015-09-26,2015-07-22
2636,2437,2015-05-28,2015-06-02,2015-09-16,2015-07-18
2637,2438,2015-05-20,2015-05-25,2015-09-15,2015-07-11
2641,2439,2015-05-12,2015-05-17,2015-09-25,2015-07-03
2643,2440,2015-05-16,2015-05-21,2015-10-01,2015-07-06
2661,2444,2015-05-20,2015-05-25,2015-09-18,2015-07-10
2662,2445,2015-05-22,2015-05-27,2015-09-24,2015-07-13
2663,2446,2015-05-17,2015-05-22,2015-09-19,2015-07-08
2666,2448,2015-05-19,2015-05-24,2015-09-20,2015-07-10
2668,2449,2015-05-15,2015-05-20,2015-09-14,2015-07-06
2669,2450,2015-05-15,2015-05-20,2015-09-17,2015-07-06
2675,2454,2015-05-03,2015-05-08,2015-09-16,2015-06-25
2678,2457,2015-05-09,2015-05-14,2015-09-10,2015-06-30
2679,2458,2015-05-01,2015-05-06,2015-09-08,2015-06-21
2680,2459,2015-05-01,2015-05-06,2015-09-10,2015-06-21
2681,2460,2015-05-27,2015-06-02,2015-09-28,2015-07-17
2687,2463,2015-05-25,2015-05-30,2015-09-23,2015-07-15
2688,2464,2015-05-30,2015-06-04,2015-09-28,2015-07-21
2690,2465,2015-05-20,2015-05-25,2015-09-30,2015-07-11
2694,2468,2015-05-16,2015-05-21,2015-09-28,2015-07-07
2718,2474,2015-05-23,2015-05-28,2015-09-24,2015-07-15
2719,2475,2015-05-20,2015-05-25,2015-09-27,2015-07-12
2721,2477,2015-05-20,2015-05-25,2015-09-15,2015-07-11
2722,2478,2015-05-25,2015-05-30,2015-09-30,2015-07-16
2723,2479,2015-05-15,2015-05-20,2015-09-27,2015-07-05
2733,2504,2015-05-18,2015-05-23,2015-09-20,2015-07-08
2735,2506,2015-05-20,2015-05-25,2015-09-21,2015-07-10
2736,2495,2015-04-24,2015-04-30,2015-08-31,2015-06-15
2737,2481,2015-05-06,2015-05-12,2015-09-11,2015-06-26
2738,2487,2015-05-04,2015-05-09,2015-09-14,2015-06-24
2739,2488,2015-04-23,2015-04-28,2015-09-01,2015-06-12
2740,2484,2015-05-14,2015-05-19,2015-09-29,2015-07-03
2741,2485,2015-04-29,2015-05-05,2015-09-18,2015-06-18
2746,2482,2015-05-28,2015-06-02,2015-10-02,2015-07-17
2747,2483,2015-05-20,2015-05-25,2015-09-28,2015-06-20
2748,2486,2015-05-22,2015-05-27,2015-09-30,2015-07-12
2750,2490,2015-05-05,2015-05-11,2015-09-16,2015-06-20
2751,2491,2015-05-01,2015-05-05,2015-09-08,2015-06-15
2752,2492,2015-05-25,2015-05-30,2015-10-03,2015-07-14
2754,2494,2015-05-21,2015-05-26,2015-09-30,2015-07-10
2757,2498,2015-05-01,2015-05-06,2015-08-21,2015-06-17
2762,2499,2015-05-07,2015-05-13,2015-09-25,2015-07-03
2763,2500,2015-05-12,2015-05-18,2015-09-21,2015-07-07
2766,2502,2015-05-16,2015-05-22,2015-10-02,2015-07-11
2767,2503,2015-05-11,2015-05-16,2015-09-21,2015-07-06
2771,2513,2015-05-21,2015-05-26,2015-09-27,2015-07-11
2772,2514,2015-05-25,2015-05-30,2015-10-04,2015-07-15
2773,2515,2015-05-20,2015-05-25,2015-10-08,2015-07-11
2774,2516,2015-05-18,2015-05-23,2015-09-18,2015-07-09
2775,2517,2015-05-19,2015-05-24,2015-09-18,2015-07-10
2826,2540,2015-04-29,2015-05-05,2015-09-15,2015-06-23
2831,2541,2015-05-11,2015-05-16,2015-09-28,2015-07-08
2835,2543,2015-05-01,2015-05-06,2015-09-14,2015-06-26
2836,2544,2015-04-17,2015-04-23,2015-09-04,2015-06-12
2837,2545,2015-05-08,2015-05-13,2015-10-01,2015-07-03
2860,2607,2015-05-05,2015-05-11,2015-09-10,2015-06-22
2862,2609,2015-05-10,2015-05-16,2015-09-15,2015-06-29
2863,2610,2015-05-25,2015-05-30,2015-09-25,2015-07-13
2864,2611,2015-05-17,2015-05-23,2015-09-25,2015-07-06
2865,2612,2015-05-10,2015-05-16,2015-09-15,2015-06-25
2866,2613,2015-05-20,2015-05-26,2015-09-17,2015-07-09
2867,2614,2015-05-20,2015-05-26,2015-09-25,2015-07-09
2871,2619,2015-04-30,2015-05-06,2015-09-15,2015-06-23
2873,2618,2015-05-16,2015-05-22,2015-10-02,2015-07-15
2886,2626,2015-04-13,2015-04-20,2015-08-27,2015-06-11
2888,2628,2015-05-12,2015-05-19,2015-09-28,2015-07-13
2889,2629,2015-05-05,2015-05-12,2015-09-21,2015-07-03
2890,2630,2015-05-06,2015-05-13,2015-09-25,2015-07-06
2891,2631,2015-05-20,2015-05-26,2015-09-29,2015-07-08
2892,2632,2015-05-20,2015-05-26,2015-10-02,2015-07-10
2893,2634,2015-04-21,2015-04-28,2015-09-10,2015-06-19
2894,2633,2015-04-23,2015-04-30,2015-09-18,2015-06-23
2895,2635,2015-04-21,2015-04-27,2015-09-14,2015-06-22
2896,2636,2015-04-28,2015-05-02,2015-09-19,2015-06-27
2897,2637,2015-04-20,2015-04-26,2015-09-23,2015-06-23
2898,2638,2015-04-20,2015-04-25,2015-09-04,2015-06-17
2899,2639,2015-04-20,2015-04-27,2015-09-15,2015-06-21
2901,2641,2015-04-22,2015-04-28,2015-09-14,2015-06-18
2902,2642,2015-04-25,2015-05-01,2015-09-24,2015-06-24
2909,2645,2015-05-18,2015-05-23,2015-10-16,2015-07-16
2914,2646,2015-04-23,2015-04-29,2015-09-22,2015-06-20
2915,2643,2015-05-18,2015-05-23,2015-10-07,2015-07-18
2917,2644,2015-04-20,2015-04-25,2015-09-12,2015-06-16
2921,2660,2015-05-01,2015-05-06,2015-09-17,2015-06-29
2923,2663,2015-04-24,2015-04-30,2015-09-15,2015-06-20
2924,2659,2015-05-23,2015-05-29,2015-10-13,2015-07-21
2925,2664,2015-05-02,2015-05-08,2015-09-22,2015-06-27
2926,2665,2015-04-24,2015-04-30,2015-09-17,2015-06-17
2935,2686,2015-05-02,2015-05-08,2015-09-18,2015-06-30
2936,2687,2015-04-23,2015-04-29,2015-09-10,2015-06-20
2937,2688,2015-05-23,2015-05-28,2015-10-09,2015-07-17
2938,2689,2015-04-25,2015-05-01,2015-09-16,2015-06-24
2940,2691,2015-04-28,2015-05-04,2015-09-17,2015-06-27
2942,2693,2015-05-05,2015-05-11,2015-09-25,2015-07-03
2944,2675,2015-05-17,2015-05-23,2015-10-09,2015-07-16
2946,2677,2015-05-07,2015-05-13,2015-09-16,2015-06-29
2948,2679,2015-05-17,2015-05-23,2015-09-29,2015-07-15
2949,2678,2015-05-19,2015-05-24,2015-10-08,2015-07-13
2950,2684,2015-05-06,2015-05-12,2015-09-16,2015-07-02
2952,2682,2015-05-19,2015-05-25,2015-10-09,2015-07-15
2953,2681,2015-05-15,2015-05-20,2015-10-10,2015-07-08
2954,2680,2015-05-22,2015-05-27,2015-10-10,2015-07-17
3022,2744,2015-09-25,2015-09-30,2016-02-20,2015-11-14
3024,2746,2015-09-06,2015-09-10,2016-01-15,2015-10-27
3044,2766,2015-09-05,2015-09-09,2016-01-08,2015-10-25
3048,2770,2015-09-10,2015-09-14,2016-01-15,2015-10-30
3103,2818,2015-09-10,2015-09-16,2016-01-26,2015-11-04
3106,2827,2015-09-12,2015-09-15,2016-01-20,2015-11-04
3122,2841,2015-09-14,2015-09-20,2016-01-27,2015-11-10
3123,2829,2015-09-15,2015-09-21,2016-01-28,2015-11-04
3124,2842,2015-09-07,2015-09-12,2016-01-16,2015-10-29
3125,2843,2015-09-20,2015-09-25,2016-01-29,2015-11-12
3135,2853,2015-09-18,,2016-01-25,
3145,2863,2015-09-17,2015-09-22,2016-02-02,2015-11-07
3146,2864,2015-09-19,2015-09-24,2016-02-05,2015-11-08
3147,2865,2015-09-16,2015-09-21,2016-01-27,2015-11-04
3148,2866,2015-09-20,2015-09-25,2016-02-05,2015-11-10
3157,2885,2015-09-29,2015-10-05,2016-02-11,2015-11-20
3158,2886,2015-09-12,2015-09-17,2016-01-27,2015-11-03
3159,2887,2015-09-11,2015-09-16,2016-01-25,2015-11-02
3160,2888,2015-09-10,2015-09-15,2016-01-29,2015-10-31
3161,2889,2015-09-19,2015-09-24,2016-02-04,2015-11-10
3164,2890,2015-09-14,2015-09-19,2016-02-02,2015-11-04
3165,2891,2015-09-04,2015-09-09,2016-01-25,2015-10-05
3170,2906,2015-10-04,,2016-02-16,
3171,2907,2015-10-08,2015-10-13,2016-02-19,2015-11-29
3172,2908,2015-10-02,2015-10-07,2016-02-25,2015-11-22
3173,2909,2015-10-03,2015-10-08,2016-02-26,2015-11-23
3174,2895,2015-09-18,2015-09-22,2016-01-28,2015-11-07
3175,2896,2015-09-23,2015-09-27,2016-02-05,2015-11-13
3176,2897,2015-09-25,2015-09-30,2016-01-28,2015-11-17
3177,2898,2015-10-07,2015-10-12,2016-02-17,2015-11-29
3178,2899,2015-10-09,2015-10-14,2016-02-18,2015-12-01
3179,2900,2015-10-02,2015-10-06,2016-02-10,2015-11-22
3180,2901,2015-10-15,2015-10-19,2016-02-20,2015-12-04
3181,2902,2015-10-12,2015-10-16,2016-02-20,2015-12-01
3182,2903,2015-09-26,2015-10-01,2016-02-08,2015-11-15
3183,2904,2015-10-05,2015-10-09,2016-02-20,2015-11-27
3184,2905,2015-10-07,2015-10-12,2016-02-17,2015-11-30
3185,2910,2015-09-20,2015-09-25,2016-02-10,2015-11-10
3187,2911,2015-09-15,2015-09-20,2016-02-02,2015-11-05
3188,2912,2015-09-27,2015-10-01,2016-02-12,2015-11-17
3190,2916,2015-09-25,2015-09-30,2016-02-14,2015-11-16
3191,2913,2015-09-24,2015-09-29,2016-02-08,2015-11-16
3192,2914,2015-10-16,2015-10-20,2016-02-24,2015-12-08
3193,2773,2015-10-22,2015-10-25,2016-02-27,2015-12-11
3194,2772,2015-10-27,2015-11-02,2016-03-07,2015-12-15
3195,2771,2015-10-27,2015-11-01,2016-03-03,2015-12-16
3196,2917,2015-09-21,2015-09-26,2016-02-15,2015-11-11
3197,2918,2015-09-21,2015-09-26,2016-02-14,2015-11-11
3198,2919,2015-10-04,2015-10-09,2016-02-28,2015-11-24
3201,2920,2015-10-05,2015-10-09,2016-02-14,2015-11-26
3202,2921,2015-09-19,2015-09-23,2016-02-08,2015-11-08
3203,2922,2015-09-30,2015-10-03,2016-02-10,2015-11-17
3204,2923,2015-09-22,2015-09-26,2016-02-04,2015-11-13
3205,2924,2015-10-13,2015-10-17,2016-02-22,2015-12-03
3206,2925,2015-10-30,2015-11-03,2016-03-12,2015-12-18
3207,2926,2015-10-24,2015-10-28,2016-03-04,2015-12-12
3208,2927,2015-10-07,2015-10-12,2016-02-22,2015-11-29
3209,2928,2015-10-05,2015-10-10,2016-02-16,2015-11-26
3210,2929,2015-10-20,2015-10-24,2016-02-27,2015-12-10
3211,2930,2015-10-25,2015-10-29,2016-03-02,2015-12-14
3212,2931,2015-11-03,2015-11-07,2016-03-12,2015-12-22
3213,2932,2015-11-10,2015-11-14,2016-03-19,2015-12-30
3214,2933,2015-09-25,2015-09-29,2016-02-15,2015-11-13
3215,2934,2015-09-30,2015-10-04,2016-02-15,2015-11-20
3216,2935,2015-09-27,2015-10-01,2016-02-08,2015-11-16
3217,2936,2015-09-22,2015-09-26,2016-02-02,2015-11-11
3218,2937,2015-10-15,2015-10-19,2016-02-27,2015-12-06
3219,2938,2015-10-22,2015-10-26,2016-03-02,2015-12-10
3220,2939,2015-10-15,2015-10-19,2016-02-24,2015-12-06
3221,2940,2015-09-30,2015-10-03,2016-02-08,2015-11-19
3222,2941,2015-10-15,2015-10-19,2016-02-26,2015-12-05
3223,2942,2015-10-10,2015-10-14,2016-02-18,2015-11-30
3224,2943,2015-10-13,2015-10-18,2016-02-26,2015-12-04
3225,2944,2015-10-07,2015-10-11,2016-02-22,2015-11-27
3227,2946,2015-10-05,2015-10-09,2016-02-22,2015-11-27
3228,2947,2015-09-27,2015-10-01,2016-02-10,2015-11-17
3229,2948,2015-10-02,2015-10-06,2016-02-16,2015-11-22
3230,2950,2015-09-30,2015-10-04,2016-02-15,2015-11-20
3231,2951,2015-10-12,2015-10-16,2016-02-25,2015-12-02
3232,2952,2015-10-02,2015-10-07,2016-02-14,2015-11-25
3233,2953,2015-10-01,2015-10-06,2016-02-10,2015-11-23
3234,2954,2015-10-03,2015-10-08,2016-02-20,2015-11-25
3235,2955,2015-10-01,2015-10-06,2016-02-15,2015-11-23
3236,2956,2015-09-29,2015-10-04,2016-02-11,2015-11-20
3237,2957,2015-09-30,2015-10-05,2016-02-05,2015-11-22
3238,2958,2015-09-30,2015-10-05,2016-02-17,2015-11-21
3239,2959,2015-10-02,2015-10-07,2016-02-10,2015-11-23
3240,2960,2015-10-03,2015-10-08,2016-02-12,2015-11-23
3241,2961,2015-09-27,2015-10-02,2016-02-07,2015-11-17
3242,2962,2015-09-29,2015-10-04,2016-02-11,2015-11-22
3243,2963,2015-09-26,2015-10-01,2016-02-12,2015-11-17
3247,2967,2015-10-04,2015-10-09,2016-02-20,2015-11-24
3248,2968,2015-10-01,2015-10-06,2016-02-16,2015-11-23
3249,2969,2015-09-30,2015-10-05,2016-02-12,2015-11-23
3250,2970,2015-10-02,2015-10-07,2016-02-17,2015-11-23
3251,2971,2015-10-02,2015-10-07,2016-02-16,2015-11-24
3252,2972,2015-10-05,2015-10-10,2016-02-19,2015-11-26
3253,2973,2015-10-08,,2016-02-25,
3254,2974,2015-10-01,2015-10-06,2016-02-10,2015-11-22
3255,2975,2015-10-02,2015-10-07,2016-02-23,2015-11-24
3256,2986,2015-09-18,2015-09-23,2016-01-30,2015-11-09
3257,2987,2015-09-21,2015-09-26,2016-02-03,2015-11-11
3258,2989,2015-09-15,2015-09-20,2016-02-03,2015-11-06
3259,2988,2015-09-23,2015-09-28,2016-02-05,2015-11-14
3260,2990,2015-09-17,2015-09-22,2016-02-05,2015-11-08
3261,2991,2015-09-26,2015-10-01,2016-02-15,2015-11-17
3262,2992,2015-09-27,2015-10-02,2016-02-17,2015-11-16
3263,2993,2015-09-19,2015-09-24,2016-02-09,2015-11-10
3264,2994,2015-09-21,2015-09-26,2016-02-11,2015-11-12
3265,2995,2015-09-20,2015-09-25,2016-02-06,2015-11-06
3266,2996,2015-09-19,2015-09-24,2016-02-04,2015-11-10
3267,2976,2015-10-19,2015-10-24,2016-02-25,2015-12-09
3268,2977,2015-10-08,2015-10-12,2016-02-16,2015-11-26
3270,2979,2015-10-01,2015-10-05,2016-02-20,2015-11-21
3271,2980,2015-10-02,2015-10-06,2016-02-13,2015-11-21
3273,2982,2015-09-24,2015-09-28,2016-02-04,2015-11-14
3274,2983,2015-10-25,2015-10-30,2016-02-08,2015-12-15
3275,2984,2015-10-21,2015-10-25,2016-03-03,2015-12-11
3276,2985,2015-10-26,2015-10-30,2016-03-03,2015-12-15
3277,2997,2015-10-17,2015-10-21,2016-02-23,2015-12-05
3278,2998,2015-09-28,2015-10-02,2016-02-09,2015-11-15
3279,2999,2015-10-05,2015-10-09,2016-02-20,2015-11-25
3280,3000,2015-09-25,2015-09-30,2016-02-12,2015-11-20
3281,3001,2015-09-19,2015-09-24,2016-02-07,2015-11-15
3282,3002,2015-09-21,2015-09-26,2016-02-08,2015-11-13
3285,3005,2015-10-03,2015-10-08,2016-02-15,2015-11-24
3286,3006,2015-10-04,2015-10-09,2016-02-16,2015-11-25
3287,3007,2015-10-04,2015-10-09,2016-02-16,2015-11-24
3290,3010,2015-10-03,2015-10-08,2016-02-19,2015-11-24
3291,3011,2015-10-03,2015-10-08,2016-02-17,2015-11-24
3292,3012,2015-09-23,2015-09-28,2016-02-10,2015-11-13
3293,3013,2015-10-05,2015-10-11,2016-02-28,2015-11-27
3294,3014,2015-10-06,2015-10-11,2016-02-25,2015-11-25
3295,3015,2015-10-06,2015-10-11,2016-02-25,2015-11-26
3297,3016,2015-10-06,2015-10-10,2016-02-22,2015-11-26
3298,3017,2015-09-26,2015-09-30,2016-02-08,2015-11-11
3299,3018,2015-10-09,2015-10-13,2016-02-20,2015-11-30
3300,3019,2015-09-13,2015-09-18,2016-01-28,2015-11-06
3301,3020,2015-09-27,2015-10-02,2016-02-10,2015-11-18
3302,3021,2015-09-27,2015-10-01,2016-02-10,2015-10-18
3303,3022,2015-10-02,2015-10-07,2016-02-17,2015-11-23
3304,3023,2015-09-20,2015-09-25,2016-02-10,2015-11-10
3305,3024,2015-09-22,2015-09-27,2016-02-09,2015-11-13
3306,3025,2015-09-20,2015-09-25,2016-02-08,2015-11-11
3307,3026,2015-09-20,2015-09-25,2016-02-09,2015-11-12
3308,3027,2015-09-25,2015-09-30,2016-02-10,2015-11-16
3309,3028,2015-09-26,2015-10-01,2016-02-12,2015-11-18
3310,3029,2015-09-26,2015-10-01,2016-02-14,2015-11-16
3311,3030,2015-09-27,2015-10-02,2016-02-13,2015-11-17
3312,3031,2015-09-28,2015-10-03,2016-02-18,2015-11-19
3313,3032,2015-09-28,2015-10-03,2016-02-19,2015-11-19
3314,3033,2015-09-25,2015-09-30,2016-02-09,2015-11-16
3315,3034,2015-09-25,2015-09-30,2016-02-08,2015-11-16
3316,3035,2015-09-27,2015-10-02,2016-02-12,2015-11-17
3317,3036,2015-09-29,2015-10-04,2016-02-13,2015-11-19
3318,3037,2015-10-02,2015-10-08,2016-02-19,2015-11-24
3319,3038,2015-10-01,2015-10-06,2016-02-21,2015-11-22
3320,3039,2015-10-01,2015-10-06,2016-02-20,2015-11-22
3321,3040,2015-10-03,2015-10-08,2016-02-18,2015-11-24
3322,3041,2015-10-04,2015-10-09,2016-02-19,2015-11-25
3323,3042,2015-09-28,2015-10-03,2016-02-24,2015-11-19
3324,3043,2015-09-27,2015-10-02,2016-02-20,2015-11-18
3325,3044,2015-09-25,2015-09-30,2016-02-16,2015-11-15
3326,3045,2015-09-26,2015-10-01,2016-02-14,2015-11-16
3328,3046,2015-09-27,2015-10-01,2016-02-10,2015-11-17
3329,3047,2015-09-15,2015-09-20,2016-02-28,2015-11-07
3330,3048,2015-09-22,2015-09-27,2016-02-08,2015-11-12
3331,3049,2015-10-02,2015-10-06,2016-02-12,2015-11-22
3332,3050,2015-10-05,2015-10-09,2016-02-18,2015-11-26
3333,3051,2015-10-01,2015-10-05,2016-02-15,2015-11-22
3334,3052,2015-10-02,2015-10-06,2016-02-12,2015-11-23
3335,3053,2015-10-05,2015-10-09,2016-02-18,2015-11-25
3336,3054,2015-09-23,2015-09-25,2016-02-10,2015-11-13
3337,3055,2015-09-30,2015-10-04,2016-02-13,2015-11-20
3339,3057,2015-09-15,2015-09-19,2016-01-28,2015-11-06
3340,3058,2015-09-20,2015-09-24,2016-02-03,2015-11-09
3341,3059,2015-10-03,2015-10-07,2016-02-13,2015-11-23
3342,3060,2015-10-13,2015-10-17,2016-02-25,2015-12-03
3343,3061,2015-10-05,2015-10-09,2016-02-16,2015-11-25
3344,3062,2015-09-18,2015-09-22,2016-01-26,2015-11-08
3345,3063,2015-10-10,2015-10-14,2016-02-25,2015-11-30
3346,3064,2015-09-26,2015-10-01,2016-02-15,2015-11-14
3347,3065,2015-10-02,2015-10-06,2016-02-12,2015-11-22
3348,3066,2015-09-28,2015-10-02,2016-02-09,2015-11-18
3690,3507,2016-05-04,2016-05-09,2016-09-24,2016-06-25
3698,3516,2016-05-14,2016-05-19,2016-09-24,2016-07-04
3699,3517,2016-05-17,2016-05-23,2016-09-25,2016-07-08
3701,3518,2016-05-17,2016-05-27,2016-09-29,2016-07-07
3713,3540,2016-04-28,2016-05-02,2016-08-22,2016-06-20
3732,3559,2016-05-13,2016-05-17,2016-09-19,2016-07-03
3739,3569,2016-04-30,2016-05-05,2016-09-12,2016-06-20
3741,3571,2016-05-10,2016-05-14,2016-09-19,2016-06-29
3744,3582,2016-05-05,2016-05-10,2016-09-13,2016-06-26
3751,3586,2016-04-25,2016-04-30,2016-09-07,2016-06-17
3775,3631,2016-05-10,2016-05-14,2016-09-22,2016-06-29
3815,3667,2016-05-16,2016-05-21,2016-09-30,2016-07-04
3816,3668,2016-05-04,2016-05-08,2016-09-19,2016-06-26
3817,3633,2016-04-25,2016-04-29,2016-09-05,2016-06-14
3818,3643,2016-05-17,2016-05-22,2016-09-29,2016-07-07
3819,3644,2016-05-16,2016-05-20,2016-09-26,2016-07-04
3820,3632,2016-05-09,2016-05-13,2016-09-21,2016-06-27
3821,3642,2016-04-27,2016-05-02,2016-09-08,2016-06-14
3824,3671,2016-05-09,2016-05-13,2016-09-19,2016-07-01
3825,3672,2016-05-03,,2016-09-19,
3826,3673,2016-05-04,2016-05-06,2016-09-12,2016-06-23
3828,3675,2016-05-02,2016-05-06,2016-09-14,2016-06-20
3829,3676,2016-05-03,2016-05-07,2016-09-12,2016-06-23
3830,3677,2016-05-07,2016-05-12,2016-09-19,2016-06-27
3849,3692,2016-06-06,2016-06-11,2016-10-21,2016-07-27
3851,3693,2016-05-19,2016-05-24,2016-10-02,2016-07-09
3853,3694,2016-05-27,2016-06-01,2016-10-10,2016-07-16
3856,3695,2016-05-10,2016-05-15,2016-09-21,2016-06-30
3857,3696,2016-04-28,2016-05-03,2016-09-14,2016-06-18
3859,3697,2016-05-15,2016-05-20,2016-09-25,2016-07-06
3860,3698,2016-05-14,2016-05-19,2016-09-23,2016-07-05
3862,3699,2016-05-06,2016-05-11,2016-09-18,2016-06-26
3864,3700,2016-05-07,2016-05-12,2016-09-19,2016-06-28
3865,3701,2016-05-12,2016-05-17,2016-09-20,2016-07-02
3866,3710,2016-05-04,2016-05-09,2016-09-17,2016-06-24
3881,3715,2016-06-21,2016-06-26,2016-10-25,2016-08-10
3882,3716,2016-05-21,2016-05-26,2016-10-27,2016-07-11
3883,3717,2016-05-12,2016-05-17,2016-09-26,2016-07-01
3885,3718,2016-05-01,2016-05-06,2016-09-20,2016-06-22
3888,3719,2016-05-02,2016-05-07,2016-09-20,2016-06-24
3890,3720,2016-05-02,2016-05-07,2016-09-20,2016-06-24
3910,3679,2016-04-28,2016-05-02,2016-09-15,2016-06-13
3911,3686,2016-05-03,2016-05-08,2016-09-14,2016-06-26
3912,3685,2016-05-08,2016-05-12,2016-09-20,2016-06-30
3913,3684,2016-04-30,2016-05-04,2016-09-10,2016-06-19
3914,3683,2016-05-01,2016-05-05,2016-09-19,2016-06-21
3915,3682,2016-04-29,2016-05-04,2016-09-12,2016-06-22
3916,3681,2016-05-01,2016-05-05,2016-09-13,2016-06-19
3917,3680,2016-05-02,2016-05-06,2016-09-12,2016-06-23
3918,3724,2016-05-05,2016-05-09,2016-09-12,2016-06-27
3920,3733,2016-05-06,2016-05-10,2016-09-14,2016-06-25
3921,3734,2016-05-05,2016-05-10,2016-09-20,2016-06-28
3923,3735,2016-04-30,2016-05-03,2016-09-20,2016-06-20
3924,3736,2016-05-10,2016-05-14,2016-09-21,2016-06-28
3926,3737,2016-05-12,2016-05-16,2016-09-14,2016-07-01
3927,3738,2016-05-01,2016-05-05,2016-09-13,2016-06-23
3929,3739,2016-05-10,2016-05-14,2016-09-20,2016-06-30
3930,3740,2016-05-06,2016-05-10,2016-09-14,2016-06-24
3931,3741,2016-05-02,2016-05-07,2016-09-12,2016-06-23
3932,3742,2016-05-10,2016-05-15,2016-09-19,2016-06-29
3935,3745,2016-05-07,2016-05-12,2016-09-18,2016-06-30
3936,3750,2016-05-02,2016-05-06,2016-09-13,2016-06-20
3937,3743,2016-05-12,2016-05-16,2016-09-24,2016-06-29
3939,3744,2016-05-08,2016-05-12,2016-09-20,2016-06-27
3940,3746,2016-05-13,2016-05-17,2016-09-27,2016-07-04
3942,3747,2016-05-04,2016-05-09,2016-09-12,2016-06-28
3943,3748,2016-05-04,2016-05-09,2016-09-15,2016-06-27
3944,3749,2016-05-10,2016-05-14,2016-09-21,2016-07-01
3945,3751,2016-05-05,2016-05-09,2016-09-20,2016-06-27
3946,3752,2016-05-10,2016-05-14,2016-09-29,2016-06-30
3957,3753,2016-05-15,2016-05-19,2016-10-07,2016-07-05
3958,3754,2016-05-16,2016-05-20,2016-10-05,2016-07-06
3960,3755,2016-05-12,2016-05-16,2016-10-07,2016-07-01
3961,3756,2016-05-08,2016-05-12,2016-09-20,2016-06-28
3963,3757,2016-05-06,2016-05-10,2016-09-13,2016-06-27
3981,3828,2016-05-07,2016-05-12,2016-09-18,2016-06-27
3983,3830,2016-05-04,2016-05-09,2016-09-20,2016-06-24
3984,3831,2016-05-04,2016-05-09,2016-09-19,2016-06-25
4153,3922,2016-05-07,2016-05-11,2016-09-13,2016-06-27
4155,3923,2016-05-07,2016-05-11,2016-09-28,2016-06-28
4156,3924,2016-05-06,2016-05-10,2016-09-13,2016-06-27
4157,3925,2016-05-05,2016-05-10,2016-09-14,2016-06-27
4158,3926,2016-05-04,2016-05-08,2016-09-12,2016-06-25
4159,3927,2016-05-04,,2016-09-14,
4161,3928,2016-05-06,2016-05-10,2016-09-19,2016-06-26
4162,3929,2016-05-10,2016-05-15,2016-09-20,2016-07-01
4163,3930,2016-05-07,2016-05-11,2016-09-13,2016-07-02
4164,3931,2016-05-05,2016-05-09,2016-09-13,2016-06-25
4165,3932,2016-05-06,2016-05-10,2016-09-10,2016-06-26
4166,3934,2016-05-03,2016-05-07,2016-09-12,2016-06-24
4167,3933,2016-05-10,2016-05-14,2016-09-22,2016-06-29
4230,3935,2016-05-05,2016-05-09,2016-09-12,2016-06-25
4236,3936,2016-05-12,2016-05-17,2016-09-27,2016-07-03
4237,3937,2016-05-15,2016-05-20,2016-10-04,2016-07-06
4238,3938,2016-05-12,2016-05-17,2016-09-27,2016-07-03
4243,3939,2016-05-06,2016-05-10,2016-09-19,2016-06-27
4249,4028,2016-05-10,2016-05-15,2016-09-22,2016-06-29
4250,4029,2016-05-10,2016-05-15,2016-09-22,2016-06-30
4251,4030,2016-05-09,2016-05-14,2016-09-24,2016-06-29
4252,4031,2016-05-15,2016-05-20,2016-09-27,2016-07-05
4276,3947,2016-05-06,2016-05-10,2016-09-26,2016-06-28
4277,3942,2016-05-17,2016-05-21,2016-09-26,2016-07-08
4291,3946,2016-05-16,2016-05-19,2016-09-29,2016-07-05
4299,3945,2016-05-10,2016-05-14,2016-09-19,2016-06-30
4300,3944,2016-05-05,2016-05-09,2016-09-19,2016-06-25
4301,3943,2016-05-12,2016-05-15,2016-09-19,2016-07-02
4302,3941,2016-05-16,2016-05-20,2016-09-26,2016-07-05
4303,3940,2016-05-16,2016-05-20,2016-09-19,2016-07-04
4316,4083,2016-05-15,2016-05-19,2016-10-05,2016-07-06
4323,4087,2016-05-22,2016-05-26,2016-10-06,2016-07-13
4324,4084,2016-05-25,2016-05-29,2016-10-10,2016-07-14
4325,4085,2016-05-24,2016-05-28,2016-10-11,2016-07-14
4326,4088,2016-05-18,2016-05-22,2016-10-03,2016-07-08
4327,4086,2016-05-17,2016-05-21,2016-09-29,2016-07-04
4328,4092,2016-05-12,2016-05-16,2016-09-19,2016-07-03
4330,4089,2016-05-16,2016-05-20,2016-09-29,2016-07-06
4331,4094,2016-05-17,2016-05-22,2016-10-06,2016-07-08
4332,4093,2016-05-22,2016-05-26,2016-10-03,2016-07-11
4333,4090,2016-05-09,2016-05-13,2016-09-19,2016-06-30
4335,4082,2016-05-10,2016-05-14,2016-09-19,2016-06-30
4336,4091,2016-05-10,2016-05-14,2016-09-20,2016-06-30
4337,4112,2016-05-10,2016-05-15,2016-09-20,2016-06-30
4341,4127,2016-04-29,2016-05-04,2016-09-14,2016-06-20
4343,4129,2016-05-15,2016-05-20,2016-09-28,2016-07-05
4352,4135,2016-05-11,2016-05-16,2016-09-23,2016-07-01
4354,4136,2016-05-03,2016-05-08,2016-09-18,2016-06-25
4355,4137,2016-06-18,2016-06-23,2016-10-25,2016-08-08
4359,4141,2016-05-06,2016-05-11,2016-09-22,2016-06-26
4362,4144,2016-05-04,2016-05-09,2016-09-18,2016-06-24
4366,4148,2016-05-10,2016-05-15,2016-09-25,2016-06-30
4369,4174,2016-05-07,2016-05-12,2016-09-23,2016-06-27
4370,4183,2016-05-21,2016-05-26,2016-09-28,2016-07-11
4375,4186,2016-04-30,2016-05-04,2016-09-15,2016-06-20
4376,4187,2016-05-10,2016-05-15,2016-09-28,2016-06-30
4377,4188,2016-05-01,2016-05-06,2016-09-27,2016-06-21
4378,4189,2016-04-27,2016-05-02,2016-09-23,2016-06-18
4379,4190,2016-04-25,2016-04-30,2016-09-24,2016-06-16
4380,4191,2016-05-06,2016-05-11,2016-10-01,2016-06-26
4381,4192,2016-04-24,2016-04-29,2016-09-23,2016-06-14
4382,4193,2016-05-07,2016-05-12,2016-10-03,2016-06-27
4383,4194,2016-05-07,2016-05-12,2016-10-04,2016-06-28
4384,4195,2016-05-10,2016-05-15,2016-09-28,2016-06-30
4385,4196,2016-05-11,2016-05-16,2016-09-20,2016-07-02
4386,4197,2016-05-09,2016-05-14,2016-09-20,2016-06-30
4387,4198,2016-05-09,2016-05-14,2016-08-21,2016-06-30
4388,4199,2016-04-29,2016-05-04,2016-09-29,2016-06-19
4389,4200,2016-05-04,2016-05-09,2016-10-02,2016-06-25
4390,4201,2016-05-12,2016-05-17,2016-09-21,2016-07-02
4391,4202,2016-05-06,2016-05-11,2016-09-21,2016-06-26
4392,4203,2016-05-12,2016-05-17,2016-09-20,2016-07-03
4414,4247,2016-05-12,2016-05-17,2016-09-22,2016-07-02
4417,4248,2016-05-12,,2016-09-20,
4419,4249,2016-05-08,2016-05-13,2016-09-20,2016-06-28
4421,4250,2016-05-08,2016-05-13,2016-09-18,2016-06-24
4429,4257,2016-05-06,2016-05-11,2016-09-17,2016-06-27
4430,4258,2016-05-14,2016-05-18,2016-09-26,2016-07-03
4431,4261,2016-05-12,2016-05-16,2016-09-20,2016-07-01
4432,4265,2016-05-06,2016-05-11,2016-09-15,2016-06-26
4433,4270,2016-05-05,2016-05-10,2016-09-12,2016-06-25
4434,4275,2016-05-05,2016-05-10,2016-09-12,2016-06-25
4435,4279,2016-05-04,2016-05-09,2016-09-18,2016-06-25
4436,4280,2016-05-16,2016-05-21,2016-09-30,2016-07-06
4437,4281,2016-05-06,2016-05-11,2016-09-20,2016-06-26
4438,4282,2016-05-17,2016-05-22,2016-10-01,2016-07-06
4439,4283,2016-05-05,2016-05-10,2016-09-18,2016-06-25
4440,4284,2016-05-06,2016-05-11,2016-09-14,2016-06-26
4441,4286,2016-05-04,2016-05-08,2016-09-16,2016-06-23
4443,4287,2016-05-05,2016-05-10,2016-09-17,2016-06-25
4444,4288,2016-05-02,2016-05-06,2016-09-14,2016-06-20
4445,4289,2016-05-08,2016-05-17,2016-09-22,2016-06-27
4500,4328,2016-05-07,2016-05-13,2016-09-18,2016-06-27
4501,4327,2016-05-19,2016-05-25,2016-09-30,2016-07-13
4502,4368,2016-05-18,2016-05-24,2016-10-07,2016-07-12
4503,4376,2016-05-07,2016-05-13,2016-09-18,2016-06-29
4504,4371,2016-05-17,2016-05-23,2016-09-23,2016-07-03
4505,4377,2016-05-20,2016-05-26,2016-10-04,2016-07-15
4506,4369,2016-05-16,2016-05-23,2016-09-24,2016-07-10
4507,4372,2016-05-17,2016-05-25,2016-09-30,2016-07-05
4508,4378,2016-05-05,2016-05-12,2016-09-20,2016-06-28
4509,4379,2016-05-25,2016-05-30,2016-10-05,2016-07-16
4510,4370,2016-05-16,2016-05-22,2016-10-02,2016-07-09
4511,4380,2016-05-22,2016-05-28,2016-10-03,2016-07-16
4512,4360,2016-05-23,2016-05-27,2016-10-18,2016-07-15
4513,4381,2016-05-20,2016-05-25,2016-09-24,2016-07-10
4514,4382,2016-05-21,2016-05-28,2016-10-18,2016-07-15
4515,4296,2016-05-15,2016-05-21,2016-09-29,2016-07-08
4517,4293,2016-05-23,2016-05-27,2016-09-30,2016-07-02
4526,4223,2016-05-08,2016-05-14,2016-09-23,2016-07-03
4530,4207,2016-05-12,2016-05-18,2016-09-25,2016-07-05
4537,4361,2016-05-28,2016-06-02,2016-10-13,2016-07-20
4538,4366,2016-05-20,2016-05-26,2016-09-28,2016-07-15
4541,4367,2016-05-18,2016-05-23,2016-10-06,2016-07-10
4543,4324,2016-05-15,2016-05-20,2016-09-29,2016-07-11
4544,4354,2016-05-22,2016-05-28,2016-10-04,2016-07-14
4546,4355,2016-05-19,2016-05-24,2016-10-03,2016-07-15
4547,4325,2016-05-06,2016-05-12,2016-09-24,2016-06-30
4548,4326,2016-05-19,2016-05-25,2016-10-05,2016-07-12
4551,4295,2016-05-15,2016-05-22,2016-09-23,2016-07-11
4554,4285,2016-05-28,2016-06-04,2016-10-10,2016-07-21
4556,4222,2016-05-10,2016-05-16,2016-09-20,2016-07-03
4557,4173,2016-05-10,2016-05-17,2016-09-28,2016-07-07
4558,4432,2016-05-09,2016-05-13,2016-09-22,2016-07-01
4559,4170,2016-05-09,2016-05-15,2016-09-24,2016-07-03
4560,4172,2016-05-10,2016-05-16,2016-09-28,2016-07-13
4561,4171,2016-05-10,2016-05-16,2016-09-27,2016-07-03
4562,4253,2016-05-17,2016-05-23,2016-10-02,2016-07-10
4563,4208,2016-05-12,2016-05-19,2016-09-28,2016-07-09
4564,4215,2016-05-12,2016-05-18,2016-09-28,2016-07-06
4565,4205,2016-05-20,2016-05-25,2016-10-12,2016-07-12
4566,4216,2016-05-12,2016-05-18,2016-09-24,2016-07-05
4567,4217,2016-05-14,2016-05-21,2016-09-30,2016-07-11
4568,4218,2016-05-05,2016-05-11,2016-09-22,2016-06-28
4569,4206,2016-05-20,2016-05-27,2016-10-12,2016-07-15
4570,4182,2016-05-15,2016-05-21,2016-10-09,2016-07-08
4571,4219,2016-05-04,2016-05-10,2016-09-14,2016-06-30
4574,4221,2016-05-19,2016-05-26,2016-10-05,2016-07-07
4575,4180,2016-05-15,2016-05-20,2016-10-09,2016-07-06
4576,4212,2016-05-07,2016-05-13,2016-09-20,2016-07-01
4577,4181,2016-05-20,2016-05-24,2016-10-10,2016-07-12
4596,4163,2016-05-09,2016-05-16,2016-09-25,2016-07-03
4597,4211,2016-05-05,2016-05-12,2016-09-15,2016-06-30
4598,4162,2016-05-09,2016-05-15,2016-09-25,2016-07-04
4599,4210,2016-05-03,2016-05-09,2016-09-10,2016-06-28
4600,4228,2016-05-10,2016-05-16,2016-09-19,2016-07-07
4601,4166,2016-05-16,2016-05-21,2016-10-10,2016-07-09
4602,4230,2016-05-15,2016-05-21,2016-09-28,2016-07-07
4605,4151,2016-05-05,2016-05-09,2016-09-11,2016-06-28
4606,4149,2016-05-07,2016-05-10,2016-09-20,2016-06-26
4607,4150,2016-05-07,2016-05-12,2016-09-21,2016-06-27
4608,4179,2016-06-10,2016-06-16,2016-10-11,2016-08-04
4609,4177,2016-05-25,2016-05-26,2016-10-08,2016-07-13
4610,4178,2016-05-08,2016-05-14,2016-09-20,2016-07-02
4611,4175,2016-05-08,2016-05-15,2016-09-23,2016-07-03
4612,4176,2016-05-08,2016-05-14,2016-09-25,2016-07-02
4613,4214,2016-05-02,2016-05-07,2016-09-12,2016-06-26
4614,4157,2016-05-24,2016-05-30,2016-10-08,2016-07-19
4615,4167,2016-05-09,2016-05-15,2016-09-25,2016-07-04
4616,4269,2016-05-12,2016-05-17,2016-09-26,2016-07-07
4618,4277,2016-05-12,2016-05-16,2016-09-26,2016-07-05
4620,4276,2016-05-08,2016-05-12,2016-09-26,2016-07-08
4621,4274,2016-05-11,2016-05-16,2016-09-22,2016-07-04
4623,4278,2016-05-11,2016-05-17,2016-09-22,2016-07-08
4625,4271,2016-05-11,2016-05-16,2016-09-22,2016-07-03
4627,4272,2016-05-11,2016-05-16,2016-09-24,2016-07-05
4628,4273,2016-05-15,2016-05-21,2016-10-01,2016-07-09
4629,4169,2016-05-25,2016-05-30,2016-10-03,2016-07-16
4630,4168,2016-05-25,2016-05-31,2016-09-30,2016-07-18
4631,4224,2016-04-29,2016-05-04,2016-09-10,2016-06-22
4632,4267,2016-05-16,2016-05-21,2016-09-12,2016-07-08
4633,4266,2016-05-22,2016-05-27,2016-10-06,2016-07-15
4634,4294,2016-05-15,2016-05-21,2016-09-30,2016-07-09
4635,4309,2016-05-11,2016-05-17,2016-09-26,2016-07-05
4636,4229,2016-05-07,2016-05-13,2016-09-09,2016-06-30
4637,4226,2016-05-18,2016-05-24,2016-09-05,2016-07-12
4638,4227,2016-05-18,2016-05-25,2016-10-05,2016-07-14
4639,4158,2016-05-09,2016-05-14,2016-09-25,2016-07-05
4640,4312,2016-05-19,2016-05-20,2016-09-30,2016-07-08
4641,4159,2016-05-09,2016-05-15,2016-09-24,2016-07-03
4642,4311,2016-05-19,2016-05-26,2016-09-30,2016-07-16
4643,4310,2016-05-19,2016-05-26,2016-09-30,2016-07-18
4644,4255,2016-05-16,2016-05-20,2016-09-28,2016-07-10
4645,4254,2016-05-16,2016-05-21,2016-09-28,2016-07-09
4647,4314,2016-05-20,2016-05-25,2016-10-05,2016-07-12
4650,4154,2016-05-15,2016-05-21,2016-09-30,2016-07-10
4651,4315,2016-05-20,2016-05-26,2016-10-05,2016-07-14
4652,4156,2016-05-24,2016-05-31,2016-10-12,2016-07-18
4653,4318,2016-05-09,2016-05-15,2016-09-21,2016-07-05
4654,4316,2016-05-09,2016-05-14,2016-09-21,2016-07-02
4655,4317,2016-05-09,2016-05-15,2016-09-21,2016-07-04
4656,4264,2016-05-09,2016-05-15,2016-09-26,2016-07-04
4657,4260,2016-05-22,2016-05-28,2016-10-09,2016-07-08
4658,4262,2016-05-04,2016-05-10,2016-09-20,2016-06-28
4659,4263,2016-05-04,2016-05-10,2016-09-20,2016-06-29
4660,4313,2016-05-18,2016-05-24,2016-10-02,2016-07-13
4661,4225,2016-05-20,2016-05-26,2016-10-07,2016-07-14
4662,4155,2016-05-03,2016-05-08,2016-09-18,2016-06-26
4663,4231,2016-05-12,2016-05-18,2016-09-28,2016-07-06
4664,4164,2016-05-20,2016-05-26,2016-10-05,2016-07-15
4665,4259,2016-05-09,2016-05-15,2016-09-24,2016-07-05
4666,4165,2016-05-23,2016-05-28,2016-10-08,2016-07-19
4667,4161,2016-05-08,2016-05-14,2016-09-24,2016-07-04
4668,4160,2016-05-08,2016-05-13,2016-09-26,2016-07-02
4669,4256,2016-05-23,2016-05-28,2016-10-10,2016-07-17
4670,4268,2016-05-11,2016-05-17,2016-09-22,2016-07-05
4671,4323,2016-05-21,2016-05-25,2016-10-04,2016-07-13
4672,4322,2016-05-14,2016-05-20,2016-09-30,2016-07-08
4673,4321,2016-05-07,2016-05-12,2016-09-23,2016-07-02
4674,4320,2016-05-09,2016-05-15,2016-09-21,2016-07-03
4675,4319,2016-05-09,2016-05-14,2016-09-21,2016-07-05
