x,p(x),p(x2),P(X3),30
5000,1.05746E-09,8.39689E-12,1.07152E-45,
5030,1.59057E-09,1.33499E-11,4.23763E-45,
5060,2.37783E-09,2.11009E-11,1.65951E-44,
5090,3.53301E-09,3.31575E-11,6.43537E-44,
5120,5.21733E-09,5.17991E-11,2.47115E-43,
5150,7.65754E-09,8.04496E-11,9.39637E-43,
5180,1.11704E-08,1.24218E-10,3.53797E-42,
5210,1.61952E-08,1.90681E-10,1.31912E-41,
5240,2.33369E-08,2.90998E-10,4.87018E-41,
5270,3.34223E-08,4.41501E-10,1.7805E-40,
5300,4.75739E-08,6.65939E-10,6.44573E-40,
5330,6.73038E-08,9.98613E-10,2.31066E-39,
5360,9.46343E-08,1.48874E-09,8.20229E-39,
5390,1.3225E-07,2.2065E-09,2.88315E-38,
5420,1.83688E-07,3.25122E-09,1.00354E-37,
5450,2.53574E-07,4.76267E-09,3.45887E-37,
5480,3.4791E-07,6.93608E-09,1.18051E-36,
5510,4.74425E-07,1.00424E-08,3.98968E-36,
5540,6.42993E-07,1.44551E-08,1.33518E-35,
5570,8.6613E-07,2.06855E-08,4.42463E-35,
5600,1.15957E-06,2.94287E-08,1.45194E-34,
5630,1.54295E-06,4.16233E-08,4.71794E-34,
5660,2.04053E-06,5.85277E-08,1.51807E-33,
5690,2.68209E-06,8.18176E-08,4.83687E-33,
5720,3.50381E-06,1.13708E-07,1.52606E-32,
5750,4.54933E-06,1.57108E-07,4.76773E-32,
5780,5.87073E-06,2.15806E-07,1.47498E-31,
5810,7.52965E-06,2.94707E-07,4.51851E-31,
5840,9.59834E-06,4.00107E-07,1.37069E-30,
5870,1.21606E-05,5.40036E-07,4.11732E-30,
5900,1.53127E-05,7.24652E-07,1.22469E-29,
5930,1.91641E-05,9.66711E-07,3.6072E-29,
5960,2.38376E-05,1.28211E-06,1.05208E-28,
5990,2.94697E-05,1.69048E-06,3.03852E-28,
6020,3.62098E-05,2.21594E-06,8.6898E-28,
6050,4.42197E-05,2.8878E-06,2.46088E-27,
6080,5.36714E-05,3.7414E-06,6.9009E-27,
6110,6.47453E-05,4.81906E-06,1.91626E-26,
6140,7.76269E-05,6.17094E-06,5.26911E-26,
6170,9.25026E-05,7.85597E-06,1.43468E-25,
6200,0.000109556,9.9428E-06,3.86817E-25,
6230,0.000128959,1.25106E-05,1.03274E-24,
6260,0.000150872,1.56497E-05,2.7303E-24,
6290,0.00017543,1.94624E-05,7.14765E-24,
6320,0.000202739,2.40628E-05,1.85289E-23,
6350,0.000232868,2.95771E-05,4.75633E-23,
6380,0.000265839,3.61432E-05,1.209E-22,
6410,0.000301625,4.39093E-05,3.0431E-22,
6440,0.000340137,5.30331E-05,7.58472E-22,
6470,0.000381223,6.36792E-05,1.87196E-21,
6500,0.00042466,7.60167E-05,4.57497E-21,
6530,0.000470157,9.02152E-05,1.10717E-20,
6560,0.000517347,0.000106442,2.65322E-20,
6590,0.000565796,0.000124854,6.29602E-20,
6620,0.000615001,0.000145598,1.47943E-19,
6650,0.0006644,0.000168798,3.44235E-19,
6680,0.000713382,0.000194553,7.93141E-19,
6710,0.000761295,0.000222931,1.80959E-18,
6740,0.000807462,0.000253959,4.08831E-18,
6770,0.000851195,0.000287619,9.14621E-18,
6800,0.000891815,0.00032384,2.02615E-17,
6830,0.000928664,0.000362496,4.44466E-17,
6860,0.000961126,0.000403401,9.65468E-17,
6890,0.000988646,0.000446304,2.07669E-16,
6920,0.00101074,0.00049089,4.42323E-16,
6950,0.001027013,0.000536783,9.32912E-16,
6980,0.001037173,0.000583543,1.94839E-15,
7010,0.001041033,0.000630677,4.02945E-15,
7040,0.001038523,0.000677645,8.25182E-15,
7070,0.001029689,0.000723864,1.67335E-14,
7100,0.001014691,0.000768727,3.36016E-14,
7130,0.000993803,0.00081161,6.68136E-14,
7160,0.000967397,0.000851889,1.31554E-13,
7190,0.00093594,0.000888953,2.56495E-13,
7220,0.000899972,0.000922221,4.95207E-13,
7250,0.000860099,0.000951155,9.46735E-13,
7280,0.00081697,0.000975276,1.79227E-12,
7310,0.000771262,0.000994178,3.35981E-12,
7340,0.000723663,0.001007537,6.23675E-12,
7370,0.000674852,0.001015122,1.1464E-11,
7400,0.000625488,0.0010168,2.08664E-11,
7430,0.000576193,0.001012542,3.76092E-11,
7460,0.00052754,0.001002422,6.71234E-11,
7490,0.000480044,0.000986617,1.18628E-10,
7520,0.000434155,0.000965398,2.07604E-10,
7550,0.000390253,0.000939128,3.59765E-10,
7580,0.000348648,0.000908246,6.17354E-10,
7610,0.000309575,0.000873257,1.04902E-09,
7640,0.000273201,0.000834721,1.7651E-09,
7670,0.000239628,0.000793232,2.94095E-09,
7700,0.000208896,0.00074941,4.85221E-09,
7730,0.000180993,0.000703881,7.9273E-09,
7760,0.000155859,0.000657263,1.28247E-08,
7790,0.000133395,0.000610153,2.05447E-08,
7820,0.000113471,0.000563118,3.25903E-08,
7850,9.59337E-05,0.000516678,5.1193E-08,
7880,8.06109E-05,0.000471303,7.96282E-08,
7910,6.73217E-05,0.000427407,1.22647E-07,
7940,5.58797E-05,0.000385338,1.8706E-07,
7970,4.60991E-05,0.000345385,2.82514E-07,
8000,3.77979E-05,0.000307769,4.22506E-07,
8030,3.08022E-05,0.000272651,6.2569E-07,
8060,2.49479E-05,0.000240131,9.17528E-07,
8090,2.00828E-05,0.000210257,1.33234E-06,
8120,1.60677E-05,0.000183026,1.91577E-06,
8150,1.27768E-05,0.000158393,2.72775E-06,
8180,1.00978E-05,0.000136276,3.84593E-06,
8210,7.93178E-06,0.000116563,5.36948E-06,
8240,6.19231E-06,9.91207E-05,7.4233E-06,
8270,4.80477E-06,8.37969E-05,1.01624E-05,
8300,3.70537E-06,7.0429E-05,1.37762E-05,
8330,2.84006E-06,5.88485E-05,1.84925E-05,
8360,2.16353E-06,4.88854E-05,2.45808E-05,
8390,1.63809E-06,4.03723E-05,3.23542E-05,
8420,1.23267E-06,3.31473E-05,4.21695E-05,
8450,9.2193E-07,2.70566E-05,5.44254E-05,
8480,6.85308E-07,2.19562E-05,6.95566E-05,
8510,5.06305E-07,1.77134E-05,8.80256E-05,
8540,3.71772E-07,1.42072E-05,0.00011031,
8570,2.71319E-07,1.13285E-05,0.000136884,
8600,1.96798E-07,8.98047E-06,0.0001682,
8630,1.41873E-07,7.07758E-06,0.00020466,
8660,1.01652E-07,5.54537E-06,0.000246589,
8690,7.23892E-08,4.31954E-06,0.000294204,
8720,5.12351E-08,3.34506E-06,0.000347582,
8750,3.60413E-08,2.57532E-06,0.000406631,
8780,2.51983E-08,1.97114E-06,0.000471061,
8810,1.75097E-08,1.49991E-06,0.000540366,
8840,1.20928E-08,1.13468E-06,0.000613809,
8870,8.30066E-09,8.53374E-07,0.000690419,
8900,5.66287E-09,6.38068E-07,0.000768999,
8930,3.83971E-09,4.74302E-07,0.00084815,
8960,2.58761E-09,3.50512E-07,0.000926304,
8990,1.73315E-09,2.57521E-07,0.001001772,
9020,1.15376E-09,1.88096E-07,0.001072798,
9050,7.63359E-10,1.36587E-07,0.001137631,
9080,5.01975E-10,9.86049E-08,0.001194589,
9110,3.28075E-10,7.07698E-08,0.001242138,
9140,2.1311E-10,5.0496E-08,0.001278954,
9170,1.37585E-10,3.58201E-08,0.00130399,
9200,8.82832E-11,2.52614E-08,0.00131652,
9230,5.63018E-11,1.77112E-08,0.001316179,
9260,3.56866E-11,1.23452E-08,0.001302975,
9290,2.24816E-11,8.55476E-09,0.001277296,
9320,1.40762E-11,5.89357E-09,0.001239884,
9350,8.75958E-12,4.03654E-09,0.001191803,
9380,5.41775E-12,2.74853E-09,0.001134389,
9410,3.33038E-12,1.8606E-09,0.001069186,
9440,2.03473E-12,1.25217E-09,0.000997881,
9470,1.23554E-12,8.3779E-10,0.000922228,
9500,7.45668E-13,5.57272E-10,0.000843979,
9530,4.47273E-13,3.68519E-10,0.00076482,
9560,2.66648E-13,2.42277E-10,0.000686311,
9590,1.57994E-13,1.58352E-10,0.000609841,
9620,9.3043E-14,1.02896E-10,0.000536594,
9650,5.44583E-14,6.64707E-11,0.00046753,
9680,3.16798E-14,4.26898E-11,0.000403374,
9710,1.83164E-14,2.72569E-11,0.000344619,
9740,1.05253E-14,1.73018E-11,0.000291544,
9770,6.01129E-15,1.09185E-11,0.000244233,
9800,3.41224E-15,6.85013E-12,0.000202599,
9830,1.92508E-15,4.27261E-12,0.00016642,
9860,1.07944E-15,2.6494E-12,0.000135365,
9890,6.01566E-16,1.63329E-12,0.000109029,
9920,3.33202E-16,1.00101E-12,8.69588E-05,
9950,1.8343E-16,6.0992E-13,6.86779E-05,
9980,1.00363E-16,3.6946E-13,5.371E-05,
10010,5.45772E-17,2.22497E-13,4.15937E-05,
10040,2.94977E-17,1.33211E-13,3.18958E-05,
10070,1.58454E-17,7.92894E-14,2.42199E-05,
10100,8.45977E-18,4.69193E-14,1.82115E-05,
10130,4.48901E-18,2.76025E-14,1.35598E-05,
10160,2.36745E-18,1.61438E-14,9.99763E-06,
10190,1.24094E-18,9.38688E-15,7.29916E-06,
10220,6.46484E-19,5.42623E-15,5.27695E-06,
10250,3.34737E-19,3.11843E-15,3.7777E-06,
10280,1.72261E-19,1.78169E-15,2.67797E-06,
10310,8.81067E-20,1.01202E-15,1.87982E-06,
10340,4.47888E-20,5.7149E-16,1.30666E-06,
10370,2.26291E-20,3.20839E-16,8.99381E-07,
10400,1.13633E-20,1.79071E-16,6.12996E-07,
10430,5.67126E-21,9.93628E-17,4.13719E-07,
10460,2.81315E-21,5.48129E-17,2.76496E-07,
10490,1.3869E-21,3.00609E-17,1.8298E-07,
10520,6.79569E-22,1.63901E-17,1.1991E-07,
10550,3.3095E-22,8.88423E-18,7.78106E-08,
10580,1.60187E-22,4.78762E-18,4.99985E-08,
10610,7.70607E-23,2.56495E-18,3.18134E-08,
10640,3.68447E-23,1.36615E-18,2.00445E-08,
10670,1.75088E-23,7.23402E-19,1.25059E-08,
10700,8.26944E-24,3.8082E-19,7.72628E-09,
10730,3.8818E-24,1.99306E-19,4.72671E-09,
10760,1.81105E-24,1.03701E-19,2.8634E-09,
10790,8.39776E-25,5.36417E-20,1.71766E-09,
10820,3.87022E-25,2.75857E-20,1.0203E-09,
10850,1.77275E-25,1.41034E-20,6.00141E-10,
10880,8.07041E-26,7.16848E-21,3.49552E-10,
10910,3.6516E-26,3.62234E-21,2.01606E-10,
10940,1.64213E-26,1.81975E-21,1.15141E-10,
10970,7.33959E-27,9.08852E-22,6.51165E-11,
11000,3.26042E-27,4.51269E-22,3.64658E-11,
11030,1.43951E-27,2.22761E-22,2.02216E-11,
11060,6.31673E-28,1.0932E-22,1.11039E-11,
11090,2.75492E-28,5.33365E-23,6.03773E-12,
11120,1.19416E-28,2.58707E-23,3.25091E-12,
11150,5.14467E-29,1.24753E-23,1.73328E-12,
11180,2.20287E-29,5.98074E-24,9.15099E-13,
11210,9.37473E-30,2.85049E-24,4.78411E-13,
11240,3.96521E-30,1.35065E-24,2.47667E-13,
11270,1.66691E-30,6.3625E-25,1.2696E-13,
11300,6.96462E-31,2.9797E-25,6.44471E-14,
11330,2.89215E-31,1.38732E-25,3.23946E-14,
11360,1.19366E-31,6.42159E-26,1.61241E-14,
11390,4.89644E-32,2.95507E-26,7.94716E-15,
11420,1.99627E-32,1.35193E-26,3.87867E-15,
11450,8.08899E-33,6.14892E-27,1.87451E-15,
11480,3.25768E-33,2.78038E-27,8.97071E-16,
11510,1.30395E-33,1.24989E-27,4.25109E-16,
11540,5.18742E-34,5.58595E-28,1.99483E-16,
11570,2.05107E-34,2.4819E-28,9.26932E-17,
11600,8.06023E-35,1.0963E-28,4.26504E-17,
11630,3.14813E-35,4.81435E-29,1.94326E-17,
11660,1.22207E-35,2.10186E-29,8.76749E-18,
11690,4.71496E-36,9.12288E-30,3.91699E-18,
11720,1.808E-36,3.93658E-30,1.73286E-18,
11750,6.8906E-37,1.68876E-30,7.59117E-19,
11780,2.61008E-37,7.20237E-31,3.29297E-19,
11810,9.82627E-38,3.05382E-31,1.41449E-19,
11840,3.67673E-38,1.28728E-31,6.01656E-20,
11870,1.36733E-38,5.39461E-32,2.53413E-20,
11900,5.05386E-39,2.24755E-32,1.05693E-20,
11930,1.85657E-39,9.30933E-33,4.3651E-21,
11960,6.77856E-40,3.83343E-33,1.78516E-21,
11990,2.45981E-40,1.56934E-33,7.22927E-22,
12020,8.87166E-41,6.38714E-34,2.89899E-22,
12050,3.18014E-41,2.58438E-34,1.15115E-22,
12080,1.13299E-41,1.0396E-34,4.52638E-23,
12110,4.01183E-42,4.15755E-35,1.7624E-23,
12140,1.41188E-42,1.65298E-35,6.79504E-24,
12170,4.93847E-43,6.53369E-36,2.59426E-24,
12200,1.71682E-43,2.56749E-36,9.80774E-25,
12230,5.93193E-44,1.00304E-36,3.67162E-25,
12260,2.03706E-44,3.89576E-37,1.36107E-25,
12290,6.95267E-45,1.50426E-37,4.99619E-26,
12320,2.35851E-45,5.77451E-38,1.81606E-26,
12350,7.95172E-46,2.20377E-38,6.53667E-27,
12380,2.66454E-46,8.36141E-39,2.32979E-27,
12410,8.87407E-47,3.15393E-39,8.22261E-28,
12440,2.93739E-47,1.18273E-39,2.87367E-28,
12470,9.66358E-48,4.40938E-40,9.94487E-29,
12500,3.15975E-48,1.63429E-40,3.40796E-29,
