index,Ganacia
0,9678225.61
1,9215912.01
2,10452945.69
3,10320121.72
4,10206822.73
5,10249966.21
6,8710475.36
7,8583218.44
8,11631164.24
9,10388564.61
10,9771285.84
11,8236208.38
12,10511655.57
13,10608334.54
14,11189321.3
15,10800398
16,10939522.27
17,9857360.49
18,8439769.56
19,10617101.4
20,11851818.56
21,9808268.98
22,14006374.81
23,10051314.44
24,11577512.5
25,13341267.6
26,10465320.24
27,10683983.63
28,11603524.97
29,10692826.13
30,12810292.35
31,10743157.73
32,11253403.22
33,11705059.65
34,12330254.92
35,7092890.73
36,10265807.12
37,12775778.07
38,10837532.93
39,11897837.58
40,9417158.33
41,8709841.99
42,11759554.4
43,10294041.57
44,11891042.94
45,10377044.69
46,10629651.22
47,8207282.28
48,9843148.56
49,11039989.83
50,12054185.96
51,11869845.85
52,12634590.99
53,11016216.43
54,10179144.84
55,9125416.91
56,11479637.74
57,10528020.39
58,14898442.89
59,13988510.84
60,14637323.33
61,14780408.97
62,10462633.11
63,9938009.16
64,10842220.88
65,8788699.35
66,15214762.67
67,12400344.07
68,12234724.48
69,8527918.61
70,9006040.2
71,12869467.95
72,8133330.61
73,9232698.07
74,5736782.76
75,7711812.35
76,5582267.3
77,9815691.75
78,13116525.51
79,13196085.63
80,6244825.89
81,9507063.72
82,16507733.69
83,17274157.69
84,9650647.01
85,11194973.63
86,16738045.59
87,15166776.34
88,13804663.79
89,12182216.12
90,6243937.33
91,8200837.53
92,15194599.92
93,16359396.47
94,8120702.01
95,8434916.46
96,10280690.83
97,9168777.33
98,10685595.62
99,15457843.45
100,13037384.72
101,11073256.79
102,10389963.52
103,5449661.69
104,11547557.38
105,13685790.99
106,13301946.53
107,13793433.18
108,9846038.76
109,15925218.82
110,6093158.74
111,10108659.59
112,13311967.55
113,9342579.29
114,13193506.99
115,11539361.2
116,15594342.35
117,11491175.92
118,13495646.06
119,6106195.5
120,9836142.75
121,6913693.17
122,16128445.58
123,15452289.8
124,9530358.89
125,14919456.02
126,11505490.74
127,11215385.26
128,10441179.03
129,5168049.34
130,10220904.68
131,15554567.54
132,3638244.31
133,8376136.05
134,7543443.12
135,9003973.04
136,14720481.01
137,16277933.32
138,13540456.78
139,13856172.43
140,11637745.6
141,9073839.57
142,16147888.17
143,8541526.62
144,8931238.36
145,8899084.64
146,11989111.05
147,13707619.73
148,8099509.71
149,8385846.7
150,6239557.94
151,9935326.36
152,11600087.68
153,11320601.35
154,10934314.88
155,11892518.59
156,11473259.59
157,10602030.13
158,10825053.87
159,13060010.81
160,11140459.24
161,12448828.13
162,12177482.64
163,12544706.96
164,14324225.11
165,10904585.1
166,13421740.41
167,13258614.76
168,14482002.31
169,15322627.24
170,13536644.15
171,13518823.91
172,14561018.85
173,13623021.21
174,14614653.33
175,11847769.52
176,12876508.9
177,14506892.74
178,14291826.9
179,13955479.63
180,14824712.92
181,13277505.07
182,11410008.03
183,12427402.19
184,12766951.14
185,11485766.66
186,14125832.22
187,11999938.02
188,13119610.7
189,6670034.21
190,9163582.79
191,5646953.83
192,8706873.66
193,8088613.21
194,8573651.2
195,12088146.96
196,13586753.28
197,13140553.99
198,11780066.09
199,13692690.57
200,11824351.23
201,12569901.3
202,15645766.94
203,12320132.09
204,13409674.81
205,13726651.04
206,13811835.26
207,14313140.41
208,14726537.81
209,14901890.25
210,15124878.48
211,13056040.53
212,13426138.54
213,8924960.31
214,5559681.6
215,5725433.43
216,6490047.5
217,6476791.25
218,8045170.26
219,3424232.18
220,5964836.86
221,9941168.31
222,5170326.64
223,7977590.29
224,6057026.36
225,10408349.97
226,5830675.47
227,8360770.87
228,5318855.77
229,5835606.55
230,5985880.44
231,6019462.45
232,8521112.2
233,9966101.74
234,7903695.1
235,9938715.99
236,8414028.96
237,9449227.39
238,6369659.65
239,4331741.22
240,8524054.64
241,9062427.06
242,8859365.98
243,11423483.57
244,7894336.14
245,8740726.34
246,11126855.58
247,9368226.51
248,11134629.21
249,11926300.41
250,11610471.13
251,10892475.85
252,10577853.74
253,11387740.91
254,11797552.03
255,10472700.22
256,9475103.94
257,7892785.2
258,10262123.74
259,11458720.08
260,8557461.2
261,9723437.17
262,11714068.38
263,12417633.81
264,10896030.03
265,11573391.62
266,12847818.16
267,11440862.46
268,13535217.81
269,13577978.69
270,14223637.19
271,16095269.16
272,12953620.41
273,14756043.13
274,9657788.7
275,13028769.14
276,12559938.06
277,7841125.9
278,4660419.36
279,7467792.26
280,14846647.37
281,12511050.33
282,14142146.11
283,6535284.26
284,7616798.79
285,10084844.55
286,10004587.45
287,9137414.03
288,10697434.59
289,8977954.95
290,5379164.54
291,14308466.35
292,15700833.82
293,8169794.46
294,16001131.88
295,13087148.31
296,11922105.11
297,10613724.05
298,10386892.02
299,10072199.53
300,10339667.25
301,15891158.96
302,10680624.79
303,7977000.6
304,9206256.53
305,7371829.47
306,11009809.18
307,10917714.29
308,9596619.32
309,15527983.27
310,9343150.35
311,13166348.23
312,13748370.07
313,14953738.84
314,8250238.7
315,14882345.76
316,15272557.93
317,13761285.99
318,7649476.74
319,11463512.17
320,15235189.58
321,10407324.63
322,13722107.99
323,11008497.35
324,13696810.14
325,11844805.65
326,9228083.48
327,11033358.97
328,10936317.78
329,7509041.06
330,14364148.73
331,14498222.03
332,9545938.74
333,9680752.93
334,14295930.54
335,6993858.17
336,14621045.09
337,10693802.92
338,14433843.18
339,14027243.31
340,5433558.4
341,9053451.83
342,8719879.28
343,8713007.81
344,12595313.36
345,11763272.93
346,12251726.97
347,9060826.96
348,9944936.25
349,14431781.45
350,14532352
351,13617262.18
352,9696395.98
353,8668308.6
354,10756005.45
355,11868921.8
356,10086888.81
357,10184566.98
358,15661606.32
359,15628656.31
360,14207920.38
361,15045576.99
362,15827054.08
363,14391008.32
364,13655944
365,14114906.89
366,14940645.7
367,16030754.77
368,13631372.71
369,15482997.6
370,15736759.32
371,16257983.12
372,16187823.77
373,14500975.54
374,13668931.48
375,15744432.79
376,15689937.54
377,15052038.96
378,15715791.44
379,14625347.59
380,15506021.63
381,15594694.41
382,14793032.47
383,15395979.12
384,16144151.8
385,14997366.42
386,14487734.39
387,15892395.49
388,15883334.08
389,14691469.1
390,14951403.13
391,13295976.87
392,15877753.24
393,15175984.74
394,12175170.86
395,8601476.01
