ID_EVENTO,ID_PROD,FECHA_PREP,PROF_PREP
16,34,4/1/2013,0
21,38,1/20/2013,20
23,39,3/1/2013,50
23,39,3/1/2013,30
24,40,1/20/2013,35
25,41,2/15/2013,60
25,41,3/15/2013,20
26,42,2/18/2013,100
26,42,2/18/2013,40
27,43,3/3/2013,70
27,43,3/3/2013,30
28,45,2/10/2013,20
31,47,3/10/2013,0
32,48,4/8/2013,30
32,48,4/8/2013,15
40,50,3/7/2013,15
41,51,1/3/2013,50
41,51,1/3/2013,20
43,52,4/3/2013,15
44,54,4/5/2013,25
44,54,4/5/2013,15
46,55,3/20/2013,0
53,13,4/21/2013,30
54,14,5/1/2013,40
54,14,4/20/2013,30
56,15,4/20/2013,30
57,16,4/23/2013,30
62,75,3/18/2013,15
143,156,3/15/2013,30
143,156,3/22/2013,30
143,156,3/15/2013,20
143,156,3/20/2013,15
143,156,3/20/2013,20
143,156,3/26/2013,15
216,237,3/27/2013,20
216,237,3/4/2013,20
216,237,3/9/2013,15
216,237,3/12/2013,20
216,237,3/12/2013,15
217,240,3/20/2013,20
217,240,9/27/2013,15
221,242,5/3/2013,25
221,242,5/10/2013,15
250,190,3/12/2013,0
250,190,3/18/2013,0
255,184,2/20/2013,0
256,183,2/22/2013,0
258,78,2/8/2013,0
259,180,2/6/2013,0
260,182,3/20/2013,0
262,90,3/15/2013,0
263,181,3/5/2013,0
265,157,0000-00-00,0
266,179,3/11/2013,0
266,179,3/12/2013,0
268,91,3/11/2013,0
269,92,2/11/2013,0
272,189,2/20/2013,0
273,17,4/23/2013,20
273,17,4/22/2013,30
276,94,2/20/2013,0
277,185,3/12/2013,0
278,87,2/12/2013,0
280,88,3/20/2013,0
281,89,3/12/2013,0
282,18,4/18/2013,30
283,22,4/15/2013,30
284,266,4/30/2013,40
284,266,4/30/2013,30
287,268,5/20/2013,30
288,269,4/22/2013,30
288,269,4/22/2013,30
289,271,4/22/2013,30
289,271,4/22/2013,30
290,272,5/4/2013,30
291,273,5/15/2013,30
293,275,5/15/2013,30
301,33,3/3/2013,25
303,35,3/2/2013,25
356,331,4/12/2013,20
356,331,4/14/2013,15
358,231,3/4/2013,20
358,231,3/9/2013,15
359,233,3/8/2013,20
359,233,3/11/2013,15
385,355,4/29/2013,20
385,355,4/29/2013,15
386,356,3/9/2013,20
386,356,3/12/2013,15
393,49,4/14/2013,30
394,37,2/1/2013,15
418,394,8/10/2013,0
418,394,8/10/2013,0
420,395,8/26/2013,0
427,447,8/27/2013,0
433,453,8/8/2013,20
433,453,7/28/2013,0
464,156,8/28/2013,30
464,156,9/1/2013,15
468,391,9/4/2013,20
468,391,9/8/2013,15
509,388,9/5/2013,20
509,388,9/7/2013,15
510,388,9/23/2013,30
510,388,9/27/2013,20
510,388,9/30/2013,30
510,388,10/1/2013,20
511,387,9/23/2013,30
511,387,10/1/2013,20
541,510,9/5/2013,10
555,404,8/15/2013,0
556,498,9/20/2013,0
562,532,8/13/2013,20
608,534,8/18/2013,0
609,533,1/14/2014,0
610,534,9/2/2013,0
611,536,11/4/2013,0
611,536,7/15/2013,30
611,536,7/15/2013,30
615,539,10/14/2013,0
616,540,9/11/2013,0
622,449,9/2/2013,0
623,454,8/28/2013,20
624,452,8/10/2013,0
625,451,8/30/2013,20
626,450,8/12/2013,20
629,549,10/15/2013,0
631,547,8/15/2013,20
633,551,8/28/2013,20
635,552,8/5/2013,40
635,552,8/5/2013,25
645,554,8/15/2013,30
656,622,3/20/2014,30
656,622,3/24/2014,25
668,598,3/17/2014,15
668,598,3/19/2014,10
668,598,3/19/2014,NULL
671,604,3/1/2014,15
671,604,3/3/2014,10
671,604,3/4/2014,NULL
672,606,4/30/2014,15
672,606,5/2/2014,8
672,606,5/3/2014,NULL
673,602,4/24/2014,20
673,602,4/26/2014,8
673,602,4/28/2014,NULL
674,605,4/10/2014,20
674,605,4/12/2014,10
674,605,4/14/2014,NULL
675,600,8/6/2014,15
675,600,4/8/2014,8
675,600,4/9/2014,NULL
676,607,3/6/2014,20
676,607,3/8/2014,8
676,607,3/9/2014,NULL
678,603,4/5/2014,15
680,537,7/29/2013,30
681,538,8/19/2013,NULL
693,687,3/20/2014,30
693,687,3/25/2014,20
697,688,3/18/2014,30
697,688,3/21/2014,25
699,391,4/20/2014,30
699,391,4/25/2014,25
700,391,4/16/2014,20
700,391,4/24/2014,15
701,599,5/5/2014,16
701,599,5/7/2014,8
701,599,5/8/2014,NULL
702,601,3/14/2014,30
702,601,3/15/2014,15
702,601,3/17/2014,8
702,601,3/18/2014,NULL
719,692,2/28/2014,5
723,673,3/21/2014,NULL
724,672,3/7/2014,20
725,673,3/21/2014,20
726,672,3/28/2014,20
727,672,3/14/2014,20
729,696,3/20/2014,20
730,631,3/7/2014,25
730,631,3/18/2014,20
731,632,3/5/2014,25
731,632,3/19/2014,20
732,628,3/5/2014,30
732,628,3/15/2014,20
733,626,2/27/2014,30
733,626,3/19/2014,20
735,627,3/3/2014,25
735,627,3/15/2014,20
736,625,3/24/2014,30
736,625,3/28/2014,25
737,630,3/5/2014,30
737,630,3/17/2014,25
744,591,3/25/2014,30
744,591,4/5/2014,25
745,629,4/15/2014,30
745,629,3/26/2014,25
747,698,3/5/2014,0
748,402,8/26/2013,0
749,399,8/8/2013,0
750,397,9/5/2013,0
751,499,9/7/2013,0
752,500,9/20/2013,0
754,401,9/9/2013,0
755,497,10/7/2013,0
757,405,8/27/2013,0
758,398,9/10/2013,0
759,396,9/5/2013,0
760,400,8/28/2013,0
761,726,4/13/2014,20
761,726,4/16/2014,15
762,688,3/14/2014,25
762,688,3/20/2014,15
765,727,4/4/2014,14
765,727,4/4/2014,8
766,728,4/10/2014,15
766,728,4/10/2014,15
767,730,8/10/2013,20
773,737,3/3/2014,20
774,738,2/24/2014,20
776,740,3/8/2014,20
779,743,5/18/2014,17
779,743,5/18/2014,17
780,744,4/15/2014,15
783,747,5/2/2014,15
784,748,5/10/2014,18
785,749,5/24/2014,20
785,749,5/24/2014,20
786,750,8/24/2013,25
786,750,8/25/2014,25
791,425,10/28/2013,35
791,425,10/28/2013,35
802,759,7/20/2013,20
807,818,5/5/2014,25
807,818,5/5/2014,25
809,820,8/29/2013,20
810,821,8/26/2013,30
814,825,5/16/2014,25
814,825,5/16/2014,25
816,827,3/20/2014,30
816,827,3/20/2014,25
818,829,5/5/2014,25
818,829,5/5/2014,25
825,836,5/14/2014,20
826,837,5/10/2014,25
837,848,3/8/2014,30
839,505,4/23/2013,30
839,505,4/23/2013,25
841,851,4/21/2013,28
841,851,4/21/2013,25
853,387,9/2/2014,30
853,387,9/6/2014,20
855,862,6/2/2014,30
858,501,9/3/2013,5
859,529,9/27/2013,5
860,708,2/27/2014,5
861,707,4/28/2014,5
862,703,2/24/2014,10
863,709,2/25/2014,8
864,716,3/18/2014,5
865,711,3/25/2014,5
866,717,4/23/2014,5
867,705,3/3/2014,5
868,718,3/10/2014,5
869,755,10/1/2014,3
870,724,3/25/2014,3
871,870,2/16/2014,30
873,873,2/18/2014,30
875,714,3/17/2014,3
876,874,2/17/2014,30
877,752,4/10/2014,3
878,719,4/15/2014,3
879,722,2/24/2014,20
880,715,3/24/2014,3
881,875,9/2/2014,30
882,702,5/2/2014,3
883,871,2/15/2014,30
884,872,2/18/2014,20
885,448,9/2/2013,20
888,878,3/2/2014,20
889,701,3/25/2014,3
890,710,3/24/2014,3
891,877,3/2/2014,30
892,712,3/25/2014,3
893,697,8/25/2014,8
895,725,10/4/2014,15
899,723,8/27/2014,4
952,635,8/20/2014,20
952,635,8/28/2014,15
953,236,8/27/2014,20
953,236,8/28/2014,15
954,236,8/22/2014,20
954,236,8/29/2014,15
955,156,3/20/2014,20
955,156,11/27/2014,15
956,156,8/27/2014,20
956,156,9/5/2014,15
1007,635,4/20/2014,20
1007,635,4/22/2014,15
1009,635,4/20/2014,20
1009,635,4/22/2014,15
1013,635,8/29/2014,20
1013,635,9/1/2014,15
1014,948,3/28/2014,15
1014,948,3/22/2014,25
1014,948,3/22/2014,25
1016,948,9/5/2014,20
1016,948,9/8/2014,15
1017,943,9/21/2014,20
1017,943,9/26/2014,15
1018,945,10/20/2014,20
1018,945,10/27/2014,15
1019,946,9/16/2014,20
1019,946,9/18/2014,15
1021,156,9/1/2014,20
1021,156,9/7/2014,15
1022,231,9/4/2014,20
1022,231,9/8/2014,15
1023,635,8/10/2014,20
1023,635,8/25/2014,15
1024,236,8/20/2014,20
1024,236,8/29/2014,15
1027,235,9/3/2014,20
1027,235,9/5/2014,15
1029,236,4/1/2014,20
1029,236,4/5/2014,15
1030,236,3/27/2014,20
1030,236,4/3/2014,15
1031,988,4/15/2014,20
1031,988,4/20/2014,15
1037,995,8/20/2014,20
1037,995,8/22/2014,15
1188,1108,10/10/2014,20
1192,1112,6/20/2014,20
1214,1073,5/19/2015,NULL
1241,1099,7/31/2014,20
1241,1099,8/7/2014,15
1242,1068,9/5/2014,20
1242,1068,9/11/2014,15
1254,1065,8/27/2014,20
1254,1065,9/6/2014,15
1257,1063,8/27/2014,20
1257,1063,9/5/2014,15
1273,1062,9/22/2014,20
1273,1062,8/31/2014,15
1274,1061,8/13/2014,20
1274,1061,8/22/2014,15
1276,1164,8/16/2014,20
1276,1164,8/23/2014,15
1279,1066,8/22/2014,20
1279,1066,8/29/2014,15
1280,1064,8/23/2014,20
1280,1064,9/7/2014,15
1281,1067,8/1/2014,20
1281,1067,8/10/2014,15
1653,506,9/25/2013,5
1654,720,9/28/2013,0
1655,720,9/20/2013,0
1656,899,9/20/2014,0
1657,514,9/18/2013,0
1658,516,9/29/2013,0
1659,518,9/18/2013,0
1660,518,9/18/2013,0
1661,962,9/20/2013,0
1662,520,9/25/2013,0
1663,520,9/27/2013,0
1664,521,9/30/2013,0
1665,522,9/15/2013,0
1666,523,9/15/2013,0
1667,633,4/27/2014,NULL
1668,524,9/20/2013,0
1669,525,9/15/2013,0
1670,526,9/14/2013,0
1671,521,9/15/2013,0
1672,502,10/28/2013,0
1673,508,10/14/2013,0
1675,200,4/20/2013,5
1675,200,4/20/2013,5
1675,200,4/20/2013,NULL
1676,205,4/20/2013,5
1676,205,4/20/2013,5
1676,205,4/20/2013,NULL
1677,206,5/4/2013,5
1677,206,5/4/2013,5
1677,206,5/4/2013,NULL
1678,207,3/5/2013,5
1678,207,3/5/2013,5
1678,207,3/5/2013,NULL
1679,958,1/20/2013,5
1679,958,1/20/2013,5
1679,958,1/20/2013,NULL
1680,209,3/20/2013,5
1680,209,3/20/2013,5
1680,209,3/20/2013,NULL
1681,210,5/20/2013,5
1681,210,3/20/2013,5
1681,210,5/20/2013,NULL
1682,211,4/10/2013,5
1682,211,4/10/2013,NULL
1683,212,4/27/2013,5
1683,212,4/27/2013,5
1683,212,4/27/2013,NULL
1684,213,4/5/2013,5
1684,213,4/5/2013,5
1684,213,4/5/2013,NULL
1685,214,4/5/2013,5
1685,214,4/5/2013,5
1685,214,4/5/2013,NULL
1686,215,4/2/2013,5
1686,215,4/2/2013,NULL
1687,216,4/10/2013,5
1687,216,4/10/2013,5
1687,216,4/10/2013,NULL
1688,217,4/15/2013,5
1688,217,4/15/2013,5
1688,217,4/15/2013,NULL
1689,218,4/22/2013,5
1689,218,4/22/2013,5
1689,218,4/22/2013,NULL
1690,219,4/19/2013,5
1690,219,4/19/2013,NULL
1691,222,5/8/2013,5
1692,220,5/8/2013,5
1692,220,3/8/2013,NULL
1693,221,5/8/2013,5
1693,221,5/8/2013,NULL
1694,223,5/8/2013,5
1694,223,5/8/2013,NULL
1695,964,3/13/2014,5
1695,964,3/13/2014,5
1695,964,3/13/2014,NULL
1696,982,3/8/2014,5
1696,982,3/8/2014,5
1696,982,3/8/2014,NULL
1697,973,2/18/2014,5
1697,973,2/18/2013,5
1697,973,2/18/2014,NULL
1698,967,2/10/2014,5
1698,967,2/10/2014,5
1698,967,2/10/2014,NULL
1699,980,5/2/2013,5
1699,980,5/2/2013,5
1699,980,5/2/2013,NULL
1699,980,5/2/2013,NULL
1700,970,5/7/2013,5
1700,970,5/7/2013,5
1700,970,5/7/2013,NULL
1700,970,5/7/2013,NULL
1701,971,2/23/2013,5
1701,971,2/23/2013,5
1701,971,2/23/2013,NULL
1702,972,3/20/2013,5
1702,972,3/20/2013,5
1702,972,3/20/2013,NULL
1703,974,3/1/2013,5
1703,974,3/1/2013,5
1703,974,3/1/2013,NULL
1704,976,4/25/2014,5
1704,976,4/25/2014,5
1704,976,4/25/2013,NULL
1705,981,5/1/2014,5
1705,981,5/1/2014,5
1705,981,5/1/2014,NULL
1706,963,4/2/2014,5
1706,963,4/2/2014,5
1706,963,4/2/2014,NULL
1711,974,3/20/2014,5
1711,974,3/20/2014,5
1711,974,3/20/2014,NULL
1717,968,4/24/2014,5
1717,968,4/24/2014,5
1717,968,4/24/2014,NULL
1721,973,4/22/2014,5
1721,973,4/22/2014,5
1721,973,4/22/2014,NULL
1722,963,4/2/2014,5
1722,963,4/2/2014,5
1722,963,4/2/2014,NULL
1724,826,4/19/2014,25
1725,980,4/8/2014,5
1725,980,4/8/2014,5
1725,980,4/8/2014,NULL
1728,844,3/11/2014,25
1729,861,3/11/2014,25
1730,967,2/14/2014,5
1730,967,2/14/2014,5
1730,967,2/14/2014,NULL
1732,1059,6/10/2014,5
1732,1059,6/10/2014,5
1732,1059,6/10/2014,NULL
1733,981,6/10/2014,5
1733,981,6/10/2014,5
1733,981,6/10/2014,NULL
1734,1477,6/10/2014,5
1734,1477,6/10/2014,5
1734,1477,6/10/2014,NULL
1735,970,5/2/2014,5
1735,970,5/2/2014,5
1735,970,5/2/2014,NULL
1736,819,4/10/2014,25
1737,1478,3/5/2014,5
1737,1478,3/5/2014,5
1737,1478,3/5/2014,NULL
1738,213,3/10/2014,5
1738,213,3/10/2014,5
1738,213,3/10/2014,NULL
1739,1479,3/20/2014,5
1739,1479,3/20/2014,5
1739,1479,3/20/2014,NULL
1740,1480,5/25/2014,5
1740,1480,5/25/2014,5
1740,1480,5/25/2014,NULL
1741,823,2/20/2014,25
1745,833,4/3/2014,25
1746,968,4/18/2014,5
1746,968,4/18/2014,5
1746,968,4/18/2014,NULL
1747,1059,4/12/2014,5
1747,1059,4/12/2014,5
1747,1059,4/12/2014,NULL
1748,1483,4/17/2014,20
1748,1483,4/18/2014,15
1749,1483,4/15/2014,20
1749,1483,4/18/2014,15
1750,1490,4/25/2014,NULL
1751,1485,4/8/2014,20
1751,1485,4/10/2014,15
1752,1485,4/10/2014,20
1752,1485,4/12/2014,15
1753,1490,4/25/2014,NULL
1755,1489,4/8/2014,20
1755,1489,4/10/2014,15
1756,726,4/8/2014,20
1756,726,4/13/2014,15
1757,1482,4/9/2014,20
1757,1482,4/14/2014,15
1759,1488,4/10/2014,20
1759,1488,4/17/2014,15
1761,1487,4/16/2014,NULL
1762,234,4/16/2014,20
1762,234,4/19/2014,15
1774,1500,11/8/2014,NULL
1775,539,12/17/2014,NULL
1776,1501,9/10/2014,15
1777,1502,11/7/2014,30
1777,1502,11/7/2014,30
1779,1501,9/10/2014,20
1780,1505,8/24/2014,20
1781,1506,11/6/2014,NULL
1782,1507,9/27/2014,NULL
1784,1506,11/15/2014,20
1785,1510,11/13/2014,NULL
1786,1511,9/20/2014,20
1787,44,9/24/2014,NULL
1788,1512,10/6/2014,NULL
1789,1513,9/15/2014,NULL
1790,1514,10/2/2014,NULL
1791,1510,11/20/2014,NULL
1792,1510,10/24/2014,NULL
1793,1515,9/27/2014,20
1794,1516,9/17/2014,NULL
1796,1518,12/10/2014,NULL
1797,1519,12/4/2014,NULL
1798,1501,10/28/2014,NULL
1801,1524,9/26/2014,NULL
1802,1526,11/7/2014,20
1803,44,3/17/2014,NULL
1804,53,5/6/2014,20
1812,1532,8/15/2014,25
1812,1532,8/18/2014,15
1812,1532,8/19/2014,NULL
1815,1533,9/19/2014,25
1815,1533,9/22/2014,15
1815,1533,9/24/2014,NULL
1816,1539,9/20/2014,25
1816,1539,9/22/2014,15
1816,1539,9/24/2014,NULL
1817,1536,8/21/2014,15
1817,1536,8/25/2014,NULL
1818,1534,10/10/2014,15
1818,1534,10/14/2014,NULL
1819,1540,9/16/2014,25
1819,1540,9/19/2014,15
1819,1540,9/24/2014,NULL
1820,1542,9/5/2014,15
1820,1542,9/7/2014,NULL
1821,1541,8/19/2014,20
1821,1541,8/22/2014,15
1821,1541,8/24/2014,NULL
1822,1538,9/16/2014,25
1822,1538,9/17/2014,25
1822,1538,9/19/2014,NULL
1823,1537,9/24/2014,25
1823,1537,9/26/2014,15
1823,1537,9/29/2014,NULL
1836,1563,3/2/2014,25
1837,1564,3/5/2014,25
1838,1565,4/10/2014,0
1839,1566,3/30/2014,0
1840,1567,3/20/2014,0
1841,1568,3/21/2014,0
1842,1569,3/27/2014,0
1843,1570,4/2/2014,0
1846,1109,7/10/2014,25
1867,1685,2/20/2015,25
1868,1687,1/1/2015,25
1873,1694,2/11/2015,25
1874,551,3/25/2015,25
1876,1698,3/20/2015,25
1877,1699,2/5/2015,25
1879,1535,11/4/2014,30
1879,1535,11/5/2014,22
1879,1535,11/7/2014,NULL
1892,1723,2/10/2015,18
1892,1723,2/15/2015,15
1903,1595,10/2/2014,15
1903,1595,10/2/2014,20
1903,1595,10/2/2014,NULL
1904,1738,10/20/2014,20
1904,1738,10/20/2014,15
1904,1738,10/20/2014,NULL
1905,1574,10/20/2014,20
1905,1574,10/20/2014,19
1905,1574,10/20/2014,NULL
1906,1580,9/20/2014,20
1906,1580,9/20/2014,18
1906,1580,9/20/2014,NULL
1907,1575,9/8/2014,20
1907,1575,9/8/2014,20
1907,1575,9/8/2014,NULL
1908,1740,10/10/2014,20
1908,1740,10/10/2014,20
1908,1740,10/10/2014,NULL
1909,1741,10/10/2014,20
1909,1741,10/10/2014,20
1909,1741,10/10/2014,NULL
1910,1742,8/10/2014,20
1910,1742,8/10/2014,20
1910,1742,8/10/2014,NULL
1911,1743,8/10/2014,20
1911,1743,8/10/2014,20
1911,1743,8/10/2014,NULL
1912,1744,10/15/2014,20
1912,1744,10/15/2014,20
1912,1744,10/15/2014,NULL
1913,1590,11/5/2014,20
1915,1746,9/10/2014,18
1915,1746,9/10/2014,17
1915,1746,9/10/2014,NULL
1916,1750,10/20/2014,20
1916,1750,10/20/2014,20
1917,1579,4/20/2014,20
1917,1579,4/20/2014,20
1917,1579,4/20/2014,NULL
1918,1576,9/10/2014,18
1918,1576,9/10/2014,20
1918,1576,9/10/2014,NULL
1919,1577,9/10/2014,10
1919,1577,9/10/2014,18
1919,1577,9/10/2014,NULL
1920,692,5/15/2015,NULL
1921,1747,5/15/2015,NULL
1922,1748,12/16/2015,NULL
1923,1749,5/21/2015,NULL
1924,1069,6/20/2015,NULL
1925,1070,5/14/2015,NULL
1926,1074,5/25/2015,NULL
1929,633,4/24/2015,NULL
1930,1578,9/10/2014,18
1930,1578,9/10/2014,18
1930,1578,9/10/2014,NULL
1931,1578,12/6/2014,18
1931,1578,12/6/2014,NULL
1932,1752,10/10/2014,18
1932,1752,10/10/2014,NULL
1933,1581,7/20/2014,18
1933,1581,7/20/2014,NULL
1934,1582,11/1/2014,18
1934,1582,11/1/2014,20
1934,1582,11/1/2014,NULL
1935,1590,8/10/2014,18
1935,1590,8/10/2014,18
1935,1590,8/10/2014,NULL
1939,1716,2/12/2015,25
1939,1716,2/13/2015,18
1939,1716,2/14/2015,NULL
1940,1715,2/9/2015,28
1940,1715,2/10/2015,18
1940,1715,2/13/2015,NULL
1941,1714,2/20/2015,25
1941,1714,2/21/2015,15
1941,1714,2/23/2015,NULL
1942,1704,2/6/2015,25
1942,1704,2/9/2015,15
1942,1704,2/10/2015,NULL
1943,1713,2/12/2015,25
1943,1713,2/13/2015,15
1943,1713,2/16/2015,NULL
1944,1719,2/18/2015,20
1944,1719,2/20/2015,12
1944,1719,2/21/2015,NULL
1945,1717,4/9/2015,20
1945,1717,4/11/2015,12
1945,1717,4/12/2015,NULL
1946,1718,2/10/2015,18
1946,1718,2/12/2015,12
1946,1718,2/20/2015,NULL
1947,1756,2/28/2015,18
1947,1756,3/1/2015,12
1947,1756,3/2/2015,NULL
1948,1757,4/15/2015,18
1948,1757,4/16/2015,12
1948,1757,4/17/2015,NULL
1951,692,4/28/2015,NULL
1955,1584,10/27/2014,20
1955,1584,10/27/2014,20
1955,1584,10/27/2014,NULL
1956,1585,11/30/2014,20
1956,1585,11/30/2014,20
1956,1585,11/30/2014,NULL
1957,1586,10/20/2014,18
1957,1586,10/20/2014,20
1957,1586,10/20/2014,NULL
1958,1587,11/5/2014,20
1958,1587,11/5/2014,20
1958,1587,11/5/2014,NULL
1959,1588,11/1/2014,20
1959,1588,11/1/2014,20
1959,1588,11/1/2014,NULL
1960,1589,11/20/2014,20
1960,1589,11/20/2014,20
1960,1589,11/20/2014,NULL
1961,1583,9/5/2014,20
1961,1583,9/5/2014,20
1961,1583,9/5/2014,NULL
1977,1783,3/19/2015,0
1978,1784,3/20/2015,15
1979,1785,3/24/2015,15
2007,1825,3/17/2015,5
2008,1826,5/10/2015,15
2016,1843,5/15/2015,20
2018,1894,5/5/2015,20
2019,1895,5/1/2015,20
2020,1896,5/17/2015,NULL
2021,1897,5/20/2015,NULL
2022,1898,5/26/2015,NULL
2023,1902,5/5/2015,NULL
2029,1903,5/5/2015,20
2030,1907,5/7/2015,20
2034,1921,5/14/2015,20
2035,1924,4/30/2015,20
2038,1925,5/10/2015,20
2039,1926,5/27/2015,NULL
2040,1927,4/16/2015,20
2041,1928,4/15/2015,20
2042,1929,4/10/2015,20
2043,1930,5/15/2015,20
2044,1931,5/15/2015,NULL
2045,1931,3/30/2015,20
2048,1932,5/28/2015,NULL
2050,1919,4/28/2015,20
2065,1901,8/5/2015,12
2066,1947,5/15/2015,12
2069,1961,5/22/2015,NULL
2079,1966,5/1/2015,20
2079,1966,5/1/2015,20
2080,1967,5/1/2015,20
2080,1967,5/1/2015,20
2081,1968,5/1/2015,20
2081,1968,5/1/2015,20
2082,1964,5/20/2015,NULL
2083,1969,5/4/2015,20
2084,1960,4/25/2015,20
2085,1963,5/23/2015,NULL
2086,1970,5/1/2015,20
2086,1970,5/1/2015,20
2087,1962,5/26/2015,NULL
2088,1971,5/9/2015,20
2089,1933,5/20/2015,NULL
2096,2012,3/15/2015,20
2097,2009,5/15/2015,25
2102,2006,4/28/2015,12
2103,2005,5/23/2015,12
2105,1991,5/5/2015,12
2111,2018,4/15/2015,20
2113,2020,5/12/2015,20
2115,2021,3/10/2015,20
2123,2026,3/15/2015,NULL
2124,2027,3/20/2015,NULL
2126,1981,5/25/2015,NULL
2127,1980,4/20/2015,20
2128,1979,4/10/2015,20
2129,1978,5/15/2015,NULL
2130,1977,5/17/2015,NULL
2131,1976,4/10/2015,20
2132,1975,4/29/2015,20
2133,1974,4/17/2015,20
2134,1989,4/30/2015,20
2135,1988,5/19/2015,20
2136,1987,5/10/2015,20
2137,1986,5/8/2015,20
2138,1985,5/6/2015,NULL
2139,1984,4/28/2015,20
2140,1983,4/25/2015,20
2141,1982,5/10/2015,20
2142,2037,5/10/2015,NULL
2146,2038,3/8/2015,20
2147,2038,3/15/2015,NULL
2153,2067,5/2/2015,35
2154,2068,4/10/2015,40
2155,2066,5/18/2015,NULL
2156,2066,5/2/2015,NULL
2157,2065,5/26/2015,NULL
2159,2070,5/15/2015,20
2160,2071,5/9/2015,20
2162,2064,5/22/2015,NULL
2164,2064,6/1/2015,NULL
2166,2063,5/25/2015,NULL
2168,2062,5/25/2015,20
2169,2061,5/23/2015,NULL
2170,2060,5/16/2015,NULL
2183,2033,5/10/2015,12
2185,2017,3/14/2015,20
2186,2036,5/15/2015,15
2187,2076,3/10/2015,NULL
2189,2013,3/17/2015,20
2192,2015,3/10/2015,NULL
2194,2014,3/15/2015,20
2204,2123,3/10/2015,20
2205,2059,6/1/2015,NULL
2206,2058,5/24/2015,NULL
2207,2124,5/16/2015,20
2208,2057,5/21/2015,NULL
2210,2073,3/7/2015,20
2212,2056,5/24/2015,NULL
2213,2073,3/15/2015,20
2214,2045,5/28/2015,NULL
2215,2126,3/5/2015,NULL
2216,2055,4/25/2015,15
2217,2127,3/5/2015,25
2218,2054,5/19/2015,NULL
2219,2021,3/1/2015,NULL
2220,2053,5/7/2015,15
2222,2051,4/20/2015,15
2223,2015,3/5/2015,NULL
2224,2050,5/15/2015,15
2225,2049,5/15/2015,15
2226,2128,3/2/2015,20
2227,2048,5/23/2015,NULL
2228,2047,5/20/2015,NULL
2229,2047,5/21/2015,NULL
2230,2046,4/10/2015,15
2232,2130,3/5/2015,20
2236,2146,5/2/2015,20
2238,2148,5/11/2015,20
2238,2148,5/11/2015,20
2239,2076,3/2/2015,20
2240,2076,3/1/2015,20
2241,2143,5/5/2015,15
2242,2143,6/7/2015,NULL
2243,2131,5/10/2015,15
2244,2131,5/10/2015,15
2245,2149,4/20/2015,20
2245,2149,4/20/2015,20
2245,2149,4/20/2015,NULL
2246,2150,4/22/2015,15
2246,2150,4/22/2015,15
2246,2150,4/22/2015,NULL
2247,2151,4/10/2015,20
2247,2151,4/10/2015,20
2247,2151,4/10/2015,NULL
2248,2151,4/20/2015,20
2248,2151,4/20/2015,20
2248,2151,4/20/2015,NULL
2251,2154,3/25/2015,20
2251,2154,3/25/2015,20
2251,2154,3/25/2015,NULL
2252,2154,3/20/2015,20
2252,2154,3/20/2015,20
2252,2154,3/20/2015,NULL
2253,2155,4/10/2015,20
2253,2155,4/10/2015,20
2253,2155,4/10/2015,NULL
2254,2156,3/20/2015,20
2254,2156,3/20/2015,20
2254,2156,3/20/2015,NULL
2255,2157,3/12/2015,20
2255,2157,3/12/2015,20
2255,2157,3/12/2015,NULL
2256,1065,3/29/2015,15
2256,1065,4/5/2015,15
2257,1726,3/15/2015,20
2257,1726,3/30/2015,15
2258,1723,2/12/2015,20
2258,1723,2/16/2015,15
2259,1864,3/8/2015,20
2259,1864,3/8/2015,20
2259,1864,3/8/2015,NULL
2260,1864,3/5/2015,20
2260,1864,3/5/2015,20
2260,1864,3/5/2015,NULL
2264,1855,5/6/2015,20
2264,1855,5/6/2015,20
2264,1855,5/6/2015,NULL
2266,1855,3/10/2015,20
2266,1855,3/10/2015,20
2266,1855,3/10/2015,NULL
2267,2143,5/30/2015,NULL
2268,1724,3/14/2015,20
2268,1724,4/3/2015,15
2269,2142,4/27/2015,20
2270,2141,5/19/2015,NULL
2271,2140,4/22/2015,16
2272,2139,5/25/2015,NULL
2273,2138,5/18/2015,NULL
2274,2185,3/10/2015,20
2274,2185,3/10/2015,20
2274,2185,3/10/2015,NULL
2276,2137,5/15/2015,NULL
2277,2186,5/15/2015,20
2278,2136,5/29/2015,NULL
2279,2187,4/18/2015,20
2279,2187,4/18/2015,20
2279,2187,4/18/2015,NULL
2280,2135,5/20/2015,NULL
2281,2186,5/15/2015,20
2282,2134,5/23/2015,NULL
2283,2133,4/30/2015,15
2284,2132,5/6/2015,15
2285,2188,4/20/2015,20
2285,2188,4/20/2015,20
2285,2188,4/20/2015,NULL
2286,2189,4/20/2015,20
2286,2189,4/20/2015,20
2286,2189,4/20/2015,NULL
2287,2190,4/15/2015,20
2287,2190,4/15/2015,20
2287,2190,4/15/2015,NULL
2288,2195,3/19/2015,20
2288,2195,3/19/2015,20
2288,2195,3/19/2015,NULL
2291,2127,3/2/2015,25
2292,2200,5/6/2015,15
2293,2199,4/20/2015,15
2294,2198,3/15/2015,NULL
2295,2129,3/6/2015,20
2296,2211,3/18/2015,NULL
2297,2212,3/20/2015,NULL
2298,2202,4/12/2015,10
2299,2212,3/19/2015,NULL
2300,2201,4/20/2015,15
2301,2203,4/25/2015,NULL
2302,2204,3/25/2015,25
2303,2217,3/10/2015,NULL
2304,1725,3/17/2015,20
2304,1725,3/28/2015,15
2305,2217,3/10/2015,NULL
2307,2041,2/28/2015,20
2308,2219,3/18/2015,NULL
2309,2219,3/25/2015,NULL
2314,2237,5/5/2015,18
2316,2238,3/5/2015,20
2316,2238,3/5/2015,20
2316,2238,3/5/2015,NULL
2317,2239,4/24/2015,20
2317,2239,4/24/2015,20
2317,2239,4/24/2015,NULL
2318,2240,4/26/2015,20
2318,2240,4/26/2015,20
2318,2240,4/26/2015,NULL
2319,2241,4/1/2015,20
2319,2241,4/1/2015,20
2319,2241,4/1/2015,NULL
2320,2241,4/10/2015,20
2320,2241,4/10/2015,20
2320,2241,4/10/2015,NULL
2326,2242,3/1/2015,20
2326,2242,3/1/2015,20
2326,2242,3/1/2015,NULL
2328,2243,4/6/2015,20
2328,2243,4/6/2015,20
2328,2243,4/6/2015,NULL
2332,2244,4/21/2015,20
2332,2244,4/21/2015,20
2332,2244,4/21/2015,NULL
2333,2245,4/20/2015,20
2333,2245,4/20/2015,20
2333,2245,4/20/2015,NULL
2334,2246,4/13/2015,20
2334,2246,4/13/2015,20
2334,2246,4/13/2015,NULL
2335,2247,3/15/2015,NULL
2336,2247,3/10/2015,NULL
2337,2198,3/12/2015,20
2338,2248,3/26/2015,NULL
2339,2252,3/5/2015,25
2340,2253,4/2/2015,20
2341,2217,3/10/2015,NULL
2342,2254,4/23/2015,NULL
2343,2255,3/5/2015,25
2344,2256,4/10/2015,20
2344,2256,4/10/2015,20
2344,2256,4/10/2015,NULL
2345,2256,4/11/2015,20
2345,2256,4/11/2015,20
2345,2256,4/11/2015,NULL
2346,2256,4/9/2015,20
2346,2256,4/9/2015,20
2346,2256,4/9/2015,NULL
2347,1860,4/19/2015,20
2347,1860,4/19/2015,20
2347,1860,4/19/2015,NULL
2348,2257,3/23/2015,20
2348,2257,3/23/2015,20
2348,2257,3/23/2015,NULL
2349,1861,3/10/2015,20
2349,1861,3/10/2015,20
2349,1861,3/10/2015,NULL
2350,2258,3/1/2015,20
2350,2258,3/1/2015,20
2350,2258,3/1/2015,NULL
2351,2277,5/18/2015,NULL
2352,2276,4/22/2015,30
2387,2215,4/30/2015,25
2388,2216,5/18/2015,20
2390,2288,5/20/2015,NULL
2391,2289,5/15/2015,NULL
2392,2290,5/20/2015,NULL
2399,2297,4/3/2015,20
2399,2297,4/3/2015,20
2399,2297,4/3/2015,NULL
2400,1872,3/10/2015,20
2400,1872,3/10/2015,20
2400,1872,3/10/2015,NULL
2401,2298,3/1/2015,20
2401,2298,3/1/2015,20
2401,2298,3/1/2015,NULL
2402,2299,4/13/2015,20
2402,2299,4/13/2015,20
2402,2299,4/13/2015,NULL
2403,2214,4/23/2015,NULL
2404,2213,5/23/2015,15
2405,2321,3/2/2015,25
2405,2321,3/2/2015,NULL
2406,2322,5/21/2015,NULL
2407,2323,5/25/2015,NULL
2429,2041,3/2/2015,20
2432,2016,3/5/2015,NULL
2442,2093,5/5/2015,13
2443,2092,5/5/2015,13
2445,2218,3/15/2015,25
2449,2006,4/24/2015,12
2452,2079,4/28/2015,12
2455,2080,4/28/2015,13
2456,2081,5/16/2015,NULL
2457,2341,4/2/2015,20
2458,2342,4/28/2015,NULL
2463,2350,3/5/2015,25
2464,2353,5/1/2015,15
2465,2345,5/20/2015,NULL
2467,2352,5/25/2015,NULL
2468,2351,5/21/2015,NULL
2469,2349,5/12/2015,12
2470,2346,4/5/2015,10
2471,2346,4/5/2015,10
2473,2348,4/15/2015,10
2474,2347,4/10/2015,15
2478,2369,3/1/2015,NULL
2496,2370,2/28/2015,NULL
2502,1901,5/15/2015,NULL
2503,2082,5/27/2015,NULL
2504,2083,5/20/2015,NULL
2505,2219,3/20/2015,NULL
2506,2371,4/22/2015,20
2508,2374,5/5/2015,20
2509,2126,3/16/2015,NULL
2510,2374,5/5/2015,20
2513,2376,3/20/2015,NULL
2525,2084,5/17/2015,NULL
2526,2085,5/18/2015,NULL
2527,2377,3/5/2015,20
2527,2377,3/5/2015,20
2527,2377,3/5/2015,NULL
2528,2377,3/10/2015,20
2528,2377,3/10/2015,20
2528,2377,3/10/2015,NULL
2529,2378,4/25/2015,20
2529,2378,4/25/2015,20
2529,2378,4/25/2015,NULL
2531,2378,3/20/2015,20
2531,2378,3/20/2015,20
2531,2378,3/20/2015,NULL
2532,2391,4/25/2015,20
2532,2391,4/25/2015,20
2532,2391,4/25/2015,NULL
2533,1869,3/20/2015,20
2533,1869,3/20/2015,20
2533,1869,3/20/2015,NULL
2536,2355,3/28/2015,20
2537,1869,4/1/2015,20
2537,1869,4/1/2015,20
2537,1869,4/1/2015,NULL
2538,2392,4/6/2015,20
2538,2392,4/6/2015,20
2538,2392,4/6/2015,NULL
2539,2343,4/30/2015,25
2540,2340,4/4/2015,15
2541,2343,4/27/2015,25
2545,1983,5/2/2015,20
2550,2393,5/20/2015,NULL
2553,2215,5/2/2015,15
2554,2086,5/5/2015,12
2555,2369,3/10/2015,NULL
2556,2394,3/1/2015,20
2558,2396,3/1/2015,20
2559,2397,5/28/2015,25
2561,2400,5/2/2015,20
2561,2400,5/5/2015,15
2561,2400,5/6/2015,NULL
2562,2087,5/25/2015,NULL
2563,2401,3/28/2015,25
2563,2401,3/28/2015,NULL
2564,1856,5/25/2015,NULL
2565,2088,5/26/2015,NULL
2566,2089,5/16/2015,NULL
2567,2078,5/5/2015,12
2569,2090,5/28/2015,12
2575,2091,4/30/2015,13
2576,2222,5/24/2015,NULL
2578,2227,5/21/2015,NULL
2580,2226,5/20/2015,NULL
2581,2225,5/25/2015,NULL
2582,2224,5/2/2015,13
2583,2223,5/21/2015,NULL
2584,2234,5/7/2015,NULL
2585,2236,5/26/2015,NULL
2586,2235,5/18/2015,NULL
2587,2233,5/20/2015,NULL
2588,2287,5/16/2015,NULL
2589,2286,5/15/2015,NULL
2590,2405,3/10/2015,NULL
2591,2286,5/17/2015,NULL
2592,2221,5/26/2015,NULL
2594,2230,5/22/2015,NULL
2595,2231,5/20/2015,NULL
2596,2232,5/22/2015,NULL
2597,2233,5/18/2015,NULL
2599,2321,3/2/2015,25
2600,2369,3/10/2015,NULL
2601,2410,3/15/2015,NULL
2609,2420,4/28/2015,20
2617,2336,5/19/2015,NULL
2618,2337,5/27/2015,NULL
2619,2335,4/15/2015,13
2620,2334,5/16/2015,NULL
2621,2333,5/12/2015,NULL
2622,2338,5/26/2015,NULL
2623,2083,5/18/2015,NULL
2624,2295,5/15/2015,NULL
2626,2294,5/20/2015,NULL
2627,2406,4/15/2015,25
2627,2406,4/15/2015,NULL
2628,2293,5/21/2015,NULL
2629,2292,5/23/2015,NULL
2630,2291,5/18/2015,NULL
2631,2081,5/14/2015,NULL
2632,2287,5/24/2015,NULL
2633,2296,5/25/2015,NULL
2634,2075,3/2/2015,20
2636,2422,5/4/2015,20
2643,2425,4/26/2015,20
2645,2395,3/5/2015,NULL
2646,2395,3/1/2015,NULL
2649,2424,3/2/2015,25
2649,2424,3/2/2015,NULL
2661,2432,5/10/2015,20
2664,2435,3/10/2015,NULL
2666,2434,5/2/2015,20
2668,2434,4/30/2015,20
2668,2434,4/30/2015,20
2670,2436,3/10/2015,NULL
2671,2438,3/15/2015,NULL
2674,2439,3/10/2015,NULL
2674,2439,3/10/2015,1
2675,2440,3/18/2015,20
2676,2441,3/10/2015,NULL
2677,2442,3/1/2015,NULL
2679,2444,4/16/2015,20
2679,2444,4/16/2015,20
2680,2444,4/16/2015,20
2680,2444,4/16/2015,20
2681,2445,5/10/2015,20
2682,2406,4/14/2015,25
2682,2406,4/14/2015,NULL
2685,2446,3/10/2015,NULL
2692,2449,3/20/2015,NULL
2699,2453,3/20/2015,NULL
2709,2454,3/10/2015,NULL
2715,2455,3/15/2015,NULL
2717,2458,3/10/2015,NULL
2720,2460,3/20/2015,NULL
2725,2480,7/10/2015,25
2734,2244,4/18/2015,20
2734,2244,4/18/2015,20
2734,2244,4/18/2015,NULL
2735,2482,5/5/2015,20
2735,2482,5/5/2015,20
2736,2472,4/18/2015,20
2737,2464,5/2/2015,20
2738,2466,4/28/2015,15
2739,2466,4/20/2015,25
2740,2465,5/9/2015,25
2741,2465,4/25/2015,30
2742,2483,2/27/2015,20
2742,2483,2/27/2015,20
2742,2483,2/27/2015,NULL
2743,2483,4/1/2015,25
2743,2483,4/1/2015,25
2743,2483,4/1/2015,NULL
2746,2464,5/23/2015,25
2747,2464,5/18/2015,20
2748,2479,5/19/2015,20
2749,2467,5/7/2015,15
2750,2468,5/4/2015,25
2751,2469,5/1/2015,NULL
2752,2470,5/21/2015,15
2753,2470,5/15/2015,20
2754,2471,5/18/2015,20
2755,2473,5/13/2015,20
2756,2474,5/7/2015,NULL
2757,2475,4/29/2015,15
2758,2158,3/15/2015,20
2758,2158,4/3/2015,15
2759,1734,4/14/2015,20
2759,1734,5/9/2015,15
2762,2476,5/4/2015,20
2763,2476,5/8/2015,15
2765,2476,5/22/2015,20
2766,2477,5/13/2015,20
2767,2478,5/9/2015,20
2769,2488,1/27/2015,15
2769,2488,1/27/2015,15
2769,2488,1/27/2015,NULL
2770,2489,3/25/2015,15
2770,2489,3/25/2015,15
2770,2489,3/25/2015,NULL
2772,2071,5/11/2015,20
2774,2490,5/7/2015,20
2778,2491,3/15/2015,15
2778,2491,3/15/2015,15
2778,2491,3/15/2015,0
2778,2491,3/15/2015,NULL
2779,2497,9/22/2015,25
2780,2498,9/30/2015,25
2780,2498,9/30/2015,NULL
2786,2499,9/20/2015,25
2786,2499,9/20/2015,NULL
2787,2500,9/25/2015,NULL
2788,2453,10/1/2015,NULL
2789,2502,3/20/2015,NULL
2795,2507,10/6/2015,NULL
2796,2508,10/14/2015,NULL
2797,2509,2/20/2015,NULL
2798,2510,9/30/2015,NULL
2799,2511,3/15/2015,NULL
2800,2512,10/6/2015,NULL
2801,2245,4/10/2015,20
2801,2245,4/10/2015,20
2801,2245,4/10/2015,NULL
2802,2513,4/5/2015,20
2802,2513,4/5/2015,20
2802,2513,4/5/2015,NULL
2804,2530,4/19/2015,20
2804,2530,4/19/2015,20
2804,2530,4/19/2015,NULL
2810,2521,6/3/2015,30
2810,2521,6/5/2015,20
2811,2531,4/5/2015,15
2811,2531,4/5/2015,15
2811,2531,4/5/2015,NULL
2812,2532,4/5/2015,14
2812,2532,4/5/2015,14
2812,2532,4/5/2015,NULL
2813,2532,4/10/2015,14
2813,2532,4/10/2015,14
2813,2532,4/10/2015,NULL
2814,2534,2/6/2015,14
2814,2534,2/6/2015,14
2814,2534,2/6/2015,NULL
2815,1858,2/20/2015,15
2815,1858,2/20/2015,15
2815,1858,2/20/2015,NULL
2816,2534,2/7/2015,10
2816,2534,2/7/2015,10
2816,2534,2/7/2015,NULL
2824,2542,3/1/2015,20
2824,2542,3/1/2015,20
2824,2542,3/1/2015,20
2825,1736,3/27/2015,15
2825,1736,4/1/2015,15
2826,2514,4/25/2015,20
2829,1735,4/29/2015,20
2829,1735,5/4/2015,15
2831,2515,5/7/2015,20
2832,2516,6/1/2015,25
2835,2517,4/29/2015,30
2836,2518,4/13/2015,25
2837,2520,5/5/2015,25
2838,2519,6/12/2015,20
2844,1855,3/26/2015,20
2844,1855,3/26/2015,20
2844,1855,3/26/2015,NULL
2845,2558,3/8/2015,15
2845,2558,3/8/2015,15
2845,2558,3/8/2015,15
2847,2559,3/10/2015,20
2847,2559,3/10/2015,20
2847,2559,3/10/2015,NULL
2849,2563,3/31/2016,1
2850,2564,2/20/2015,20
2850,2564,2/20/2015,20
2850,2564,2/20/2015,NULL
2851,2565,2/13/2015,20
2851,2565,2/13/2015,20
2851,2565,2/13/2015,NULL
2852,2566,4/20/2015,20
2852,2566,4/20/2015,20
2852,2566,4/20/2015,NULL
2853,2566,4/18/2015,20
2853,2566,4/18/2015,20
2853,2566,4/18/2015,NULL
2854,2566,3/15/2015,20
2854,2566,3/15/2015,20
2854,2566,3/15/2015,NULL
2855,2484,4/5/2015,20
2855,2484,4/5/2015,20
2855,2484,4/5/2015,NULL
2856,2570,3/10/2015,20
2856,2570,3/10/2015,20
2856,2570,3/10/2015,NULL
2857,2570,3/10/2015,20
2857,2570,3/10/2015,20
2857,2570,3/10/2015,NULL
2858,2239,4/24/2015,20
2858,2239,4/24/2015,20
2858,2239,4/24/2015,NULL
2860,2571,4/17/2015,30
2861,2572,10/1/2015,25
2862,2573,4/25/2015,30
2863,2574,5/20/2015,30
2864,2575,5/10/2015,30
2865,2576,5/7/2015,30
2866,2577,5/10/2015,30
2867,2578,5/4/2015,30
2868,2579,10/1/2015,25
2870,2592,11/5/2015,NULL
2871,2582,4/27/2015,25
2872,2583,5/20/2015,20
2873,2580,5/13/2015,25
2874,2581,6/10/2015,25
2875,2584,6/22/2015,20
2877,41,8/26/2015,25
2878,549,9/10/2015,25
2880,2593,9/3/2015,25
2881,2594,9/23/2015,25
2883,2595,8/28/2015,25
2884,759,9/15/2015,25
2885,447,9/27/2015,20
2886,2587,4/10/2015,20
2887,2586,5/2/2015,20
2888,2585,5/12/2015,25
2889,2589,4/30/2015,25
2890,2588,5/4/2015,25
2891,2606,5/16/2015,20
2892,2612,5/5/2015,25
2893,2598,4/18/2015,20
2894,2598,4/15/2015,20
2895,2599,4/13/2015,25
2896,2604,4/28/2015,NULL
2897,2607,4/17/2015,20
2898,2607,4/20/2015,NULL
2899,2608,4/13/2015,20
2900,2608,4/23/2015,NULL
2901,2609,4/15/2015,25
2902,2605,4/20/2015,20
2903,2592,1/22/2015,18
2906,2617,12/8/2015,50
2907,2618,1/1/2015,20
2907,2618,1/1/2015,20
2907,2618,1/1/2015,NULL
2908,2616,4/15/2015,30
2908,2616,4/15/2015,20
2908,2616,4/15/2015,20
2909,2596,5/15/2015,20
2910,2622,5/3/2015,30
2911,2619,12/1/2015,40
2912,2614,12/7/2015,20
2913,2620,8/1/2015,15
2914,2597,4/20/2015,25
2915,2600,5/18/2015,20
2917,2605,4/13/2015,20
2918,2623,9/22/2015,NULL
2919,2624,9/30/2015,NULL
2920,2579,10/21/2015,25
2921,2601,4/29/2015,20
2922,2625,3/5/2015,20
2922,2625,3/5/2015,20
2922,2625,3/5/2015,NULL
2923,2603,4/20/2015,20
2924,2602,5/20/2015,25
2925,2610,4/29/2015,25
2926,2611,4/24/2015,NULL
2927,2626,3/5/2015,20
2927,2626,3/5/2015,20
2927,2626,3/5/2015,NULL
2928,2611,5/1/2015,20
2929,1861,3/22/2015,20
2929,1861,3/22/2015,20
2929,1861,3/22/2015,NULL
2930,2642,2/21/2015,20
2930,2642,2/21/2015,20
2930,2642,2/21/2015,NULL
2931,1864,3/12/2015,20
2931,1864,3/12/2015,20
2931,1864,3/12/2015,NULL
2932,2643,3/22/2015,15
2932,2643,3/22/2015,15
2932,2643,3/22/2015,NULL
2933,2489,4/8/2015,13
2933,2489,4/8/2015,13
2933,2489,4/8/2015,NULL
2934,2449,3/20/2015,NULL
2935,2627,4/29/2015,20
2936,2628,4/23/2015,NULL
2937,2629,5/14/2015,25
2938,2630,4/15/2015,20
2939,2631,5/4/2015,NULL
2940,2632,4/20/2015,20
2941,2633,5/1/2015,20
2942,2634,4/27/2015,20
2943,2635,5/4/2015,20
2944,2648,5/13/2015,20
2945,2636,5/5/2015,NULL
2946,2646,5/2/2015,20
2947,2647,5/14/2015,25
2948,2644,5/15/2015,20
2949,2645,5/19/2015,NULL
2950,2637,5/2/2015,20
2951,2638,5/16/2015,20
2952,2639,5/16/2015,25
2953,2640,5/12/2015,20
2954,2641,5/20/2015,20
2955,2616,12/8/2015,50
2956,2642,2/10/2015,15
2956,2642,2/10/2015,15
2956,2642,2/10/2015,NULL
2957,2190,3/22/2015,20
2957,2190,3/22/2015,20
2957,2190,3/22/2015,NULL
2958,2650,4/11/2015,15
2958,2650,4/11/2015,15
2958,2650,4/11/2015,NULL
2959,2650,4/5/2015,15
2959,2650,4/5/2015,15
2959,2650,4/5/2015,NULL
2960,2650,4/5/2015,15
2960,2650,4/5/2015,15
2960,2650,4/5/2015,NULL
2961,2651,5/2/2015,15
2961,2651,5/2/2015,15
2961,2651,5/2/2015,NULL
2962,2652,4/5/2015,20
2962,2652,4/5/2015,20
2962,2652,4/5/2015,NULL
2963,2513,4/15/2015,20
2963,2513,4/15/2015,20
2963,2513,4/15/2015,NULL
2969,2655,3/25/2015,20
2969,2655,3/25/2015,20
2969,2655,3/25/2015,NULL
2970,2656,4/16/2015,20
2970,2656,4/16/2015,20
2970,2656,4/16/2015,NULL
2971,1870,4/20/2015,20
2971,1870,4/20/2015,20
2971,1870,4/20/2015,NULL
2972,1870,5/3/2015,20
2972,1870,5/3/2015,20
2972,1870,5/3/2015,NULL
2973,2377,4/10/2015,20
2973,2377,4/10/2015,20
2973,2377,4/10/2015,NULL
2974,2650,4/5/2015,20
2974,2650,4/5/2015,20
2974,2650,4/5/2015,NULL
2981,2488,4/10/2015,20
2981,2488,4/10/2015,20
2981,2488,4/10/2015,NULL
2982,2483,4/5/2015,20
2982,2483,4/5/2015,20
2982,2483,4/5/2015,NULL
2983,2157,3/15/2015,20
2983,2157,3/15/2015,20
2990,2670,6/1/2015,NULL
3024,2701,9/4/2015,NULL
3025,2704,7/25/2015,20
3025,2704,8/15/2015,15
3026,2613,7/31/2015,20
3026,2613,8/7/2015,15
3026,2613,8/12/2016,15
3027,2707,9/13/2015,20
3027,2707,9/17/2015,15
3028,2706,8/6/2015,20
3028,2706,8/16/2015,15
3029,2702,9/3/2015,20
3029,2702,9/8/2015,15
3030,2693,8/11/2015,20
3030,2693,8/16/2015,15
3031,2705,9/4/2015,20
3031,2705,9/13/2015,15
3032,2703,8/11/2015,20
3032,2703,8/16/2015,15
3033,2692,8/15/2015,20
3033,2692,9/3/2015,15
3036,2710,9/28/2015,25
3049,2721,9/8/2015,25
3068,2691,8/1/2015,20
3068,2691,8/12/2015,15
3069,387,3/23/2015,20
3069,387,3/26/2015,15
3072,388,3/27/2015,20
3072,388,4/1/2015,15
3073,236,4/6/2015,22
3073,236,4/10/2015,15
3074,622,4/1/2015,22
3074,622,4/8/2015,15
3075,156,3/22/2015,22
3075,156,3/31/2015,15
3076,948,3/16/2015,22
3076,948,3/26/2015,15
3077,635,3/12/2015,20
3078,356,4/2/2015,22
3078,356,4/7/2015,15
3079,995,3/10/2015,25
3079,995,4/15/2015,15
3080,988,3/19/2015,20
3080,988,3/25/2015,15
3103,2766,9/10/2015,NULL
3106,2767,9/12/2015,NULL
3107,2768,10/11/2015,20
3108,2770,9/25/2015,15
3114,2749,4/2/2015,12
3115,2775,3/25/2015,10
3116,2748,2/28/2015,10
3117,2777,8/5/2015,25
3118,2750,4/6/2015,10
3119,2751,5/12/2015,10
3120,2752,5/4/2015,10
3121,2778,4/27/2015,25
3122,2779,9/11/2015,20
3123,2769,9/15/2015,NULL
3124,2780,4/28/2015,20
3125,2781,9/10/2015,20
3130,2791,10/1/2015,20
3132,2617,2/5/2016,6
3134,2792,8/29/2015,NULL
3135,2793,9/18/2015,NULL
3136,2791,10/1/2015,20
3145,2802,8/23/2015,20
3145,2802,8/23/2015,20
3146,2803,8/24/2015,20
3146,2803,8/24/2015,20
3147,2804,8/23/2015,20
3147,2804,8/23/2015,20
3148,2805,8/24/2015,20
3148,2805,8/24/2015,20
3152,2818,9/10/2015,20
3152,2818,9/10/2015,20
3152,2818,9/10/2015,NULL
3153,2817,8/10/2015,20
3153,2817,8/10/2015,20
3153,2817,8/10/2015,NULL
3154,2815,9/13/2015,20
3154,2815,9/13/2015,20
3154,2815,9/13/2015,NULL
3155,2816,9/10/2015,20
3155,2816,9/9/2015,20
3155,2816,9/9/2015,NULL
3156,1741,9/29/2015,20
3156,1741,9/29/2015,20
3156,1741,9/29/2015,NULL
3157,2823,9/5/2015,20
3157,2823,9/5/2015,20
3158,2824,8/28/2015,20
3158,2824,8/28/2015,20
3159,2824,8/28/2015,20
3159,2824,8/28/2015,20
3160,2825,8/20/2015,20
3162,1744,10/1/2015,20
3162,1744,10/1/2015,20
3162,1744,10/1/2015,NULL
3163,2814,9/25/2015,20
3163,2814,9/25/2015,20
3163,2814,9/25/2015,NULL
3164,2827,8/20/2015,20
3166,1750,9/10/2015,20
3166,1750,9/10/2015,20
3166,1750,9/10/2015,NULL
3256,2892,8/25/2015,20
3257,2893,8/18/2015,20
3258,2895,8/27/2015,20
3258,2895,8/27/2015,20
3259,2893,8/18/2015,20
3260,2895,8/27/2015,20
3261,2896,8/22/2015,20
3262,2896,8/30/2015,20
3262,2896,8/30/2015,20
3263,2897,8/23/2015,20
3264,2897,8/23/2015,20
3265,2900,8/26/2015,20
3266,2900,8/26/2015,20
3281,2899,8/25/2015,20
3282,2899,8/28/2015,20
3296,1524,4/1/2016,NULL
3338,2940,9/27/2015,20
3338,2940,9/27/2015,20
3339,2941,9/15/2015,NULL
3340,2941,9/20/2015,NULL
3341,2941,10/3/2015,NULL
3342,2942,10/13/2015,NULL
3343,2942,10/5/2015,NULL
3344,2833,9/18/2015,NULL
3345,2914,10/10/2015,NULL
3346,2903,9/26/2015,NULL
3347,2913,10/2/2015,NULL
3348,2833,9/28/2015,NULL
3350,2943,4/26/2016,NULL
3351,2982,3/15/2016,30
3352,3000,3/28/2016,40
3352,3000,4/5/2016,40
3352,3000,4/11/2016,40
3353,3049,2/22/2016,NULL
3354,3050,2/15/2016,30
3355,3051,2/12/2016,30
3356,3052,2/15/2016,20
3357,3070,2/11/2016,40
3358,3072,2/15/2016,40
3359,3073,2/27/2016,40
3360,3074,2/20/2016,30
3361,3075,3/1/2016,30
3362,3076,2/20/2016,40
3363,3077,2/25/2016,40
3364,3078,2/20/2016,30
3365,3084,2/29/2016,40
3366,3085,2/15/2016,40
3367,3086,12/28/2015,10
3368,3087,4/5/2016,40
3369,3088,4/12/2016,40
3370,3095,3/1/2016,40
3371,3096,4/29/2016,30
3372,3097,4/8/2016,40
3373,3098,3/14/2016,40
3374,3099,3/3/2016,40
3375,3103,6/1/2016,40
3376,3111,3/25/2016,40
3419,3123,4/20/2016,30
3428,3455,3/21/2016,20
3429,3418,1/10/2016,20
3434,3459,4/4/2016,20
3436,3420,1/30/2016,30
3436,3420,1/30/2016,20
3443,3421,2/10/2016,30
3443,3421,2/10/2016,20
3444,3424,7/5/2016,30
3445,3423,2/23/2016,30
3445,3423,2/23/2016,20
3446,3450,6/2/2016,30
3447,3431,3/5/2016,30
3448,3132,4/20/2016,30
3449,3135,2/20/2016,40
3450,3136,3/8/2016,40
3451,3133,12/14/2015,30
3453,3419,3/5/2016,30
3453,3419,3/5/2016,20
3453,3419,3/8/2016,30
3456,3134,4/14/2016,30
3457,3475,8/22/2015,15
3457,3475,8/18/2015,29
3458,3476,8/24/2015,23
3458,3476,8/26/2015,18
3461,3044,3/3/2016,15
3461,3044,3/3/2016,15
3464,3481,9/2/2015,25
3464,3481,9/4/2015,15
3465,3482,8/17/2015,20
3465,3482,8/19/2015,15
3466,3483,9/1/2015,20
3466,3483,9/6/2015,15
3467,234,8/18/2015,25
3467,234,8/21/2015,15
3468,388,9/3/2015,20
3468,388,9/5/2015,15
3469,635,8/10/2015,20
3469,635,8/14/2015,15
3470,2986,2/24/2016,20
3497,3124,3/8/2016,40
3498,355,8/9/2015,25
3498,355,8/13/2015,15
3499,622,8/9/2015,20
3499,622,8/12/2015,15
3500,3454,2/11/2016,NULL
3501,3454,2/2/2016,NULL
3502,3129,3/10/2016,40
3511,3118,3/20/2016,40
3512,3119,4/4/2016,40
3513,2995,2/20/2016,15
3513,2995,2/20/2016,15
3514,2975,3/12/2016,15
3515,3010,1/25/2016,15
3516,3036,2/2/2016,15
3517,2962,2/22/2016,20
3517,2962,2/22/2016,20
3517,2962,2/22/2016,20
3518,2961,2/25/2016,20
3518,2961,2/25/2016,20
3518,2961,2/25/2016,20
3519,2953,2/27/2016,15
3520,3009,2/25/2016,15
3520,3009,2/25/2016,15
3521,2960,2/25/2016,21
3523,2960,3/2/2016,20
3524,2956,1/25/2016,20
3524,2956,1/25/2016,20
3525,3122,3/15/2016,40
3526,3121,5/10/2016,40
3527,3120,4/20/2016,NULL
3528,2956,1/26/2016,16
3528,2956,1/26/2016,16
3529,2951,2/15/2016,25
3529,2951,2/15/2016,25
3530,2951,2/24/2016,17
3530,2951,2/24/2016,17
3531,2977,1/10/2016,20
3531,2977,1/10/2016,20
3532,2986,2/23/2016,20
3533,2987,2/24/2016,22
3533,2987,2/24/2016,22
3534,3048,2/21/2016,20
3534,3048,2/21/2016,20
3534,3048,2/21/2016,NULL
3535,2967,2/25/2016,22
3535,2967,2/25/2016,22
3536,3036,2/1/2016,15
3536,3036,2/1/2016,15
3537,3039,2/23/2016,20
3537,3039,2/23/2016,20
3538,3041,1/5/2016,15
3538,3041,1/5/2016,15
3539,2975,3/15/2016,17
3539,2975,3/15/2016,17
3540,2993,2/26/2016,13
3540,2993,2/26/2016,13
3541,3039,2/23/2016,17
3541,3039,2/23/2016,17
3542,2956,2/15/2016,20
3542,2956,2/15/2016,20
3543,2969,1/10/2016,18
3543,2969,1/10/2016,18
3544,2960,2/28/2016,15
3545,2969,1/14/2016,18
3545,2969,1/14/2016,18
3546,3013,1/28/2016,15
3546,3013,1/28/2016,15
3547,3016,2/27/2016,15
3548,2945,4/15/2016,50
3548,2945,4/15/2016,25
3549,3035,3/5/2016,15
3550,2967,2/2/2016,17
3551,2954,3/26/2016,15
3551,2954,3/26/2016,15
3552,3003,3/15/2016,17
3552,3003,3/15/2016,17
3553,3046,2/27/2016,25
3553,3046,2/27/2016,25
3554,2949,4/1/2016,30
3555,2952,2/25/2016,17
3555,2952,2/25/2016,17
3556,2990,1/26/2016,35
3556,2990,1/26/2016,35
3557,3004,2/23/2016,23
3557,3004,2/23/2016,23
3557,3004,2/23/2016,23
3558,3003,2/10/2016,50
3558,3003,2/10/2016,50
3558,3003,2/10/2016,50
3559,3037,3/18/2016,20
3559,3037,3/18/2016,20
3560,3579,8/25/2015,20
3560,3579,9/3/2015,15
3561,2988,2/4/2016,20
3562,3016,2/29/2016,14
3563,2999,2/14/2016,25
3563,2999,2/14/2016,25
3564,3006,2/20/2016,10
3565,3007,2/5/2016,30
3565,3007,2/5/2016,30
3566,2973,2/15/2016,20
3567,2971,3/16/2016,15
3567,2971,3/16/2016,15
3568,3005,2/25/2016,30
3568,3005,2/25/2016,30
3569,2994,2/22/2016,25
3570,2974,1/28/2016,12
3570,2974,1/28/2016,12
3571,2980,1/22/2016,12
3571,2980,1/22/2016,12
3572,2993,2/10/2016,15
3572,2993,2/10/2016,15
3573,2979,2/5/2016,15
3573,2979,2/5/2016,15
3573,2979,2/5/2016,NULL
3574,3034,2/25/2016,25
3574,3034,2/25/2016,25
3575,2985,2/3/2016,18
3576,2997,2/10/2016,15
3576,2997,2/10/2016,15
3577,2991,2/27/2016,20
3578,3002,2/29/2016,15
3578,3002,2/29/2016,15
3579,3043,2/26/2016,20
3579,3043,2/26/2016,20
3579,3043,2/26/2016,20
3580,2972,2/5/2016,15
3580,2972,2/5/2016,15
3581,2970,2/10/2016,7
3581,2970,2/10/2016,7
3582,2989,1/8/2016,8
3582,2989,1/8/2016,8
3584,2975,3/13/2016,17
3584,2975,3/13/2016,17
3585,3012,1/25/2016,10
3585,3012,1/25/2016,10
3601,2992,3/3/2016,30
3601,2992,3/3/2016,30
3602,2995,2/20/2016,10
3602,2995,2/20/2016,10
3603,2976,2/26/2016,15
3604,2978,2/13/2016,20
3604,2978,2/13/2016,20
3605,3045,2/21/2016,20
3606,3047,2/27/2016,15
3606,3047,2/27/2016,15
3607,3001,3/16/2016,15
3607,3001,3/16/2016,15
3609,3010,1/25/2016,15
3610,2955,2/25/2016,15
3610,2955,2/25/2016,15
3611,2966,2/15/2016,18
3611,2966,2/15/2016,18
3611,2966,2/15/2016,18
3612,2962,2/22/2016,20
3612,2962,2/22/2016,20
3612,2962,2/22/2016,20
3613,3004,2/10/2016,20
3613,3004,2/10/2016,10
3614,2984,1/8/2016,8
3615,3013,1/21/2016,20
3615,3013,1/21/2016,20
3616,2963,3/16/2016,20
3616,2963,3/16/2016,20
3619,2965,2/26/2016,15
3620,2981,2/10/2016,12
3620,2981,2/10/2016,12
3621,3008,3/1/2016,NULL
3622,3011,2/28/2016,12
3622,3011,2/28/2016,12
3622,3011,2/28/2016,NULL
3624,3014,1/20/2016,25
3624,3014,1/20/2016,25
3625,3014,2/2/2016,20
3625,3014,2/2/2016,20
3626,3001,3/15/2016,10
3626,3001,3/15/2016,10
3640,2998,2/19/2016,10
3641,2968,2/25/2016,18
3641,2968,2/25/2016,18
3642,2961,2/13/2016,13
3642,2961,2/13/2016,13
3644,3147,4/4/2016,30
3645,2950,3/3/2016,40
3646,2948,3/10/2016,40
3648,3032,3/5/2016,40
3649,3155,4/1/2016,30
3651,2947,4/1/2016,40
3652,3041,2/23/2016,20
3652,3041,2/23/2016,30
3654,3040,2/10/2016,18
3654,3040,2/10/2016,18
3654,3040,2/10/2016,18
3655,3040,2/26/2016,15
3655,3040,2/26/2016,15
3655,3040,2/26/2016,15
3656,2996,2/2/2016,15
3656,2996,2/2/2016,15
3656,2996,2/2/2016,15
3658,3607,2/20/2016,25
3659,3033,2/2/2016,20
3659,3033,2/2/2016,20
3659,3033,2/2/2016,20
3660,2957,2/20/2016,15
3660,2957,2/20/2016,15
3661,2959,2/20/2016,15
3661,2959,2/20/2016,15
3662,3033,2/2/2016,20
3662,3033,2/2/2016,20
3662,3033,2/2/2016,20
3669,3613,3/19/2016,20
3670,3614,3/28/2016,NULL
3678,3624,8/26/2015,20
3678,3624,8/30/2015,15
3679,3623,8/26/2015,20
3679,3623,9/2/2015,15
3690,3668,4/20/2016,20
3690,3668,4/20/2016,20
3698,3688,4/25/2016,20
3698,3688,4/25/2016,20
3699,3688,4/25/2016,20
3700,3093,3/10/2016,25
3700,3093,3/10/2016,10
3701,3688,4/25/2016,20
3702,3071,3/11/2016,25
3702,3071,3/11/2016,10
3704,3382,2/21/2016,25
3704,3382,2/21/2016,10
3713,1901,4/23/2016,13
3732,3793,5/13/2016,NULL
3739,3795,4/25/2016,20
3744,2444,4/20/2016,20
3751,2444,4/21/2016,20
3773,3818,3/22/2016,20
3773,3818,4/6/2016,15
3775,3808,5/4/2016,12
3789,3831,3/11/2016,20
3815,2452,4/24/2016,20
3816,3806,5/4/2016,NULL
3817,3807,4/20/2016,13
3818,3810,5/14/2016,12
3819,3807,5/16/2016,NULL
3820,3808,4/30/2016,12
3821,3809,4/25/2016,12
3828,2292,4/30/2016,12
3849,2124,5/20/2016,20
3851,2018,4/28/2016,20
3853,3883,5/19/2016,20
3856,2072,4/15/2016,20
3857,1841,4/26/2016,20
3857,1841,4/26/2016,20
3865,4404,4/20/2016,20
3866,4404,4/20/2016,20
3873,4405,5/9/2016,20
3876,4405,5/9/2016,20
3881,4406,6/16/2016,20
3882,4406,5/19/2016,20
3883,4407,5/8/2016,20
3885,4409,4/8/2016,20
3888,4409,4/8/2016,20
3890,4409,4/8/2016,20
3913,1901,4/22/2016,12
3914,1901,4/25/2016,12
3915,2095,4/29/2016,NULL
3921,2083,5/5/2016,NULL
3924,1826,5/10/2016,NULL
3926,1826,5/12/2016,NULL
3927,1866,5/1/2016,NULL
3929,1856,5/10/2016,NULL
3932,2081,5/7/2016,12
3935,1856,5/7/2016,NULL
3943,1866,5/4/2016,NULL
3944,4421,5/10/2016,NULL
3957,1825,5/15/2016,NULL
3958,1825,5/16/2016,NULL
3960,1825,5/12/2016,NULL
3961,2296,9/8/2016,NULL
3963,2005,5/3/2016,12
3974,3384,3/21/2016,20
3974,3384,3/23/2016,10
3977,4509,2/20/2016,20
3977,4509,2/21/2016,10
3981,2375,5/7/2016,NULL
3982,4512,2/8/2016,40
3982,4512,2/11/2016,25
3982,4512,2/22/2016,10
3982,4512,3/18/2016,10
3983,2375,5/4/2016,NULL
3984,2375,5/4/2016,NULL
4141,4423,4/8/2016,20
4141,4423,4/8/2016,20
4144,4534,3/10/2016,NULL
4145,3385,1/20/2016,25
4145,3385,1/25/2016,10
4146,3385,3/11/2016,25
4146,3385,3/14/2016,10
4147,4437,3/16/2016,20
4147,4437,3/16/2016,20
4149,4439,3/14/2016,20
4149,4439,3/14/2016,20
4150,4442,3/25/2016,25
4150,4442,3/25/2016,20
4151,4438,3/16/2016,20
4151,4438,3/16/2016,20
4152,4436,3/28/2016,20
4153,1935,5/7/2016,NULL
4154,4435,3/15/2016,20
4154,4435,3/15/2016,20
4155,2333,5/2/2016,122
4156,2231,5/6/2016,NULL
4157,2085,5/5/2016,NULL
4158,2236,5/4/2016,NULL
4159,2233,5/4/2016,NULL
4160,4443,3/20/2016,20
4160,4443,3/20/2016,20
4161,2287,5/6/2016,NULL
4163,1991,5/7/2016,NULL
4164,2287,5/5/2016,NULL
4165,2082,5/6/2016,NULL
4166,2233,5/3/2016,NULL
4167,2291,5/10/2016,NULL
4168,3094,2/15/2016,25
4168,3094,2/22/2016,10
4169,3094,2/18/2016,25
4169,3094,2/22/2016,10
4230,2336,5/5/2016,NULL
4236,2337,5/12/2016,NULL
4237,2338,5/15/2016,NULL
4238,2078,5/12/2016,NULL
4243,2086,5/6/2016,NULL
4249,1923,5/10/2016,NULL
4250,1923,5/10/2016,NULL
4251,1923,5/9/2016,NULL
4252,4622,5/15/2016,NULL
4275,2033,4/27/2016,12
4276,1935,5/6/2016,NULL
4277,2002,5/17/2016,NULL
4287,4509,2/20/2016,20
4287,4509,2/22/2016,10
4291,1953,5/16/2016,NULL
4299,1949,5/10/2016,NULL
4300,1991,5/5/2016,NULL
4301,2007,5/12/2016,NULL
4302,2002,5/16/2016,NULL
4303,2082,5/16/2016,NULL
4305,4630,2/8/2016,40
4305,4630,2/12/2016,25
4305,4630,2/14/2016,10
4306,4659,3/25/2016,15
4306,4659,3/27/2016,12
4307,4660,3/28/2016,15
4307,4660,3/28/2016,12
4308,4664,4/5/2016,15
4308,4664,4/5/2016,12
4309,4669,4/23/2016,15
4309,4669,4/23/2016,12
4310,4672,4/8/2016,15
4310,4672,4/8/2016,12
4311,4670,3/20/2016,20
4311,4670,3/20/2016,20
4312,4674,4/22/2016,15
4312,4674,4/22/2016,12
4313,4675,3/15/2016,15
4314,4670,3/20/2016,20
4314,4670,3/20/2016,20
4315,4676,4/25/2016,NULL
4316,2080,5/15/2016,NULL
4318,4677,2/25/2016,15
4318,4677,2/25/2016,12
4320,4678,3/26/2016,15
4320,4678,3/26/2016,12
4322,4679,3/31/2016,15
4322,4679,3/31/2016,12
4323,2286,5/22/2016,NULL
4324,4661,5/25/2016,NULL
4325,4661,5/24/2016,NULL
4326,2035,5/18/2016,NULL
4327,2225,5/17/2016,NULL
4328,2032,5/12/2016,NULL
4330,1951,5/16/2016,NULL
4331,2033,5/16/2016,12
4332,1952,5/22/2016,NULL
4333,2077,5/9/2016,NULL
4335,2286,5/10/2016,NULL
4336,2088,5/10/2016,NULL
4337,2444,4/30/2016,20
4338,4441,4/1/2016,30
4339,4602,2/25/2016,18
4339,4602,2/29/2016,10
4340,4432,3/26/2016,30
4340,4432,3/26/2016,30
4341,4705,4/29/2016,NULL
4342,4704,2/24/2016,40
4342,4704,2/26/2016,20
4342,4704,2/27/2016,10
4343,4622,5/15/2016,NULL
4348,4440,4/12/2016,30
4349,4433,4/20/2016,25
4349,4433,4/20/2016,25
4352,4622,5/11/2016,NULL
4353,4434,4/22/2016,30
4353,4434,4/22/2016,30
4354,3795,4/25/2016,20
4355,1972,6/17/2016,20
4356,4707,4/23/2016,30
4356,4707,4/23/2016,30
4357,4514,4/3/2016,30
4357,4514,4/3/2016,30
4358,4708,4/20/2016,30
4358,4708,4/20/2016,30
4359,1921,4/20/2016,20
4360,1921,5/20/2016,NULL
4361,1843,6/4/2016,20
4362,1842,4/26/2016,20
4362,1842,4/26/2016,20
4363,4428,3/30/2016,30
4363,4428,3/30/2016,30
4364,1843,5/28/2016,20
4365,1844,5/28/2016,20
4366,1844,4/12/2016,20
4367,3819,3/30/2016,20
4367,3819,3/30/2016,20
4368,3819,3/22/2016,20
4368,3819,3/30/2016,20
4369,1843,4/12/2016,20
4370,1922,4/25/2016,20
4371,1844,5/30/2016,NULL
4372,3425,1/10/2016,NULL
4373,3452,2/2/2016,30
4373,3452,2/2/2016,30
4374,1843,5/30/2016,NULL
4375,1841,4/27/2016,20
4375,1841,4/27/2016,20
4376,2848,5/10/2016,NULL
4377,2848,4/15/2016,20
4378,2843,4/15/2016,20
4379,2843,4/15/2016,20
4380,2843,5/6/2016,NULL
4381,2843,4/15/2016,20
4383,2847,5/7/2016,NULL
4384,2870,5/10/2016,NULL
4385,2869,5/11/2016,NULL
4386,2869,5/9/2016,NULL
4387,2869,5/9/2016,NULL
4388,2848,4/15/2016,20
4389,2848,5/4/2016,NULL
4390,2696,5/12/2016,NULL
4391,2696,5/6/2016,NULL
4392,2696,5/12/2016,NULL
4393,4726,3/30/2016,30
4393,4726,3/30/2016,30
4395,4424,4/20/2016,30
4395,4424,4/20/2016,30
4398,3419,3/16/2016,30
4398,3419,3/17/2016,30
4414,2879,5/12/2016,NULL
4415,4520,4/10/2016,30
4415,4520,4/20/2016,30
4415,4520,4/20/2016,20
4416,4519,4/23/2016,30
4416,4519,4/23/2016,30
4417,2879,5/12/2016,NULL
4418,4521,4/23/2016,30
4419,2904,5/8/2016,NULL
4420,4515,4/15/2016,30
4420,4515,4/15/2016,30
4421,2904,5/8/2016,NULL
4422,4516,4/20/2016,30
4422,4516,4/20/2016,3
4423,4429,3/26/2016,30
4423,4429,3/26/2016,30
4424,4426,4/20/2016,30
4424,4426,4/20/2016,30
4425,4422,4/10/2016,30
4425,4422,4/10/2016,30
4426,4422,3/30/2016,30
4426,4422,3/30/2016,30
4427,4431,3/25/2016,30
4427,4431,3/25/2016,30
4428,4431,3/28/2016,30
4428,4431,3/28/2016,30
4429,2934,5/6/2016,NULL
4430,2928,5/14/2016,NULL
4431,2928,5/12/2016,NULL
4432,2905,4/29/2016,20
4433,2905,4/29/2016,20
4435,2865,5/4/2016,NULL
4436,2919,5/16/2016,NULL
4437,2920,5/6/2016,NULL
4438,2919,5/17/2016,NULL
4439,2920,5/5/2016,NULL
4440,2927,5/6/2016,NULL
4441,2925,5/4/2016,NULL
4442,4518,3/30/2016,30
4442,4518,3/30/2016,30
4443,2927,5/5/2016,NULL
4444,2925,5/2/2016,NULL
4445,2923,10/8/2016,NULL
4446,2923,5/7/2016,NULL
4447,4510,3/20/2016,30
4447,4510,4/2/2016,1
4448,4427,4/20/2016,1
4449,4431,3/26/2016,30
4450,4759,4/21/2016,18
4451,3422,2/19/2016,30
4451,3422,2/19/2016,30
4466,4644,4/6/2016,20
4466,4644,4/8/2016,10
4484,3429,2/5/2016,30
4484,3429,2/5/2016,30
4486,3449,3/27/2016,30
4486,3449,3/28/2016,30
4486,3449,3/30/2016,20
4487,3426,2/24/2016,30
4487,3426,2/24/2016,3
4492,3430,2/17/2016,30
4492,3430,2/17/2016,30
4492,3430,2/17/2016,30
4493,3427,2/1/2016,30
4493,3427,2/1/2016,30
4497,4837,4/20/2016,18
4497,4837,4/23/2016,15
4498,4836,4/17/2016,20
4499,4523,3/8/2016,20
4499,4523,3/10/2016,10
4500,4790,5/7/2016,NULL
4501,4790,5/16/2016,25
4502,4834,5/13/2016,25
4503,4790,5/2/2016,25
4504,4835,5/5/2016,20
4505,4791,5/17/2016,25
4506,4835,5/13/2016,25
4507,4835,4/20/2016,25
4508,4791,5/1/2016,20
4509,4826,5/18/2016,20
4510,4835,5/13/2016,25
4511,4826,5/20/2016,20
4512,4828,5/18/2016,25
4513,4826,5/17/2016,25
4514,4831,5/11/2016,25
4515,4767,4/28/2016,25
4516,4838,4/24/2016,20
4517,4758,5/15/2016,25
4518,4602,2/25/2016,18
4518,4602,11/27/2016,10
4519,4802,4/10/2016,18
4519,4802,4/14/2016,15
4520,4803,4/10/2016,20
4520,4803,4/11/2016,18
4521,4796,3/20/2016,18
4522,4797,3/21/2016,18
4523,4800,3/22/2016,20
4523,4800,3/25/2016,15
4524,4685,3/16/2016,30
4524,4685,3/16/2016,30
4525,4799,3/30/2016,18
4525,4799,4/2/2016,15
4526,4733,4/27/2016,20
4527,4798,4/2/2016,20
4527,4798,4/4/2016,15
4528,4801,3/28/2016,18
4529,4806,4/4/2016,18
4529,4806,4/7/2016,15
4530,4731,5/8/2016,20
4531,4686,3/12/2016,30
4535,4687,3/14/2016,30
4535,4687,3/14/2016,30
4537,4829,5/24/2016,20
4538,4833,5/18/2016,20
4539,4688,8/15/2016,30
4539,4688,8/15/2016,30
4539,4688,8/15/2016,10
4541,4834,5/13/2016,25
4543,4788,5/13/2016,20
4544,4824,5/15/2016,30
4546,4825,5/17/2016,30
4547,4789,5/1/2016,25
4548,4789,5/11/2016,25
4551,4767,4/24/2016,25
4552,4684,2/2/2016,1
4553,4795,3/21/2016,20
4553,4795,4/26/2016,15
4554,4758,5/15/2016,25
4556,4733,5/2/2016,20
4557,4723,4/29/2016,30
4558,4749,4/30/2016,30
4559,4721,4/24/2016,20
4560,4723,4/30/2016,30
4561,4722,5/4/2016,20
4562,4750,5/12/2016,20
4563,4732,5/10/2016,20
4564,4733,5/10/2016,20
4565,4730,5/16/2016,20
4566,4733,5/10/2016,20
4567,4733,5/5/2016,20
4568,4733,5/2/2016,20
4569,4730,5/16/2016,20
4570,4725,5/8/2016,30
4571,4733,5/2/2016,20
4574,4733,5/10/2016,20
4575,4725,5/8/2016,30
4576,4733,5/3/2016,20
4577,4725,5/10/2016,30
4589,4683,3/21/2016,30
4589,4683,3/21/2016,30
4589,4683,3/21/2016,30
4592,4699,2/6/2016,30
4592,4699,2/6/2016,30
4596,4717,5/6/2016,20
4597,4733,5/2/2016,20
4598,4717,5/6/2016,20
4599,4733,5/2/2016,20
4600,4748,5/3/2016,20
4601,4719,5/10/2016,20
4602,4748,5/3/2016,20
4603,4711,5/10/2016,30
4604,4711,5/8/2016,35
4605,4710,5/3/2016,30
4606,4709,5/4/2016,35
4607,4709,5/5/2016,35
4608,4724,6/7/2016,30
4609,4724,5/14/2016,30
4610,4724,5/2/2016,30
4611,4724,5/2/2016,30
4612,4724,5/2/2016,30
4613,4733,4/28/2016,20
4614,4714,5/20/2016,20
4615,4720,5/5/2016,20
4616,4757,5/9/2016,20
4618,4757,5/9/2016,20
4620,4757,5/9/2016,20
4621,4757,5/7/2016,20
4623,4757,5/7/2016,20
4625,4757,5/7/2016,20
4627,4757,5/8/2016,20
4628,4757,5/13/2016,20
4629,4720,5/14/2016,20
4630,4720,5/14/2016,20
4631,4746,4/29/2016,NULL
4632,4755,5/12/2016,30
4633,4755,5/17/2016,30
4634,4767,5/10/2016,30
4635,4767,5/5/2016,30
4636,4748,5/3/2016,30
4637,4748,5/14/2016,30
4638,4748,5/14/2016,30
4639,4715,4/30/2016,20
4640,4781,5/14/2016,20
4641,4715,4/29/2016,20
4642,4781,5/14/2016,20
4643,4781,5/14/2016,20
4644,4751,5/12/2016,20
4645,4751,5/12/2016,20
4646,4852,4/5/2016,30
4647,4783,5/14/2016,20
4649,4849,2/20/2016,30
4649,4849,2/20/2016,30
4649,4849,2/27/2016,10
4650,4712,5/10/2016,30
4651,4783,5/14/2016,20
4652,4713,5/13/2016,20
4653,4784,5/7/2016,20
4654,4784,5/7/2016,20
4655,4784,5/7/2016,20
4656,4754,5/5/2016,30
4657,4754,5/17/2016,30
4658,4754,5/1/2016,30
4659,4754,5/1/2016,30
4660,4782,5/16/2016,30
4661,4747,5/14/2016,30
4662,4712,5/1/2016,30
4663,4749,5/9/2016,30
4664,4718,5/12/2016,20
4665,4753,5/4/2016,20
4666,4718,5/12/2016,20
4667,4716,5/2/2016,20
4668,4716,5/2/2016,20
4669,4752,5/15/2016,20
4670,4756,5/6/2016,20
4671,4787,5/13/2016,20
4672,4786,5/9/2016,30
4673,4785,5/5/2016,30
4674,4784,5/5/2016,20
4675,4784,5/5/2016,20
4676,4634,3/10/2016,25
4676,4634,3/13/2016,10
4677,4673,3/22/2016,25
4677,4673,3/28/2016,10
4678,4848,2/22/2016,30
4678,4848,2/8/2016,30
4678,4848,2/8/2016,10
4680,4673,3/4/2016,25
4680,4673,3/7/2016,10
4681,4666,2/17/2016,25
4681,4666,2/20/2016,10
4683,4658,3/14/2016,25
4683,4658,3/21/2016,10
4685,4699,2/6/2016,30
4685,4699,2/6/2016,30
4686,4627,3/5/2016,25
4686,4627,3/10/2016,10
4687,4662,2/18/2016,25
4687,4662,2/23/2016,10
4688,4665,3/18/2016,20
4688,4665,12/26/2016,10
4689,4633,3/25/2016,20
4689,4633,3/28/2016,10
4690,4633,3/22/2016,25
4690,4633,3/24/2016,10
4691,4851,5/20/2016,NULL
4692,4633,3/16/2016,25
4692,4633,3/19/2016,10
4693,4698,5/16/2016,30
4694,4692,5/15/2016,30
4694,4692,5/15/2016,10
4695,4693,9/5/2016,30
4695,4693,9/5/2016,30
4695,4693,9/5/2016,10
4697,4850,5/12/2016,NULL
4698,4689,9/5/2016,10
4698,4689,9/5/2016,30
4698,4689,9/5/2016,30
4699,4697,5/18/2016,30
4699,4697,5/18/2016,30
4700,4690,9/20/2016,30
4700,4690,9/20/2016,30
4700,4690,9/20/2016,10
4701,4694,9/9/2016,30
4701,4694,9/9/2016,30
4702,4696,8/15/2016,30
4703,4695,9/29/2016,30
4703,4695,9/29/2016,30
4704,4691,3/28/2016,30
4704,4691,3/28/2016,30
4707,4663,3/18/2016,20
4707,4663,3/22/2016,10
4708,4645,3/19/2016,25
4708,4645,3/22/2016,10
4709,4636,3/21/2016,25
4709,4636,3/23/2016,10
4710,4663,4/5/2016,25
4710,4663,4/10/2016,10
4711,4624,2/4/2016,25
4711,4624,2/12/2016,10
4712,4673,3/2/2016,25
4712,4673,3/7/2016,10
4713,4647,2/15/2016,26
4713,4647,2/19/2016,10
4714,4667,3/14/2016,25
4714,4667,3/18/2016,10
4715,4643,3/18/2016,25
4715,4643,3/23/2016,10
4716,4646,2/17/2016,25
4716,4646,2/22/2016,10
4717,4667,4/6/2016,25
4717,4667,4/11/2016,10
4719,4642,3/8/2016,25
4719,4642,3/12/2016,10
4720,4663,2/25/2016,10
4720,4663,2/20/2016,25
4721,4662,2/25/2016,25
4721,4662,3/4/2016,10
4733,4856,4/8/2016,NULL
4734,4853,4/16/2016,NULL
4735,4854,5/7/2016,NULL
4736,4701,5/7/2016,30
4736,4701,5/7/2016,30
4736,4701,5/7/2016,10
4737,4700,5/20/2016,NULL
4739,4870,3/22/2016,18
4739,4870,3/28/2016,15
4740,4873,3/17/2016,18
4741,4872,3/25/2016,18
4742,4871,3/28/2016,18
4742,4871,3/28/2016,15
4743,4651,3/21/2016,25
4743,4651,3/28/2016,10
4744,4651,3/25/2016,20
4744,4651,4/8/2016,10
