Registro;Time;Best_Fitness_Promedio
0;2,924159765;14434604,45
1;2,794202805;12785798,51
2;2,883585215;14604254,75
3;2,73664546;14970359,38
4;2,693626404;15022611,38
5;2,705146074;14210464,83
6;2,75433135;12670973,98
7;2,597024441;12301342,93
8;2,624819994;15732378,14
9;3,030133247;14403328,81
10;2,840023279;14634375,95
11;2,573463678;12849758,29
12;2,603449583;14991109,65
13;2,856472969;14617275,28
14;2,723111629;14754079,39
15;2,712996721;14721953,59
16;2,491105318;14734106,65
17;2,93184185;14333708,96
18;2,754234314;12400268,18
19;2,733038664;14369953,96
20;2,545341253;15373033,78
21;2,944852591;12901740,48
22;3,226447582;17846547,68
23;2,604822397;14684651,07
24;2,612141609;16479261,89
25;2,984635115;17396011,87
26;2,914711952;14489813,99
27;2,933596134;14938230,86
28;2,713892221;16092708,6
29;3,10735321;14934238,2
30;3,323225498;16568626,44
31;2,563955069;14786664,18
32;2,577662468;15033489,09
33;3,113247156;15472461,96
34;3,099845886;16978378,71
35;2,716841698;12040842,79
36;2,735412121;14411432,98
37;3,232466698;15576386,55
38;3,044559479;15235933,16
39;2,863163471;16122439,99
40;2,817683935;13802204,81
41;3,205447912;14090209,22
42;3,172613144;15544447,2
43;2,712491512;15137344,95
44;2,701446295;15798475,47
45;3,095430851;14990594,59
46;2,926839828;14658111,93
47;2,678077459;13384987,81
48;2,561517;13637732,94
49;3,349446535;15460474,01
50;2,712717772;16570461,37
51;2,817828655;16386121,27
52;3,031578302;15919189,99
53;3,165865183;14883787,29
54;2,751660585;15224371,38
55;2,625945568;13336147,71
56;2,701060534;15504131,49
57;3,297432899;13610964
58;2,820854664;18213076,26
59;2,575106382;17772498,64
60;2,787216425;18096654,02
61;3,176896572;18916394,39
62;2,825601578;13917956,55
63;2,703159809;13618761,95
64;2,762072563;14522973,66
65;3,523785591;12749197,97
66;2,864442587;19209611,6
67;3,190714121;17112610,58
68;2,898792744;16924016,77
69;3,055250645;12405219,02
70;2,627515793;12583141,67
71;2,699585199;16805097,52
72;2,908759117;12406452,05
73;3,147978067;12941359,25
74;2,867089272;11448278,54
75;2,575342655;11405975,04
76;3,469280243;9853731,53
77;3,010476828;13807318,75
78;2,621764421;16937878,96
79;2,599903345;17120001,79
80;3,789299011;9649269,84
81;3,263073206;14313851,49
82;2,585289478;20216394,88
83;2,831981897;19598969,53
84;2,989349365;13344809,7
85;3,217298985;15034333,14
86;2,54741168;20329645,56
87;2,841711998;19341040,83
88;3,00836277;17496966,01
89;3,361453056;16022311,85
90;3,262650967;10083296,84
91;3,822310448;13007625,3
92;3,227814913;19033959,43
93;2,572119236;20297811,14
94;3,228821993;12392979,61
95;3,711350679;12706380,7
96;2,699569941;14241189,46
97;2,633967161;12281707,93
98;3,693675995;15492383,39
99;2,615000725;19396258,11
100;2,64679122;16628984,7
101;2,761291504;15216076,92
102;3,087964535;14334474,54
103;3,365011215;8854105,64
104;2,770220995;15913432,52
105;3,21252203;17625558,48
106;3,758947372;16589350,92
107;3,164330721;17632792,69
108;2,531932592;13667392,21
109;2,666777372;19860579,63
110;3,604440212;9497602,7
111;2,982275963;14362906,82
112;2,864708662;18626266,19
113;3,121417284;13264134,87
114;3,499882698;17133274,49
115;2,689453602;16028544,84
116;2,549874306;19529703,16
117;2,803503752;14869158,64
118;3,461194038;17335005,57
119;3,23789072;11438730,24
120;1,439094543;14078704,97
121;2,73350215;10837609,33
122;3,015646458;19593652,11
123;2,602159977;18565220,4
124;2,890735388;14390597,69
125;2,839651346;18476294,01
126;2,914638042;15168515,4
127;3,230304241;15591482,01
128;2,598011017;14385690,04
129;3,477622986;9884831,05
130;3,434951067;14060264,19
131;2,488141298;19489928,35
132;1,452702045;8245404,46
133;3,375727892;11781344,96
134;3,595980883;12350230,89
135;2,509870291;12712634,22
136;2,940560341;18304125,42
137;2,720671892;19986594,51
138;2,871971607;17478871,44
139;2,670351505;18024819,17
140;2,694919109;15878807,51
141;2,525724649;12768002,26
142;2,940679789;19671075,99
143;2,628512144;12342896,25
144;2,682275534;12639899,54
145;2,4871912;12823179,6
146;3,57293582;15828470,56
147;3,220833302;18898027,34
148;3,398046732;12370973,95
149;3,606460094;12225206,21
150;3,386479378;10956339,64
151;1,613342285;12633144,02
152;3,282988787;15872365,28
153;3,61996603;15159960,86
154;3,240573168;15646581,38
155;3,374182701;16268615,34
156;3,22746563;16186339,45
157;3,654814243;14976713,18
158;3,387043476;15631841,64
159;3,702878714;17773090,67
160;3,487807274;15515142,29
161;3,259300947;15736232,51
162;3,565284967;16017655,51
163;3,378208876;16816171,19
164;3,310679436;17729434,01
165;3,173477411;15176049,34
166;1,817282915;16119558,08
167;3,399035454;16545205,78
168;3,232146978;17768593,33
169;3,253360271;19162800,11
170;3,714844704;17255339,89
171;3,476769924;16923267,86
172;3,242150307;18937115,6
173;3,524771452;17894485,44
174;3,378964901;17901244,36
175;3,222405195;16222452,57
176;3,599331856;17251191,95
177;3,636188745;18346252,25
178;3,259193897;18131186,41
179;3,246738195;18226943,87
180;3,785002947;18111303,94
181;3,463917971;18084292,84
182;3,259023428;16216795,8
183;3,581727982;16266761,7
184;3,40632534;16171395,1
185;3,319206715;15425534,16
186;1,443453074;16824463,24
187;1,661717653;14697755,68
188;2,967039108;16828271,89
189;3,237141132;10074478,17
190;3,209846497;13002942,3
191;3,804270029;9486313,34
192;3,201035738;12546233,17
193;3,407752752;12360077,45
194;1,465332031;11746585,37
195;3,781897306;15375551,35
196;3,326886654;17426112,79
197;3,217347145;16979913,49
198;1,419509649;14953000,27
199;3,786129475;18499478,34
200;3,243490934;16536617,73
201;3,244293451;17282167,8
202;3,730290651;20453968,42
203;3,416649818;16694815,14
204;3,28658843;18216462,58
205;3,285892487;18101334,09
206;3,711322069;17635163,53
207;3,285880566;19119928,18
208;3,295652151;19533325,58
209;3,767861366;19277987
210;3,234863997;19499561,53
211;3,3148458;16895400,04
212;3,928515434;17265498,05
213;3,222676039;12827304,36
214;3,495192289;9837032,55
215;3,782630444;10442215,14
216;3,341924906;9894491,46
217;3,280359268;10316150,76
218;3,275055885;11885343,13
219;3,790648699;8141013,88
220;3,205687523;9804196,37
221;2,553154707;13445941,79
222;2,865149021;9418750,41
223;3,493383169;11696286,04
224;3,292412043;9461470,31
225;3,284046412;15125131,68
226;3,957177401;10108026,42
227;3,343014479;12632235,11
228;3,304777861;9596206,72
229;3,818113327;10547873,05
230;3,274802685;10257344,67
231;3,22390604;9423906,41
232;3,533466101;12360471,71
233;3,415577888;13370545,69
234;3,279569864;12175159,33
235;3,352449894;13778075,5
236;3,730336905;12685493,19
237;3,290138006;13168736,5
238;1,455439806;9067477,31
239;3,832385302;9044007,73
240;1,458643913;11696988,81
241;3,199362755;12466871,02
242;2,642929554;13036834,68
243;3,674851894;16230271,34
244;3,471333981;15224076,36
245;3,275847435;13547514,11
246;3,409101248;15933643,35
247;3,605991364;14175014,28
248;3,365903854;15941416,98
249;3,457484245;16302397,16
250;3,659878016;16417258,9
251;3,269880533;15267158,89
252;3,355048895;14952536,79
253;1,496653557;14560675,08
254;3,612908602;16172235,08
255;3,256370068;14848796,98
256;1,436074972;12172921,6
257;3,394466877;12793215,21
258;3,609719753;15594658,47
259;1,478533268;14631654,26
260;3,27451992;13364248,98
261;1,664753675;12421254,84
262;1,487133026;14887815,92
263;3,634825468;15705038,19
264;3,355565071;15270713,08
265;3,395435572;16380179,4
266;3,570382357;17656019,64
267;3,173417091;15713140,06
268;3,495325565;18342005,59
269;3,410160303;17417338,2
270;3,507637739;19208705,7
271;3,251403332;20687685,26
272;3,458765745;16775534,97
273;3,603081226;19130726,17
274;3,187255383;14464576,47
275;3,358355761;16850683,7
276;3,378217697;16719436,07
277;2,622088909;12089549,66
278;3,263866901;10250108,06
279;3,275175095;10873001,17
280;3,536902428;18686006,88
281;3,364174843;17832614,32
282;3,192389727;17860841,86
283;3,333298922;11342072,03
284;2,724291801;11857080,51
285;2,630436659;14310605,02
286;1,415780306;13240061,7
287;3,18516016;13409691,63
288;3,043728352;15416371,7
289;3,369142294;13786156,43
290;3,253432035;8783608,5
291;3,357917309;18148639,22
292;2,721764565;19406441,16
293;2,801316261;12755693,52
294;2,690388918;19922687,46
295;1,392035007;16742753,74
296;3,002099752;16161059,65
297;2,574452877;14390096,07
298;2,500300646;14310808,18
299;2,656595469;14293650,94
300;3,012639761;15598088,67
301;2,703012228;19829573,62
302;2,526228666;14389285,98
303;2,711533546;11898556,18
304;2,705923796;13150767,55
305;2,970073938;11332328,09
306;2,439213514;14546138,24
307;2,424321651;15157909,56
308;2,692039967;14057087,2
309;3,027095318;18063985,22
310;2,758980751;13610956,82
311;2,425387621;17865751,5
312;2,592771769;17885556,08
313;3,358277559;18588963,04
314;3,130617857;12089598,21
315;2,496287346;18393027,09
316;2,553888083;19207918,74
317;2,463472843;17262342,11
318;2,474388361;11343966,33
319;3,326858759;15838195,21
320;2,876295805;19056543,03
321;2,694607735;14595164,23
322;2,489439964;17416270,67
323;2,763275862;14968995,97
324;2,968430996;17620726,3
325;3,123330116;16651593,42
326;2,599289179;13188582,1
327;2,66008091;14583424,83
328;3,029889584;15104964,52
329;3,11145854;11780505,29
330;2,433107138;18288064,89
331;2,765864134;18868644,92
332;2,951301575;13215164,8
333;3,148221731;13952217,16
334;2,838550091;17764990,78
335;2,53705287;10702519,36
336;3,077630043;18627930,43
337;3,104025126;13980393,95
338;2,875436068;17776112,66
339;3,122680902;18835444,79
340;2,904729605;9357474,56
341;2,473489523;12977367,99
342;2,818348408;14108814,31
343;2,673005104;12864316,87
344;3,115858555;16761964,46
345;3,354406834;15603445,81
346;2,744078875;16717541,51
347;2,495154858;12754989,64
348;3,098517418;14371201,58
349;2,541377783;18661487,65
350;3,001304388;18081578,73
351;2,582692623;17180953,75
352;3,175152779;14938801,44
353;2,581917524;13073015,46
354;2,917999744;15993945,22
355;2,726638317;16228834,34
356;2,91171813;13893743,76
357;2,580536366;13827845,02
358;3,099832058;19932080,21
359;2,547831535;19435511,26
360;2,842763424;18029273,83
361;2,687074661;18983991,65
362;2,779927731;19633909,02
363;3,003614664;18702346,6
364;2,811274767;17810302,53
365;2,757404089;18050267,7
366;2,786879539;18864561,86
367;2,625853777;19969169,43
368;2,579212189;17687662,56
369;2,920452595;19071543,72
370;2,67964983;19328359,29
371;2,529990673;19966644,31
372;2,556539297;19530507,85
373;2,961653471;18439390,2
374;2,746342659;17607346,14
375;2,659840345;19565786,24
376;2,585664511;19628352,2
377;2,947219849;18990453,62
378;3,116429329;20000763,83
379;2,544476271;18560708,4
380;2,533601522;19214682,81
381;3,009707212;19533109,07
382;2,754027367;18716948,63
383;2,586627483;19331339,93
384;2,521054983;19735751,77
385;2,695656061;18935781,09
386;2,977980614;18426149,06
387;2,638225794;19483995,47
388;2,666008949;19821748,74
389;2,723686218;18166137,73
390;3,067527533;18645565,82
391;2,601581812;17234391,53
392;2,772176027;19784810,32
393;2,631088495;19114399,41
394;2,220188141;16932236,95
395;2,55480504;13407535,11
