,ID_LOTE,DivisionCadenas
0,40,"['FAr', 'FrL', 'FA']"
1,43,"['FAr', 'FAr', 'ArL']"
2,44,"['FAr', 'FAr', 'AF']"
3,45,"['FAr', 'FrL', 'FrL']"
4,46,"['FAr', 'FAr', 'FrL']"
5,47,"['FAr', 'FAr', 'FrL']"
6,51,"['FAr', 'ArA', 'Ar']"
7,268,"['FAr', 'FAr', 'FAr']"
8,269,"['FAr', 'FA', 'L']"
9,270,"['FAr', 'FAr', 'L']"
10,271,"['FAr', 'ArA', 'FrL']"
11,272,"['FAr', 'FAr', 'FrL']"
12,273,"['FAr', 'FAr', 'FA']"
13,274,"['FAr', 'Ar', 'FrL']"
14,276,"['FAr', 'FrL']"
15,277,"['FAr', 'FrL']"
16,278,"['FAr', 'FA', 'FrL']"
17,469,"['Ar', 'FrL']"
18,470,"['Ar', 'FrL']"
19,471,"['Ar', 'FrL']"
20,475,"['Ar', 'Ar', 'ArL']"
21,478,"['Ar', 'Ar']"
22,479,"['Ar', 'FrL']"
23,480,['FrL']
24,484,"['Ar', 'Ar']"
25,485,['Ar']
26,514,"['Ar', 'Ar']"
27,515,['Ar']
28,651,"['Ar', 'FrL']"
29,653,"['Ar', 'FrL']"
30,654,['FrL']
31,665,"['Ar', 'FrL']"
32,666,"['Ar', 'ArA']"
33,667,"['Ar', 'ArL']"
34,668,"['FrL', 'FrL']"
35,669,"['FrL', 'FrL']"
36,670,"['Ar', 'FrL']"
37,672,"['Ar', 'Ar']"
38,674,"['L', 'FrL']"
39,676,"['Ar', 'Ar']"
40,680,"['Ar', 'Ar']"
41,681,"['Ar', 'Ar']"
42,682,"['Ar', 'Ar']"
43,683,"['Ar', 'Ar']"
44,689,"['Ar', 'Ar']"
45,690,"['FA', 'FAr']"
46,692,"['Ar', 'Ar']"
47,693,"['Ar', 'Ar']"
48,694,"['L', 'ArL']"
49,696,"['ArL', 'Ar']"
50,697,"['Ar', 'Ar']"
51,699,"['FrL', 'Ar']"
52,700,"['Ar', 'Ar']"
53,701,"['Ar', 'Ar']"
54,702,"['Ar', 'Ar']"
55,703,"['Ar', 'Ar']"
56,704,"['Ar', 'Ar']"
57,705,"['ArL', 'Ar']"
58,706,"['Ar', 'Ar']"
59,710,"['Ar', 'FrL']"
60,711,"['Ar', 'Ar']"
61,712,"['Ar', 'Ar']"
62,714,"['Ar', 'Ar']"
63,716,"['Ar', 'Ar']"
64,717,"['Ar', 'Ar']"
65,1547,"['AF', 'FA']"
66,1548,"['FA', 'FA']"
67,1549,"['FAr', 'Ar']"
68,1550,"['Ar', 'FrL']"
69,1555,"['Ar', 'Ar']"
70,1575,"['Ar', 'Ar']"
71,1576,"['L', 'Ar']"
72,1789,"['L', 'FrL']"
73,1790,"['FAr', 'FrL']"
74,1792,"['FAr', 'FAr', 'FA']"
75,1793,"['FAr', 'FA']"
76,1794,"['FAr', 'F']"
77,1795,"['L', 'FrL']"
78,1796,"['ArL', 'L']"
79,1797,"['L', 'FrL']"
80,1798,"['FAr', 'FA']"
81,1799,"['FAr', 'FA']"
82,1800,"['FA', 'F']"
83,1801,"['FrL', 'ArL', 'ArL']"
84,1803,"['Ar', 'FAr', 'FrL']"
85,1804,"['L', 'L', 'FAr']"
86,1805,"['L', 'FAr', 'FrL', 'FrL']"
87,1812,"['L', 'FrL']"
88,1814,"['ArL', 'L']"
89,1815,"['FAr', 'FAr', 'FAr']"
90,1816,"['FAr', 'FAr']"
91,1818,"['FAr', 'FAr', 'FAr']"
92,1819,"['FAr', 'FAr']"
93,1820,"['FrL', 'L']"
94,1822,"['FAr', 'FrL']"
95,1823,"['L', 'L', 'L']"
96,1824,"['FAr', 'FrL']"
97,1825,"['FAr', 'FAr']"
98,1826,"['FAr', 'ArA']"
99,1827,"['ArL', 'FAr']"
100,1828,"['FAr', 'FAr']"
101,1829,"['F', 'FrL']"
102,1830,"['FAr', 'FrL', 'FAr']"
103,1831,"['FAr', 'ArL']"
104,1833,"['L', 'FrL']"
105,1871,"['FAr', 'FAr']"
106,1872,"['FAr', 'FA']"
107,1879,"['FAr', 'F']"
108,1880,"['FAr', 'FA']"
109,1881,"['FrL', 'L']"
110,1884,"['FAr', 'FAr']"
111,1886,"['FrL', 'F']"
112,1887,"['ArL', 'FrL']"
113,1889,"['FAr', 'F']"
114,1891,"['FAr', 'F']"
115,1894,"['FAr', 'F']"
116,1897,"['FrL', 'F']"
117,1898,"['F', 'FA']"
118,1899,"['FAr', 'F']"
119,1902,"['FAr', 'ArL', 'ArL']"
120,1903,"['ArL', 'Ar']"
121,1904,"['F', 'Ar']"
122,1905,"['FAr', 'FA']"
123,1906,"['FAr', 'FA']"
124,1907,"['FAr', 'FAr']"
125,1908,"['FAr', 'FAr']"
126,1909,"['FAr', 'FA']"
127,1910,"['FAr', 'FA']"
128,1911,"['FAr', 'FAr']"
129,1912,"['FAr', 'FAr', 'FAr']"
130,1913,"['FAr', 'FAr']"
131,1915,"['FrL', 'FrL']"
132,1917,"['FrL', 'FAr']"
133,1918,"['FAr', 'FrL']"
134,1919,"['FrL', 'FrL']"
135,1920,"['FAr', 'FAr']"
136,1921,"['F', 'FAr']"
137,1923,"['ArL', 'FrL', 'L']"
138,1925,"['FAr', 'FrL']"
139,1926,"['FAr', 'L', 'FrL']"
140,1927,"['FrL', 'FAr']"
141,1929,"['FAr', 'FrL', 'FrL']"
142,1932,"['FAr', 'F']"
143,1933,"['F', 'FA']"
144,1934,"['FAr', 'F']"
145,1935,"['F', 'FAr']"
146,1936,"['FAr', 'F']"
147,1937,"['Ar', 'FAr']"
148,1938,"['F', 'FA']"
149,1939,"['F', 'FA']"
150,1940,"['Ar', 'FAr']"
151,1946,"['FAr', 'FAr']"
152,1947,"['FAr', 'FAr']"
153,1948,"['FAr', 'FA']"
154,1950,"['FAr', 'FAr']"
155,1952,"['FAr', 'FAr']"
156,1953,"['FAr', 'FAr']"
157,1954,"['FAr', 'FAr']"
158,1955,"['FAr', 'FAr', 'ArA']"
159,1961,"['ArA', 'FA']"
160,1962,"['Ar', 'FA']"
161,1966,"['FAr', 'F']"
162,1968,"['FAr', 'F']"
163,1976,['L']
164,1977,"['FrL', 'L']"
165,1978,"['FAr', 'ArA']"
166,1980,"['FAr', 'ArL']"
167,1981,"['ArL', 'FAr']"
168,1983,"['FrL', 'L', 'L']"
169,1984,"['FrL', 'F']"
170,1985,"['FAr', 'FAr']"
171,1987,"['FrL', 'FAr']"
172,1988,"['FAr', 'FAr']"
173,1989,"['L', 'FrL']"
174,1992,"['FAr', 'ArL']"
175,1997,"['ArL', 'FAr']"
176,1998,"['ArA', 'FAr']"
177,2000,"['FAr', 'Ar']"
178,2003,"['FAr', 'FAr']"
179,2004,"['FAr', 'FAr', 'FA']"
180,2005,"['FAr', 'FAr']"
181,2006,"['FAr', 'FAr']"
182,2007,"['FAr', 'FAr']"
183,2008,"['FAr', 'FAr']"
184,2009,"['FrL', 'FA']"
185,2025,"['Ar', 'FAr']"
186,2027,"['FAr', 'FA']"
187,2030,"['FAr', 'F']"
188,2031,"['FAr', 'F']"
189,2032,"['Ar', 'FAr']"
190,2034,"['FAr', 'F']"
191,2035,"['ArL', 'L']"
192,2036,"['FrL', 'FA']"
193,2038,"['FAr', 'F']"
194,2039,"['FrL', 'F']"
195,2040,"['FrL', 'FA']"
196,2041,"['Ar', 'F']"
197,2043,"['Ar', 'F']"
198,2044,"['ArA', 'A']"
199,2045,"['Ar', 'FAr']"
200,2046,"['FAr', 'FA']"
201,2048,"['FAr', 'F']"
202,2049,"['Ar', 'F']"
203,2050,"['Ar', 'FA']"
204,2052,"['Ar', 'FA']"
205,2053,"['Ar', 'FA']"
206,2054,"['Ar', 'FAr']"
207,2055,"['FrL', 'FA']"
208,2056,"['Ar', 'FA']"
209,2057,"['Ar', 'FA']"
210,2081,"['FAr', 'FAr']"
211,2082,"['FAr', 'FA']"
212,2091,"['FAr', 'FA']"
213,2092,"['FAr', 'FAr']"
214,2093,"['FAr', 'FA']"
215,2094,"['FAr', 'FAr', 'FA']"
216,2095,"['FAr', 'FA']"
217,2096,"['FAr', 'FAr']"
218,2097,"['ArL', 'FAr', 'FAr']"
219,2099,"['FrL', 'FAr']"
220,2100,"['FAr', 'FAr']"
221,2101,"['FAr', 'FAr']"
222,2102,"['FrL', 'FAr']"
223,2111,"['FrL', 'L', 'FrL']"
224,2112,"['ArL', 'ArL']"
225,2113,"['FAr', 'Ar']"
226,2154,"['FAr', 'FAr']"
227,2155,"['FAr', 'FAr']"
228,2157,"['FAr', 'FAr']"
229,2171,"['FrL', 'FrL']"
230,2172,"['FAr', 'FAr']"
231,2173,"['FrL', 'L']"
232,2174,['F']
233,2175,"['FrL', 'L']"
234,2176,"['FAr', 'Ar']"
235,2194,"['FrL', 'F']"
236,2200,"['Ar', 'F']"
237,2201,"['Ar', 'FAr']"
238,2202,"['Ar', 'FAr']"
239,2203,"['Ar', 'FAr']"
240,2204,"['Ar', 'FA']"
241,2205,"['Ar', 'FAr']"
242,2206,"['Ar', 'FA']"
243,2207,"['Ar', 'FAr']"
244,2208,"['Ar', 'FAr']"
245,2209,"['Ar', 'F']"
246,2210,"['Ar', 'FAr']"
247,2211,"['Ar', 'FAr']"
248,2212,"['Ar', 'FAr']"
249,2213,"['FAr', 'F']"
250,2214,"['Ar', 'Ar', 'FAr']"
251,2215,"['Ar', 'F']"
252,2216,"['ArA', 'F']"
253,2257,"['FAr', 'Ar']"
254,2258,"['FAr', 'ArA']"
255,2262,"['F', 'FAr']"
256,2263,"['Ar', 'Ar']"
257,2265,['F']
258,2274,"['Ar', 'FAr']"
259,2275,"['Ar', 'F']"
260,2276,"['Ar', 'ArA']"
261,2277,"['FrL', 'FrL']"
262,2278,"['FA', 'ArA']"
263,2280,"['Ar', 'FA']"
264,2282,"['Ar', 'FAr']"
265,2283,"['Ar', 'ArA']"
266,2284,"['FAr', 'Ar']"
267,2285,"['FAr', 'F']"
268,2286,"['ArA', 'ArL']"
269,2287,"['ArA', 'A']"
270,2288,"['Ar', 'FAr']"
271,2308,['ArL']
272,2318,"['Ar', 'ArA']"
273,2319,"['Ar', 'ArA']"
274,2320,"['FAr', 'F']"
275,2321,"['Ar', 'FAr']"
276,2322,"['Ar', 'FAr']"
277,2326,"['F', 'FAr']"
278,2327,"['FAr', 'Ar']"
279,2328,"['F', 'FAr']"
280,2329,"['F', 'F']"
281,2333,"['L', 'L']"
282,2336,"['FAr', 'FrL']"
283,2338,"['FAr', 'ArL']"
284,2340,"['FAr', 'FAr']"
285,2341,"['FAr', 'FAr']"
286,2357,"['FAr', 'FAr']"
287,2359,"['FAr', 'FAr']"
288,2360,"['FAr', 'FAr']"
289,2361,"['FAr', 'FAr']"
290,2363,"['FAr', 'FAr']"
291,2364,"['FAr', 'FAr']"
292,2375,"['FAr', 'FAr']"
293,2376,"['FAr', 'FAr']"
294,2379,"['Ar', 'ArA']"
295,2383,"['Ar', 'FAr']"
296,2387,"['FAr', 'L']"
297,2391,"['FrL', 'L']"
298,2397,"['FAr', 'FAr']"
299,2400,"['FAr', 'FA']"
300,2401,"['FAr', 'FAr']"
301,2402,"['FAr', 'FAr']"
302,2422,"['FAr', 'FAr']"
303,2436,"['FAr', 'FAr']"
304,2437,"['FAr', 'FAr', 'FA']"
305,2438,"['FAr', 'FAr', 'FA']"
306,2439,"['FAr', 'FA']"
307,2440,"['FAr', 'FAr']"
308,2444,"['FAr', 'FAr']"
309,2445,"['FAr', 'FAr', 'AF']"
310,2446,"['FAr', 'FAr']"
311,2448,"['FAr', 'FAr']"
312,2449,"['FAr', 'FAr']"
313,2450,"['FAr', 'FAr']"
314,2454,"['FAr', 'FAr']"
315,2457,"['FAr', 'FAr']"
316,2458,"['FAr', 'FAr']"
317,2459,"['FAr', 'FAr']"
318,2460,"['FAr', 'FA']"
319,2463,"['FAr', 'FAr']"
320,2464,"['FAr', 'FAr']"
321,2465,"['FAr', 'FAr']"
322,2468,"['FAr', 'FA']"
323,2474,"['FAr', 'FA']"
324,2475,"['FAr', 'FA']"
325,2477,"['FAr', 'FAr']"
326,2478,"['FAr', 'FA']"
327,2479,"['FAr', 'FAr']"
328,2481,"['Ar', 'FAr']"
329,2482,"['FAr', 'F']"
330,2483,['F']
331,2484,"['FrL', 'FrL']"
332,2485,"['FAr', 'F']"
333,2486,"['FrL', 'FrL']"
334,2487,"['F', 'F']"
335,2488,['F']
336,2490,['FrL']
337,2491,"['F', 'FAr']"
338,2492,['FrL']
339,2494,"['FAr', 'FA']"
340,2495,"['F', 'F']"
341,2498,"['Ar', 'FAr']"
342,2499,['Ar']
343,2500,"['FAr', 'F']"
344,2502,"['F', 'F']"
345,2503,"['F', 'FAr']"
346,2504,"['FAr', 'FAr', 'FAr']"
347,2506,"['FAr', 'FAr', 'FA']"
348,2513,"['FAr', 'FAr']"
349,2514,"['FAr', 'FAr']"
350,2515,"['FAr', 'FAr']"
351,2516,"['FAr', 'FA']"
352,2517,"['FAr', 'FAr']"
353,2540,"['FrL', 'FrL']"
354,2541,"['F', 'F']"
355,2543,"['FrL', 'FrL']"
356,2544,['F']
357,2545,"['F', 'F']"
358,2607,"['AF', 'FA']"
359,2609,"['FA', 'FA']"
360,2610,"['FAr', 'Ar']"
361,2611,"['Ar', 'FrL']"
362,2612,"['Ar', 'Ar']"
363,2613,"['Ar', 'Ar']"
364,2614,"['L', 'Ar']"
365,2618,['Ar']
366,2619,"['F', 'F']"
367,2626,"['FAr', 'FAr']"
368,2628,"['FAr', 'FAr']"
369,2629,"['FrL', 'L']"
370,2630,"['FrL', 'L']"
371,2631,"['Ar', 'FAr']"
372,2632,"['Ar', 'FAr']"
373,2633,['FAr']
374,2634,"['Ar', 'Ar']"
375,2635,"['FrL', 'L']"
376,2636,"['FrL', 'FrL']"
377,2637,"['FrL', 'L']"
378,2638,"['L', 'L']"
379,2639,['F']
380,2641,['FrL']
381,2642,"['FAr', 'Ar']"
382,2643,['F']
383,2644,"['FrL', 'FrL']"
384,2645,"['FAr', 'FAr']"
385,2646,"['FrL', 'L']"
386,2659,"['FrL', 'FrL']"
387,2660,"['F', 'F']"
388,2663,['L']
389,2664,"['FrL', 'L']"
390,2665,"['FAr', 'Ar']"
391,2675,"['F', 'F']"
392,2677,"['L', 'L']"
393,2678,"['FrL', 'L']"
394,2679,"['FAr', 'FAr']"
395,2680,['FrL']
396,2681,"['FrL', 'FrL']"
397,2682,['F']
398,2684,['FAr']
399,2686,"['FrL', 'L']"
400,2687,"['FAr', 'Ar']"
401,2688,"['FrL', 'FrL']"
402,2689,"['F', 'F']"
403,2691,"['FAr', 'Ar']"
404,2693,['FrL']
405,2746,"['FAr', 'F']"
406,2766,"['Ar', 'FAr']"
407,2770,"['Ar', 'FAr']"
408,2771,"['Ar', 'FAr']"
409,2772,"['Ar', 'FAr']"
410,2773,"['ArL', 'F']"
411,2818,"['FAr', 'Ar']"
412,2827,"['FAr', 'FA']"
413,2841,"['FAr', 'ArL']"
414,2842,"['ArL', 'FrL']"
415,2843,"['FA', 'ArA']"
416,2853,"['FrL', 'F']"
417,2895,"['Ar', 'FAr']"
418,2896,"['Ar', 'F']"
419,2897,"['Ar', 'F']"
420,2898,"['Ar', 'F']"
421,2899,"['FAr', 'F']"
422,2900,"['FAr', 'Ar']"
423,2901,"['Ar', 'FAr']"
424,2902,"['Ar', 'F']"
425,2903,"['FAr', 'F']"
426,2904,"['Ar', 'F']"
427,2905,"['Ar', 'FAr']"
428,2908,"['FAr', 'FAr', 'FAr']"
429,2909,"['FAr', 'FAr', 'FAr']"
430,2910,"['FAr', 'FAr', 'FAr']"
431,2912,"['Ar', 'F']"
432,2913,"['Ar', 'FAr']"
433,2914,"['Ar', 'FAr']"
434,2916,"['FAr', 'FAr', 'FAr']"
435,2917,"['FAr', 'FAr', 'FAr']"
436,2918,"['FAr', 'FAr', 'FAr']"
437,2919,"['FAr', 'FAr', 'FAr']"
438,2920,"['Ar', 'F']"
439,2921,"['Ar', 'F']"
440,2922,"['Ar', 'F']"
441,2923,"['Ar', 'F']"
442,2924,"['Ar', 'FAr']"
443,2925,"['Ar', 'FAr']"
444,2926,"['Ar', 'FAr']"
445,2927,"['ArL', 'FAr']"
446,2928,"['Ar', 'FAr']"
447,2930,"['Ar', 'FAr']"
448,2931,"['Ar', 'F']"
449,2932,"['Ar', 'F']"
450,2933,"['Ar', 'F']"
451,2934,"['Ar', 'FAr']"
452,2935,"['F', 'Ar']"
453,2936,"['Ar', 'F']"
454,2937,"['Ar', 'F']"
455,2938,"['Ar', 'FAr']"
456,2939,"['Ar', 'FAr']"
457,2940,"['Ar', 'F']"
458,2941,"['Ar', 'F']"
459,2942,"['Ar', 'F']"
460,2943,"['Ar', 'F']"
461,2944,"['Ar', 'F']"
462,2946,"['Ar', 'F']"
463,2947,"['Ar', 'F']"
464,2948,"['Ar', 'FAr']"
465,2950,"['FAr', 'F']"
466,2951,"['Ar', 'FAr']"
467,2957,['FAr']
468,2958,"['FAr', 'FAr', 'FAr']"
469,2976,"['Ar', 'F']"
470,2977,"['Ar', 'F']"
471,2979,"['Ar', 'FAr']"
472,2980,"['Ar', 'FAr']"
473,2982,"['Ar', 'FAr']"
474,2983,"['Ar', 'FAr']"
475,2984,"['Ar', 'FAr']"
476,2985,"['Ar', 'FAr']"
477,2997,"['FAr', 'F']"
478,2998,"['Ar', 'FAr']"
479,2999,"['Ar', 'F']"
480,3000,"['Ar', 'FrL']"
481,3016,"['Ar', 'F']"
482,3017,"['Ar', 'FAr']"
483,3018,"['Ar', 'F']"
484,3019,"['Ar', 'FrL']"
485,3020,"['Ar', 'F']"
486,3031,"['FAr', 'FAr']"
487,3032,"['FAr', 'FAr']"
488,3033,"['FAr', 'FAr']"
489,3034,"['FAr', 'ArA']"
490,3035,"['FAr', 'FAr']"
491,3036,"['FAr', 'FAr']"
492,3037,"['FAr', 'FAr', 'FAr']"
493,3038,"['FAr', 'FAr', 'FA']"
494,3039,"['FAr', 'FAr', 'FA']"
495,3040,"['FAr', 'FAr', 'FA']"
496,3041,"['FAr', 'FAr', 'FA']"
497,3042,"['FAr', 'FAr', 'FA']"
498,3043,"['FAr', 'FAr', 'FA']"
499,3045,"['FAr', 'FAr', 'FA']"
500,3046,"['Ar', 'FAr']"
501,3047,"['Ar', 'F']"
502,3048,"['Ar', 'F']"
503,3049,"['FAr', 'F']"
504,3050,"['FAr', 'Ar']"
505,3051,"['Ar', 'FAr']"
506,3052,"['FAr', 'F']"
507,3053,"['FAr', 'F']"
508,3054,"['FAr', 'F']"
509,3055,"['Ar', 'F']"
510,3057,"['Ar', 'FrL']"
511,3058,"['Ar', 'F']"
512,3059,"['Ar', 'FAr']"
513,3060,"['Ar', 'FrL']"
514,3061,"['Ar', 'FA']"
515,3062,"['Ar', 'FAr']"
516,3063,"['Ar', 'FAr']"
517,3064,"['Ar', 'FrL']"
518,3065,"['Ar', 'FrL']"
519,3066,"['Ar', 'F']"
520,3507,"['FAr', 'FAr']"
521,3516,"['FAr', 'FAr']"
522,3517,"['FAr', 'FAr']"
523,3518,"['FAr', 'FAr']"
524,3540,"['ArL', 'L']"
525,3559,"['Ar', 'F']"
526,3569,"['FAr', 'ArA']"
527,3571,"['FAr', 'Ar']"
528,3582,"['FAr', 'FAr']"
529,3586,"['FAr', 'FAr']"
530,3631,"['Ar', 'F']"
531,3632,"['Ar', 'FAr']"
532,3633,"['FAr', 'F']"
533,3642,"['Ar', 'FAr']"
534,3643,"['Ar', 'FAr']"
535,3644,"['FAr', 'Ar']"
536,3667,"['FAr', 'FA']"
537,3668,"['FAr', 'F']"
538,3671,"['FrL', 'F']"
539,3672,"['Ar', 'FAr']"
540,3673,"['FrL', 'FA']"
541,3675,"['Ar', 'FAr']"
542,3677,"['FAr', 'Ar']"
543,3679,"['FAr', 'F']"
544,3680,"['Ar', 'FA']"
545,3681,"['L', 'FrL']"
546,3682,"['Ar', 'FA']"
547,3683,"['Ar', 'FAr']"
548,3684,"['FAr', 'FA']"
549,3685,"['FAr', 'F']"
550,3686,"['FAr', 'F']"
551,3692,"['FAr', 'FAr']"
552,3693,"['FAr', 'FAr']"
553,3694,"['FAr', 'FAr']"
554,3695,"['FAr', 'FAr']"
555,3696,"['FAr', 'FAr']"
556,3697,"['FAr', 'FAr', 'FAr']"
557,3698,"['FAr', 'FAr', 'FAr']"
558,3699,"['FAr', 'FAr', 'FAr']"
559,3700,"['FAr', 'FA']"
560,3701,"['FAr', 'FAr']"
561,3710,"['FAr', 'FAr']"
562,3715,"['FAr', 'FAr']"
563,3716,"['FAr', 'FA']"
564,3717,"['FAr', 'FAr']"
565,3718,"['FAr', 'FAr']"
566,3719,"['FAr', 'FAr']"
567,3720,"['AF', 'FAr']"
568,3724,"['Ar', 'FAr']"
569,3733,"['FAr', 'FA']"
570,3734,"['Ar', 'FAr']"
571,3735,"['FAr', 'F']"
572,3736,"['FAr', 'F']"
573,3737,"['FA', 'FrL']"
574,3738,"['ArL', 'L']"
575,3739,"['FA', 'F']"
576,3740,"['Ar', 'F']"
577,3741,"['FAr', 'F']"
578,3742,"['FAr', 'Ar']"
579,3743,"['FAr', 'F']"
580,3744,"['FAr', 'F']"
581,3745,"['FAr', 'F']"
582,3746,"['FrL', 'FA']"
583,3747,"['FAr', 'F']"
584,3748,"['L', 'FrL']"
585,3749,"['FAr', 'F']"
586,3750,"['FAr', 'F']"
587,3751,"['FAr', 'F']"
588,3752,"['FAr', 'Ar']"
589,3753,"['F', 'FAr']"
590,3754,"['Ar', 'FAr']"
591,3755,"['L', 'FrL']"
592,3756,"['Ar', 'A']"
593,3757,"['F', 'FAr']"
594,3828,"['FAr', 'FAr']"
595,3830,"['FAr', 'FAr']"
596,3831,"['FAr', 'FAr']"
597,3922,"['FrL', 'FrL']"
598,3923,"['FAr', 'F']"
599,3924,"['Ar', 'FAr']"
600,3925,"['Ar', 'F']"
601,3926,"['FAr', 'F']"
602,3927,"['FAr', 'F']"
603,3928,"['Ar', 'FAr']"
604,3929,"['Ar', 'FAr']"
605,3930,"['FAr', 'F']"
606,3931,"['Ar', 'FA']"
607,3932,"['FrL', 'FA']"
608,3933,"['Ar', 'FAr']"
609,3934,"['FAr', 'Ar']"
610,3935,"['Ar', 'FAr']"
611,3936,"['Ar', 'FAr']"
612,3937,"['Ar', 'ArA']"
613,3938,"['Ar', 'F']"
614,3939,"['Ar', 'F']"
615,3940,"['FAr', 'F']"
616,3941,"['Ar', 'FAr']"
617,3942,"['F', 'FA']"
618,3943,"['Ar', 'FAr']"
619,3944,"['Ar', 'ArA']"
620,3946,"['FrL', 'F']"
621,3947,"['FA', 'F']"
622,4028,"['FAr', 'FAr']"
623,4029,"['FAr', 'FAr']"
624,4030,"['FAr', 'FAr']"
625,4031,"['FAr', 'FAr']"
626,4082,"['Ar', 'FAr']"
627,4083,"['FAr', 'Ar']"
628,4084,"['FAr', 'F']"
629,4085,"['FAr', 'F']"
630,4086,"['FAr', 'FA']"
631,4087,"['FAr', 'Ar']"
632,4088,"['FAr', 'F']"
633,4089,"['Ar', 'FAr']"
634,4090,"['FAr', 'F']"
635,4091,"['Ar', 'FAr']"
636,4092,"['FA', 'F']"
637,4093,"['FAr', 'F']"
638,4094,"['FAr', 'F']"
639,4112,"['FAr', 'FAr']"
640,4127,"['FAr', 'FAr']"
641,4129,"['FAr', 'FAr']"
642,4135,"['FAr', 'FAr']"
643,4136,"['FAr', 'FA']"
644,4137,"['FAr', 'FAr']"
645,4141,"['FAr', 'FAr', 'FAr']"
646,4144,"['FAr', 'FAr']"
647,4148,"['FAr', 'FAr']"
648,4149,"['Ar', 'Ar']"
649,4150,"['Ar', 'Ar']"
650,4151,"['F', 'FAr']"
651,4154,"['Ar', 'Ar']"
652,4155,"['Ar', 'Ar']"
653,4156,"['ArL', 'Ar']"
654,4157,"['Ar', 'Ar']"
655,4158,"['FrL', 'FAr', 'FAr']"
656,4159,"['Ar', 'Ar']"
657,4160,"['FAr', 'Ar']"
658,4161,"['Ar', 'Ar']"
659,4162,"['Ar', 'Ar']"
660,4163,"['Ar', 'Ar']"
661,4164,"['FAr', 'Ar']"
662,4165,"['Ar', 'Ar']"
663,4166,"['F', 'F']"
664,4167,"['Ar', 'Ar']"
665,4168,"['FAr', 'Ar']"
666,4169,"['Ar', 'Ar']"
667,4170,"['Ar', 'Ar']"
668,4171,"['Ar', 'Ar']"
669,4172,"['ArA', 'Ar']"
670,4173,"['FAr', 'FAr']"
671,4174,"['FAr', 'FAr']"
672,4175,"['Ar', 'Ar']"
673,4176,"['Ar', 'Ar']"
674,4177,"['Ar', 'Ar']"
675,4178,"['ArL', 'Ar']"
676,4179,"['Ar', 'Ar']"
677,4180,"['F', 'F']"
678,4181,"['AF', 'F']"
679,4182,"['FA', 'FA']"
680,4183,"['FAr', 'FAr', 'FAr']"
681,4186,"['FAr', 'FAr', 'FAr']"
682,4187,"['FAr', 'FAr', 'FAr']"
683,4188,"['FAr', 'FAr', 'FAr']"
684,4189,"['FAr', 'FAr', 'FAr']"
685,4190,"['FAr', 'FAr', 'FAr']"
686,4191,"['FAr', 'FAr', 'FAr']"
687,4192,"['FAr', 'FAr', 'FAr']"
688,4193,"['FAr', 'FAr', 'FAr']"
689,4194,"['FAr', 'FAr', 'FAr']"
690,4195,"['FAr', 'FAr', 'FAr']"
691,4197,"['FAr', 'FAr', 'FAr']"
692,4198,"['FAr', 'FAr', 'FAr']"
693,4199,"['FAr', 'FAr', 'FAr']"
694,4200,"['FAr', 'FAr', 'FAr']"
695,4201,"['FAr', 'FAr', 'FAr']"
696,4202,"['FAr', 'FAr', 'FAr']"
697,4203,"['FAr', 'FAr', 'FAr']"
698,4205,"['Ar', 'Ar']"
699,4206,"['Ar', 'Ar']"
700,4207,"['Ar', 'Ar']"
701,4208,"['Ar', 'Ar']"
702,4210,"['FAr', 'Ar']"
703,4211,"['FAr', 'FAr']"
704,4212,"['FAr', 'Ar']"
705,4214,"['Ar', 'ArL']"
706,4215,"['FAr', 'Ar']"
707,4216,"['Ar', 'Ar']"
708,4217,"['FAr', 'Ar']"
709,4218,"['Ar', 'Ar']"
710,4219,"['Ar', 'FrL']"
711,4221,"['FAr', 'FAr']"
712,4222,"['FAr', 'Ar']"
713,4223,"['FAr', 'FAr', 'FAr']"
714,4224,"['Ar', 'Ar']"
715,4225,"['Ar', 'Ar']"
716,4226,"['Ar', 'Ar']"
717,4227,"['Ar', 'Ar']"
718,4228,"['Ar', 'Ar']"
719,4229,"['FAr', 'Ar']"
720,4230,"['FAr', 'FAr']"
721,4231,"['Ar', 'Ar']"
722,4247,"['FAr', 'FAr', 'FA']"
723,4248,"['FAr', 'FAr', 'FAr']"
724,4249,"['FAr', 'FAr']"
725,4250,"['FAr', 'FAr']"
726,4253,"['ArL', 'Ar']"
727,4254,"['Ar', 'Ar']"
728,4255,"['Ar', 'Ar']"
729,4256,"['ArL', 'Ar']"
730,4259,"['Ar', 'Ar']"
731,4260,"['Ar', 'Ar']"
732,4261,"['FAr', 'FAr', 'FA']"
733,4262,"['Ar', 'Ar']"
734,4263,"['Ar', 'Ar']"
735,4264,"['Ar', 'Ar']"
736,4265,"['FAr', 'FAr']"
737,4266,"['ArL', 'Ar']"
738,4267,"['F', 'FAr']"
739,4268,"['Ar', 'Ar']"
740,4269,"['FAr', 'Ar']"
741,4270,"['FAr', 'FAr']"
742,4271,"['Ar', 'Ar']"
743,4272,"['Ar', 'Ar', 'Ar']"
744,4273,"['Ar', 'Ar']"
745,4274,"['Ar', 'Ar']"
746,4275,"['FAr', 'FAr']"
747,4276,"['Ar', 'Ar']"
748,4277,"['Ar', 'Ar']"
749,4278,"['Ar', 'Ar']"
750,4279,"['FAr', 'FAr', 'FA']"
751,4280,"['FAr', 'FAr', 'FAr']"
752,4281,"['FAr', 'FAr', 'FA']"
753,4282,"['FAr', 'FAr', 'FAr']"
754,4283,"['FAr', 'FAr', 'FA']"
755,4284,"['FAr', 'FAr', 'FA']"
756,4285,"['FAr', 'Ar', 'Ar']"
757,4286,"['FAr', 'FAr']"
758,4287,"['FAr', 'FAr', 'FA']"
759,4288,"['FAr', 'FAr']"
760,4289,"['FAr', 'FAr']"
761,4293,"['FAr', 'FAr', 'Ar']"
762,4294,"['Ar', 'Ar']"
763,4295,"['Ar', 'Ar']"
764,4296,"['Ar', 'Ar']"
765,4309,"['Ar', 'Ar']"
766,4310,"['ArL', 'F']"
767,4311,"['ArL', 'Ar']"
768,4312,"['FrL', 'F']"
769,4313,"['Ar', 'Ar']"
770,4314,"['Ar', 'Ar']"
771,4315,"['Ar', 'Ar']"
772,4316,"['Ar', 'Ar']"
773,4317,"['Ar', 'Ar']"
774,4318,"['Ar', 'Ar']"
775,4319,"['Ar', 'Ar']"
776,4320,"['Ar', 'Ar']"
777,4321,"['Ar', 'Ar']"
778,4322,"['Ar', 'Ar']"
779,4323,"['Ar', 'Ar']"
780,4324,"['FAr', 'Ar']"
781,4325,"['Ar', 'Ar']"
782,4326,"['FAr', 'Ar']"
783,4327,"['FAr', 'FAr']"
784,4328,"['FAr', 'FAr']"
785,4354,"['FAr', 'Ar']"
786,4355,"['Ar', 'Ar']"
787,4360,"['FAr', 'FAr']"
788,4361,"['Ar', 'Ar']"
789,4366,"['FAr', 'Ar']"
790,4367,"['Ar', 'Ar']"
791,4368,"['FAr', 'Ar', 'Ar']"
792,4369,"['FrL', 'ArL']"
793,4370,"['Ar', 'Ar']"
794,4371,"['Ar', 'Ar']"
795,4372,"['FAr', 'Ar']"
796,4376,"['FAr', 'Ar']"
797,4377,"['Ar', 'Ar']"
798,4378,"['AF', 'F']"
799,4379,"['FAr', 'FAr', 'Ar']"
800,4380,"['FAr', 'Ar']"
801,4381,"['ArL', 'Ar']"
802,4382,"['Ar', 'Ar']"
803,4432,"['FAr', 'Ar']"
